Unity Editor version:    2021.3.45f2 (88f88f591b2e)
Branch:                  2021.3/respin/2021.3.45f2-0da89fac8e
Build type:              Release
Batch mode:              YES
macOS version:           Version 15.2 (Build 24C101)
Darwin version:          24.2.0
Architecture:            x86_64
Running under Rosetta:   YES
Available memory:        16384 MB
Using pre-set license
Pro License: YES

COMMAND LINE ARGUMENTS:
/Applications/Unity/Hub/Editor/2021.3.45f2/Unity.app/Contents/MacOS/Unity
-adb2
-batchMode
-noUpm
-name
AssetImportWorker0
-projectPath
/Users/mobione/wkspaces/Technical
-logFile
Logs/AssetImportWorker0.log
-srvPort
64361
Successfully changed project path to: /Users/mobione/wkspaces/Technical
/Users/mobione/wkspaces/Technical
[UnityMemory] Configuration Parameters - Can be set up in boot.config
    "memorysetup-bucket-allocator-granularity=16"
    "memorysetup-bucket-allocator-bucket-count=8"
    "memorysetup-bucket-allocator-block-size=33554432"
    "memorysetup-bucket-allocator-block-count=8"
    "memorysetup-main-allocator-block-size=16777216"
    "memorysetup-thread-allocator-block-size=16777216"
    "memorysetup-gfx-main-allocator-block-size=16777216"
    "memorysetup-gfx-thread-allocator-block-size=16777216"
    "memorysetup-cache-allocator-block-size=4194304"
    "memorysetup-typetree-allocator-block-size=2097152"
    "memorysetup-profiler-bucket-allocator-granularity=16"
    "memorysetup-profiler-bucket-allocator-bucket-count=8"
    "memorysetup-profiler-bucket-allocator-block-size=33554432"
    "memorysetup-profiler-bucket-allocator-block-count=8"
    "memorysetup-profiler-allocator-block-size=16777216"
    "memorysetup-profiler-editor-allocator-block-size=1048576"
    "memorysetup-temp-allocator-size-main=16777216"
    "memorysetup-job-temp-allocator-block-size=2097152"
    "memorysetup-job-temp-allocator-block-size-background=1048576"
    "memorysetup-job-temp-allocator-reduction-small-platforms=262144"
    "memorysetup-temp-allocator-size-background-worker=32768"
    "memorysetup-temp-allocator-size-job-worker=262144"
    "memorysetup-temp-allocator-size-preload-manager=33554432"
    "memorysetup-temp-allocator-size-nav-mesh-worker=65536"
    "memorysetup-temp-allocator-size-audio-worker=65536"
    "memorysetup-temp-allocator-size-cloud-worker=32768"
    "memorysetup-temp-allocator-size-gi-baking-worker=262144"
    "memorysetup-temp-allocator-size-gfx=262144"
Player connection [8736350720] Host "[IP] 192.168.1.114 [Port] 0 [Flags] 2 [Guid] 196379198 [EditorId] 196379198 [Version] 1048832 [Id] OSXEditor(0,MOBIONEs-Mac-mini-3.local) [Debug] 1 [PackageName] OSXEditor [ProjectName] Editor" joined multi-casting on [225.0.0.222:54997]...

Player connection [8736350720] Host "[IP] 192.168.1.114 [Port] 0 [Flags] 2 [Guid] 196379198 [EditorId] 196379198 [Version] 1048832 [Id] OSXEditor(0,MOBIONEs-Mac-mini-3.local) [Debug] 1 [PackageName] OSXEditor [ProjectName] Editor" joined alternative multi-casting on [225.0.0.222:34997]...

[Physics::Module] Initialized MultithreadedJobDispatcher with {0} workers.
Refreshing native plugins compatible for Editor in 54.49 ms, found 3 plugins.
Preloading 0 native plugins for Editor in 0.00 ms.
Initialize engine version: 2021.3.45f2 (88f88f591b2e)
[Subsystems] Discovering subsystems at path /Applications/Unity/Hub/Editor/2021.3.45f2/Unity.app/Contents/Resources/UnitySubsystems
[Subsystems] Discovering subsystems at path /Users/mobione/wkspaces/Technical/Assets
GfxDevice: creating device client; threaded=0; jobified=0
 preferred device: Apple M4 (high power)
Metal devices available: 1
0: Apple M4 (high power)
Using device Apple M4 (high power)
Initializing Metal device caps: Apple M4
Initialize mono
Mono path[0] = '/Applications/Unity/Hub/Editor/2021.3.45f2/Unity.app/Contents/Managed'
Mono path[1] = '/Applications/Unity/Hub/Editor/2021.3.45f2/Unity.app/Contents/MonoBleedingEdge/lib/mono/unityjit-macos'
Mono config path = '/Applications/Unity/Hub/Editor/2021.3.45f2/Unity.app/Contents/MonoBleedingEdge/etc'
Using monoOptions --debugger-agent=transport=dt_socket,embedding=1,server=y,suspend=n,address=127.0.0.1:56381
Begin MonoManager ReloadAssembly
Registering precompiled unity dll's ...
Register platform support module: /Applications/Unity/Hub/Editor/2021.3.45f2/Unity.app/Contents/PlaybackEngines/MacStandaloneSupport/UnityEditor.OSXStandalone.Extensions.dll
Register platform support module: /Applications/Unity/Hub/Editor/2021.3.45f2/PlaybackEngines/AndroidPlayer/UnityEditor.Android.Extensions.dll
Registered in 0.001642 seconds.
Native extension for Android target not found
Android Extension - Scanning For ADB Devices 183 ms
Native extension for OSXStandalone target not found
Refreshing native plugins compatible for Editor in 36.81 ms, found 3 plugins.
Preloading 0 native plugins for Editor in 0.00 ms.
Mono: successfully reloaded assembly
- Completed reload, in  1.386 seconds
Domain Reload Profiling:
	ReloadAssembly (1387ms)
		BeginReloadAssembly (166ms)
			ExecutionOrderSort (0ms)
			DisableScriptedObjects (0ms)
			BackupInstance (0ms)
			ReleaseScriptingObjects (0ms)
			CreateAndSetChildDomain (2ms)
		EndReloadAssembly (1094ms)
			LoadAssemblies (164ms)
			RebuildTransferFunctionScriptingTraits (0ms)
			SetupTypeCache (78ms)
			ReleaseScriptCaches (0ms)
			RebuildScriptCaches (25ms)
			SetupLoadedEditorAssemblies (874ms)
				LogAssemblyErrors (0ms)
				InitializePlatformSupportModulesInManaged (425ms)
				SetLoadedEditorAssemblies (0ms)
				RefreshPlugins (37ms)
				BeforeProcessingInitializeOnLoad (3ms)
				ProcessInitializeOnLoadAttributes (281ms)
				ProcessInitializeOnLoadMethodAttributes (128ms)
				AfterProcessingInitializeOnLoad (0ms)
				EditorAssembliesLoaded (0ms)
			ExecutionOrderSort2 (0ms)
			AwakeInstancesAfterBackupRestoration (0ms)
Platform modules already initialized, skipping
Registering precompiled user dll's ...
Registered in 0.006291 seconds.
Assets/Packages/Microsoft.CodeAnalysis.Analyzers.3.11.0/rulesets already contains a ruleset file: Assets/Packages/Microsoft.CodeAnalysis.Analyzers.3.11.0/rulesets/AllRulesDisabled.ruleset. Assets/Packages/Microsoft.CodeAnalysis.Analyzers.3.11.0/rulesets/CorrectnessRulesDefault.ruleset will be ignored.
Assets/Packages/Microsoft.CodeAnalysis.Analyzers.3.11.0/rulesets already contains a ruleset file: Assets/Packages/Microsoft.CodeAnalysis.Analyzers.3.11.0/rulesets/AllRulesDisabled.ruleset. Assets/Packages/Microsoft.CodeAnalysis.Analyzers.3.11.0/rulesets/MicrosoftCodeAnalysisCompatibilityRulesEnabled.ruleset will be ignored.
Assets/Packages/Microsoft.CodeAnalysis.Analyzers.3.11.0/rulesets already contains a ruleset file: Assets/Packages/Microsoft.CodeAnalysis.Analyzers.3.11.0/rulesets/AllRulesDisabled.ruleset. Assets/Packages/Microsoft.CodeAnalysis.Analyzers.3.11.0/rulesets/LibraryRulesDefault.ruleset will be ignored.
Assets/Packages/Microsoft.CodeAnalysis.Analyzers.3.11.0/rulesets already contains a ruleset file: Assets/Packages/Microsoft.CodeAnalysis.Analyzers.3.11.0/rulesets/AllRulesDisabled.ruleset. Assets/Packages/Microsoft.CodeAnalysis.Analyzers.3.11.0/rulesets/MicrosoftCodeAnalysisPerformanceRulesDefault.ruleset will be ignored.
Assets/Packages/Microsoft.CodeAnalysis.Analyzers.3.11.0/rulesets already contains a ruleset file: Assets/Packages/Microsoft.CodeAnalysis.Analyzers.3.11.0/rulesets/AllRulesDisabled.ruleset. Assets/Packages/Microsoft.CodeAnalysis.Analyzers.3.11.0/rulesets/MicrosoftCodeAnalysisDesignRulesDefault.ruleset will be ignored.
Assets/Packages/Microsoft.CodeAnalysis.Analyzers.3.11.0/rulesets already contains a ruleset file: Assets/Packages/Microsoft.CodeAnalysis.Analyzers.3.11.0/rulesets/AllRulesDisabled.ruleset. Assets/Packages/Microsoft.CodeAnalysis.Analyzers.3.11.0/rulesets/MicrosoftCodeAnalysisLocalizationRulesEnabled.ruleset will be ignored.
Assets/Packages/Microsoft.CodeAnalysis.Analyzers.3.11.0/rulesets already contains a ruleset file: Assets/Packages/Microsoft.CodeAnalysis.Analyzers.3.11.0/rulesets/AllRulesDisabled.ruleset. Assets/Packages/Microsoft.CodeAnalysis.Analyzers.3.11.0/rulesets/PortedFromFxCopRulesDefault.ruleset will be ignored.
Assets/Packages/Microsoft.CodeAnalysis.Analyzers.3.11.0/rulesets already contains a ruleset file: Assets/Packages/Microsoft.CodeAnalysis.Analyzers.3.11.0/rulesets/AllRulesDisabled.ruleset. Assets/Packages/Microsoft.CodeAnalysis.Analyzers.3.11.0/rulesets/LibraryRulesEnabled.ruleset will be ignored.
Assets/Packages/Microsoft.CodeAnalysis.Analyzers.3.11.0/rulesets already contains a ruleset file: Assets/Packages/Microsoft.CodeAnalysis.Analyzers.3.11.0/rulesets/AllRulesDisabled.ruleset. Assets/Packages/Microsoft.CodeAnalysis.Analyzers.3.11.0/rulesets/MicrosoftCodeAnalysisDocumentationRulesEnabled.ruleset will be ignored.
Assets/Packages/Microsoft.CodeAnalysis.Analyzers.3.11.0/rulesets already contains a ruleset file: Assets/Packages/Microsoft.CodeAnalysis.Analyzers.3.11.0/rulesets/AllRulesDisabled.ruleset. Assets/Packages/Microsoft.CodeAnalysis.Analyzers.3.11.0/rulesets/MicrosoftCodeAnalysisCorrectnessRulesDefault.ruleset will be ignored.
Assets/Packages/Microsoft.CodeAnalysis.Analyzers.3.11.0/rulesets already contains a ruleset file: Assets/Packages/Microsoft.CodeAnalysis.Analyzers.3.11.0/rulesets/AllRulesDisabled.ruleset. Assets/Packages/Microsoft.CodeAnalysis.Analyzers.3.11.0/rulesets/DataflowRulesDefault.ruleset will be ignored.
Assets/Packages/Microsoft.CodeAnalysis.Analyzers.3.11.0/rulesets already contains a ruleset file: Assets/Packages/Microsoft.CodeAnalysis.Analyzers.3.11.0/rulesets/AllRulesDisabled.ruleset. Assets/Packages/Microsoft.CodeAnalysis.Analyzers.3.11.0/rulesets/CorrectnessRulesEnabled.ruleset will be ignored.
Assets/Packages/Microsoft.CodeAnalysis.Analyzers.3.11.0/rulesets already contains a ruleset file: Assets/Packages/Microsoft.CodeAnalysis.Analyzers.3.11.0/rulesets/AllRulesDisabled.ruleset. Assets/Packages/Microsoft.CodeAnalysis.Analyzers.3.11.0/rulesets/MicrosoftCodeAnalysisReleaseTrackingRulesDefault.ruleset will be ignored.
Assets/Packages/Microsoft.CodeAnalysis.Analyzers.3.11.0/rulesets already contains a ruleset file: Assets/Packages/Microsoft.CodeAnalysis.Analyzers.3.11.0/rulesets/AllRulesDisabled.ruleset. Assets/Packages/Microsoft.CodeAnalysis.Analyzers.3.11.0/rulesets/AllRulesEnabled.ruleset will be ignored.
Assets/Packages/Microsoft.CodeAnalysis.Analyzers.3.11.0/rulesets already contains a ruleset file: Assets/Packages/Microsoft.CodeAnalysis.Analyzers.3.11.0/rulesets/AllRulesDisabled.ruleset. Assets/Packages/Microsoft.CodeAnalysis.Analyzers.3.11.0/rulesets/AllRulesDefault.ruleset will be ignored.
Assets/Packages/Microsoft.CodeAnalysis.Analyzers.3.11.0/rulesets already contains a ruleset file: Assets/Packages/Microsoft.CodeAnalysis.Analyzers.3.11.0/rulesets/AllRulesDisabled.ruleset. Assets/Packages/Microsoft.CodeAnalysis.Analyzers.3.11.0/rulesets/MicrosoftCodeAnalysisCompatibilityRulesDefault.ruleset will be ignored.
Assets/Packages/Microsoft.CodeAnalysis.Analyzers.3.11.0/rulesets already contains a ruleset file: Assets/Packages/Microsoft.CodeAnalysis.Analyzers.3.11.0/rulesets/AllRulesDisabled.ruleset. Assets/Packages/Microsoft.CodeAnalysis.Analyzers.3.11.0/rulesets/PortedFromFxCopRulesEnabled.ruleset will be ignored.
Assets/Packages/Microsoft.CodeAnalysis.Analyzers.3.11.0/rulesets already contains a ruleset file: Assets/Packages/Microsoft.CodeAnalysis.Analyzers.3.11.0/rulesets/AllRulesDisabled.ruleset. Assets/Packages/Microsoft.CodeAnalysis.Analyzers.3.11.0/rulesets/MicrosoftCodeAnalysisDesignRulesEnabled.ruleset will be ignored.
Assets/Packages/Microsoft.CodeAnalysis.Analyzers.3.11.0/rulesets already contains a ruleset file: Assets/Packages/Microsoft.CodeAnalysis.Analyzers.3.11.0/rulesets/AllRulesDisabled.ruleset. Assets/Packages/Microsoft.CodeAnalysis.Analyzers.3.11.0/rulesets/MicrosoftCodeAnalysisPerformanceRulesEnabled.ruleset will be ignored.
Assets/Packages/Microsoft.CodeAnalysis.Analyzers.3.11.0/rulesets already contains a ruleset file: Assets/Packages/Microsoft.CodeAnalysis.Analyzers.3.11.0/rulesets/AllRulesDisabled.ruleset. Assets/Packages/Microsoft.CodeAnalysis.Analyzers.3.11.0/rulesets/DataflowRulesEnabled.ruleset will be ignored.
Assets/Packages/Microsoft.CodeAnalysis.Analyzers.3.11.0/rulesets already contains a ruleset file: Assets/Packages/Microsoft.CodeAnalysis.Analyzers.3.11.0/rulesets/AllRulesDisabled.ruleset. Assets/Packages/Microsoft.CodeAnalysis.Analyzers.3.11.0/rulesets/MicrosoftCodeAnalysisDocumentationRulesDefault.ruleset will be ignored.
Assets/Packages/Microsoft.CodeAnalysis.Analyzers.3.11.0/rulesets already contains a ruleset file: Assets/Packages/Microsoft.CodeAnalysis.Analyzers.3.11.0/rulesets/AllRulesDisabled.ruleset. Assets/Packages/Microsoft.CodeAnalysis.Analyzers.3.11.0/rulesets/MicrosoftCodeAnalysisLocalizationRulesDefault.ruleset will be ignored.
Assets/Packages/Microsoft.CodeAnalysis.Analyzers.3.11.0/rulesets already contains a ruleset file: Assets/Packages/Microsoft.CodeAnalysis.Analyzers.3.11.0/rulesets/AllRulesDisabled.ruleset. Assets/Packages/Microsoft.CodeAnalysis.Analyzers.3.11.0/rulesets/MicrosoftCodeAnalysisReleaseTrackingRulesEnabled.ruleset will be ignored.
Assets/Packages/Microsoft.CodeAnalysis.Analyzers.3.11.0/rulesets already contains a ruleset file: Assets/Packages/Microsoft.CodeAnalysis.Analyzers.3.11.0/rulesets/AllRulesDisabled.ruleset. Assets/Packages/Microsoft.CodeAnalysis.Analyzers.3.11.0/rulesets/MicrosoftCodeAnalysisCorrectnessRulesEnabled.ruleset will be ignored.
Assets/Packages/Microsoft.CodeAnalysis.Analyzers.3.11.0/buildTransitive/config already contains a globalconfig file: Assets/Packages/Microsoft.CodeAnalysis.Analyzers.3.11.0/buildTransitive/config/analysislevelmicrosoftcodeanalysisreleasetracking_3_3_minimum.globalconfig will be ignored.
Assets/Packages/Microsoft.CodeAnalysis.Analyzers.3.11.0/buildTransitive/config already contains a globalconfig file: Assets/Packages/Microsoft.CodeAnalysis.Analyzers.3.11.0/buildTransitive/config/analysislevel_3_3_default_warnaserror.globalconfig will be ignored.
Assets/Packages/Microsoft.CodeAnalysis.Analyzers.3.11.0/buildTransitive/config already contains a globalconfig file: Assets/Packages/Microsoft.CodeAnalysis.Analyzers.3.11.0/buildTransitive/config/analysislevelmicrosoftcodeanalysisdesign_3_3_recommended.globalconfig will be ignored.
Assets/Packages/Microsoft.CodeAnalysis.Analyzers.3.11.0/buildTransitive/config already contains a globalconfig file: Assets/Packages/Microsoft.CodeAnalysis.Analyzers.3.11.0/buildTransitive/config/analysislevelmicrosoftcodeanalysislocalization_3_3_3_default.globalconfig will be ignored.
Assets/Packages/Microsoft.CodeAnalysis.Analyzers.3.11.0/buildTransitive/config already contains a globalconfig file: Assets/Packages/Microsoft.CodeAnalysis.Analyzers.3.11.0/buildTransitive/config/analysislevellibrary_2_9_8_recommended.globalconfig will be ignored.
Assets/Packages/Microsoft.CodeAnalysis.Analyzers.3.11.0/buildTransitive/config already contains a globalconfig file: Assets/Packages/Microsoft.CodeAnalysis.Analyzers.3.11.0/buildTransitive/config/analysislevelmicrosoftcodeanalysisperformance_2_9_8_none_warnaserror.globalconfig will be ignored.
Assets/Packages/Microsoft.CodeAnalysis.Analyzers.3.11.0/buildTransitive/config already contains a globalconfig file: Assets/Packages/Microsoft.CodeAnalysis.Analyzers.3.11.0/buildTransitive/config/analysislevelmicrosoftcodeanalysisdocumentation_3_3_4_minimum.globalconfig will be ignored.
Assets/Packages/Microsoft.CodeAnalysis.Analyzers.3.11.0/buildTransitive/config already contains a globalconfig file: Assets/Packages/Microsoft.CodeAnalysis.Analyzers.3.11.0/buildTransitive/config/analysislevelmicrosoftcodeanalysisdocumentation_4_3_minimum.globalconfig will be ignored.
Assets/Packages/Microsoft.CodeAnalysis.Analyzers.3.11.0/buildTransitive/config already contains a globalconfig file: Assets/Packages/Microsoft.CodeAnalysis.Analyzers.3.11.0/buildTransitive/config/analysislevelmicrosoftcodeanalysisperformance_3_3_default.globalconfig will be ignored.
Assets/Packages/Microsoft.CodeAnalysis.Analyzers.3.11.0/buildTransitive/config already contains a globalconfig file: Assets/Packages/Microsoft.CodeAnalysis.Analyzers.3.11.0/buildTransitive/config/analysislevel_3_3_3_minimum_warnaserror.globalconfig will be ignored.
Assets/Packages/Microsoft.CodeAnalysis.Analyzers.3.11.0/buildTransitive/config already contains a globalconfig file: Assets/Packages/Microsoft.CodeAnalysis.Analyzers.3.11.0/buildTransitive/config/analysislevelmicrosoftcodeanalysisreleasetracking_4_3_all_warnaserror.globalconfig will be ignored.
Assets/Packages/Microsoft.CodeAnalysis.Analyzers.3.11.0/buildTransitive/config already contains a globalconfig file: Assets/Packages/Microsoft.CodeAnalysis.Analyzers.3.11.0/buildTransitive/config/analysislevelmicrosoftcodeanalysiscompatibility_3_3_3_recommended.globalconfig will be ignored.
Assets/Packages/Microsoft.CodeAnalysis.Analyzers.3.11.0/buildTransitive/config already contains a globalconfig file: Assets/Packages/Microsoft.CodeAnalysis.Analyzers.3.11.0/buildTransitive/config/analysislevelmicrosoftcodeanalysisperformance_3_3_recommended_warnaserror.globalconfig will be ignored.
Assets/Packages/Microsoft.CodeAnalysis.Analyzers.3.11.0/buildTransitive/config already contains a globalconfig file: Assets/Packages/Microsoft.CodeAnalysis.Analyzers.3.11.0/buildTransitive/config/analysislevelcorrectness_3_none_warnaserror.globalconfig will be ignored.
Assets/Packages/Microsoft.CodeAnalysis.Analyzers.3.11.0/buildTransitive/config already contains a globalconfig file: Assets/Packages/Microsoft.CodeAnalysis.Analyzers.3.11.0/buildTransitive/config/analysislevelcorrectness_3_3_all.globalconfig will be ignored.
Assets/Packages/Microsoft.CodeAnalysis.Analyzers.3.11.0/buildTransitive/config already contains a globalconfig file: Assets/Packages/Microsoft.CodeAnalysis.Analyzers.3.11.0/buildTransitive/config/analysislevelmicrosoftcodeanalysislocalization_2_9_8_all.globalconfig will be ignored.
Assets/Packages/Microsoft.CodeAnalysis.Analyzers.3.11.0/buildTransitive/config already contains a globalconfig file: Assets/Packages/Microsoft.CodeAnalysis.Analyzers.3.11.0/buildTransitive/config/analysislevellibrary_4_3_minimum.globalconfig will be ignored.
Assets/Packages/Microsoft.CodeAnalysis.Analyzers.3.11.0/buildTransitive/config already contains a globalconfig file: Assets/Packages/Microsoft.CodeAnalysis.Analyzers.3.11.0/buildTransitive/config/analysislevelmicrosoftcodeanalysiscompatibility_3_3_minimum_warnaserror.globalconfig will be ignored.
Assets/Packages/Microsoft.CodeAnalysis.Analyzers.3.11.0/buildTransitive/config already contains a globalconfig file: Assets/Packages/Microsoft.CodeAnalysis.Analyzers.3.11.0/buildTransitive/config/analysislevelmicrosoftcodeanalysiscompatibility_4_3_minimum_warnaserror.globalconfig will be ignored.
Assets/Packages/Microsoft.CodeAnalysis.Analyzers.3.11.0/buildTransitive/config already contains a globalconfig file: Assets/Packages/Microsoft.CodeAnalysis.Analyzers.3.11.0/buildTransitive/config/analysislevelmicrosoftcodeanalysisdesign_3_minimum.globalconfig will be ignored.
Assets/Packages/Microsoft.CodeAnalysis.Analyzers.3.11.0/buildTransitive/config already contains a globalconfig file: Assets/Packages/Microsoft.CodeAnalysis.Analyzers.3.11.0/buildTransitive/config/analysislevelmicrosoftcodeanalysisdocumentation_3_recommended_warnaserror.globalconfig will be ignored.
Assets/Packages/Microsoft.CodeAnalysis.Analyzers.3.11.0/buildTransitive/config already contains a globalconfig file: Assets/Packages/Microsoft.CodeAnalysis.Analyzers.3.11.0/buildTransitive/config/analysislevelmicrosoftcodeanalysiscorrectness_3_3_3_all_warnaserror.globalconfig will be ignored.
Assets/Packages/Microsoft.CodeAnalysis.Analyzers.3.11.0/buildTransitive/config already contains a globalconfig file: Assets/Packages/Microsoft.CodeAnalysis.Analyzers.3.11.0/buildTransitive/config/analysislevellibrary_4_3_all_warnaserror.globalconfig will be ignored.
Assets/Packages/Microsoft.CodeAnalysis.Analyzers.3.11.0/buildTransitive/config already contains a globalconfig file: Assets/Packages/Microsoft.CodeAnalysis.Analyzers.3.11.0/buildTransitive/config/analysislevelcorrectness_3_3_3_default.globalconfig will be ignored.
Assets/Packages/Microsoft.CodeAnalysis.Analyzers.3.11.0/buildTransitive/config already contains a globalconfig file: Assets/Packages/Microsoft.CodeAnalysis.Analyzers.3.11.0/buildTransitive/config/analysislevel_3_all.globalconfig will be ignored.
Assets/Packages/Microsoft.CodeAnalysis.Analyzers.3.11.0/buildTransitive/config already contains a globalconfig file: Assets/Packages/Microsoft.CodeAnalysis.Analyzers.3.11.0/buildTransitive/config/analysislevelmicrosoftcodeanalysisdesign_3_recommended.globalconfig will be ignored.
Assets/Packages/Microsoft.CodeAnalysis.Analyzers.3.11.0/buildTransitive/config already contains a globalconfig file: Assets/Packages/Microsoft.CodeAnalysis.Analyzers.3.11.0/buildTransitive/config/analysislevelmicrosoftcodeanalysisdesign_3_3_4_default.globalconfig will be ignored.
Assets/Packages/Microsoft.CodeAnalysis.Analyzers.3.11.0/buildTransitive/config already contains a globalconfig file: Assets/Packages/Microsoft.CodeAnalysis.Analyzers.3.11.0/buildTransitive/config/analysislevelmicrosoftcodeanalysiscorrectness_3_3_recommended.globalconfig will be ignored.
Assets/Packages/Microsoft.CodeAnalysis.Analyzers.3.11.0/buildTransitive/config already contains a globalconfig file: Assets/Packages/Microsoft.CodeAnalysis.Analyzers.3.11.0/buildTransitive/config/analysislevelmicrosoftcodeanalysisdesign_3_3_4_all.globalconfig will be ignored.
Assets/Packages/Microsoft.CodeAnalysis.Analyzers.3.11.0/buildTransitive/config already contains a globalconfig file: Assets/Packages/Microsoft.CodeAnalysis.Analyzers.3.11.0/buildTransitive/config/analysislevelmicrosoftcodeanalysiscorrectness_3_recommended.globalconfig will be ignored.
Assets/Packages/Microsoft.CodeAnalysis.Analyzers.3.11.0/buildTransitive/config already contains a globalconfig file: Assets/Packages/Microsoft.CodeAnalysis.Analyzers.3.11.0/buildTransitive/config/analysislevelmicrosoftcodeanalysisreleasetracking_3_default.globalconfig will be ignored.
Assets/Packages/Microsoft.CodeAnalysis.Analyzers.3.11.0/buildTransitive/config already contains a globalconfig file: Assets/Packages/Microsoft.CodeAnalysis.Analyzers.3.11.0/buildTransitive/config/analysislevelcorrectness_3_3_3_all.globalconfig will be ignored.
Assets/Packages/Microsoft.CodeAnalysis.Analyzers.3.11.0/buildTransitive/config already contains a globalconfig file: Assets/Packages/Microsoft.CodeAnalysis.Analyzers.3.11.0/buildTransitive/config/analysislevelmicrosoftcodeanalysisdesign_3_3_3_minimum_warnaserror.globalconfig will be ignored.
Assets/Packages/Microsoft.CodeAnalysis.Analyzers.3.11.0/buildTransitive/config already contains a globalconfig file: Assets/Packages/Microsoft.CodeAnalysis.Analyzers.3.11.0/buildTransitive/config/analysislevelmicrosoftcodeanalysislocalization_3_3_4_default_warnaserror.globalconfig will be ignored.
Assets/Packages/Microsoft.CodeAnalysis.Analyzers.3.11.0/buildTransitive/config already contains a globalconfig file: Assets/Packages/Microsoft.CodeAnalysis.Analyzers.3.11.0/buildTransitive/config/analysislevel_3_3_3_minimum.globalconfig will be ignored.
Assets/Packages/Microsoft.CodeAnalysis.Analyzers.3.11.0/buildTransitive/config already contains a globalconfig file: Assets/Packages/Microsoft.CodeAnalysis.Analyzers.3.11.0/buildTransitive/config/analysislevelmicrosoftcodeanalysiscorrectness_2_9_8_default.globalconfig will be ignored.
Assets/Packages/Microsoft.CodeAnalysis.Analyzers.3.11.0/buildTransitive/config already contains a globalconfig file: Assets/Packages/Microsoft.CodeAnalysis.Analyzers.3.11.0/buildTransitive/config/analysislevel_3_3_minimum.globalconfig will be ignored.
Assets/Packages/Microsoft.CodeAnalysis.Analyzers.3.11.0/buildTransitive/config already contains a globalconfig file: Assets/Packages/Microsoft.CodeAnalysis.Analyzers.3.11.0/buildTransitive/config/analysislevelmicrosoftcodeanalysiscompatibility_3_3_3_none.globalconfig will be ignored.
Assets/Packages/Microsoft.CodeAnalysis.Analyzers.3.11.0/buildTransitive/config already contains a globalconfig file: Assets/Packages/Microsoft.CodeAnalysis.Analyzers.3.11.0/buildTransitive/config/analysislevelmicrosoftcodeanalysisperformance_3_3_4_all.globalconfig will be ignored.
Assets/Packages/Microsoft.CodeAnalysis.Analyzers.3.11.0/buildTransitive/config already contains a globalconfig file: Assets/Packages/Microsoft.CodeAnalysis.Analyzers.3.11.0/buildTransitive/config/analysislevelmicrosoftcodeanalysiscompatibility_4_3_recommended.globalconfig will be ignored.
Assets/Packages/Microsoft.CodeAnalysis.Analyzers.3.11.0/buildTransitive/config already contains a globalconfig file: Assets/Packages/Microsoft.CodeAnalysis.Analyzers.3.11.0/buildTransitive/config/analysislevelmicrosoftcodeanalysiscompatibility_3_3_4_none.globalconfig will be ignored.
Assets/Packages/Microsoft.CodeAnalysis.Analyzers.3.11.0/buildTransitive/config already contains a globalconfig file: Assets/Packages/Microsoft.CodeAnalysis.Analyzers.3.11.0/buildTransitive/config/analysislevelmicrosoftcodeanalysisperformance_4_3_minimum_warnaserror.globalconfig will be ignored.
Assets/Packages/Microsoft.CodeAnalysis.Analyzers.3.11.0/buildTransitive/config already contains a globalconfig file: Assets/Packages/Microsoft.CodeAnalysis.Analyzers.3.11.0/buildTransitive/config/analysislevelmicrosoftcodeanalysiscompatibility_3_3_4_all_warnaserror.globalconfig will be ignored.
Assets/Packages/Microsoft.CodeAnalysis.Analyzers.3.11.0/buildTransitive/config already contains a globalconfig file: Assets/Packages/Microsoft.CodeAnalysis.Analyzers.3.11.0/buildTransitive/config/analysislevellibrary_3_3_3_all.globalconfig will be ignored.
Assets/Packages/Microsoft.CodeAnalysis.Analyzers.3.11.0/buildTransitive/config already contains a globalconfig file: Assets/Packages/Microsoft.CodeAnalysis.Analyzers.3.11.0/buildTransitive/config/analysislevel_3_none.globalconfig will be ignored.
Assets/Packages/Microsoft.CodeAnalysis.Analyzers.3.11.0/buildTransitive/config already contains a globalconfig file: Assets/Packages/Microsoft.CodeAnalysis.Analyzers.3.11.0/buildTransitive/config/analysislevelmicrosoftcodeanalysisperformance_3_3_3_default.globalconfig will be ignored.
Assets/Packages/Microsoft.CodeAnalysis.Analyzers.3.11.0/buildTransitive/config already contains a globalconfig file: Assets/Packages/Microsoft.CodeAnalysis.Analyzers.3.11.0/buildTransitive/config/analysislevel_2_9_8_default.globalconfig will be ignored.
Assets/Packages/Microsoft.CodeAnalysis.Analyzers.3.11.0/buildTransitive/config already contains a globalconfig file: Assets/Packages/Microsoft.CodeAnalysis.Analyzers.3.11.0/buildTransitive/config/analysislevelmicrosoftcodeanalysiscompatibility_3_all.globalconfig will be ignored.
Assets/Packages/Microsoft.CodeAnalysis.Analyzers.3.11.0/buildTransitive/config already contains a globalconfig file: Assets/Packages/Microsoft.CodeAnalysis.Analyzers.3.11.0/buildTransitive/config/analysislevelmicrosoftcodeanalysislocalization_3_3_3_recommended_warnaserror.globalconfig will be ignored.
Assets/Packages/Microsoft.CodeAnalysis.Analyzers.3.11.0/buildTransitive/config already contains a globalconfig file: Assets/Packages/Microsoft.CodeAnalysis.Analyzers.3.11.0/buildTransitive/config/analysislevelmicrosoftcodeanalysisdesign_2_9_8_none_warnaserror.globalconfig will be ignored.
Assets/Packages/Microsoft.CodeAnalysis.Analyzers.3.11.0/buildTransitive/config already contains a globalconfig file: Assets/Packages/Microsoft.CodeAnalysis.Analyzers.3.11.0/buildTransitive/config/analysislevelmicrosoftcodeanalysisdesign_3_3_default.globalconfig will be ignored.
Assets/Packages/Microsoft.CodeAnalysis.Analyzers.3.11.0/buildTransitive/config already contains a globalconfig file: Assets/Packages/Microsoft.CodeAnalysis.Analyzers.3.11.0/buildTransitive/config/analysislevelmicrosoftcodeanalysisperformance_3_3_4_default.globalconfig will be ignored.
Assets/Packages/Microsoft.CodeAnalysis.Analyzers.3.11.0/buildTransitive/config already contains a globalconfig file: Assets/Packages/Microsoft.CodeAnalysis.Analyzers.3.11.0/buildTransitive/config/analysislevelmicrosoftcodeanalysisreleasetracking_2_9_8_all_warnaserror.globalconfig will be ignored.
Assets/Packages/Microsoft.CodeAnalysis.Analyzers.3.11.0/buildTransitive/config already contains a globalconfig file: Assets/Packages/Microsoft.CodeAnalysis.Analyzers.3.11.0/buildTransitive/config/analysislevelmicrosoftcodeanalysisperformance_3_3_3_all.globalconfig will be ignored.
Assets/Packages/Microsoft.CodeAnalysis.Analyzers.3.11.0/buildTransitive/config already contains a globalconfig file: Assets/Packages/Microsoft.CodeAnalysis.Analyzers.3.11.0/buildTransitive/config/analysislevelmicrosoftcodeanalysisdesign_2_9_8_recommended_warnaserror.globalconfig will be ignored.
Assets/Packages/Microsoft.CodeAnalysis.Analyzers.3.11.0/buildTransitive/config already contains a globalconfig file: Assets/Packages/Microsoft.CodeAnalysis.Analyzers.3.11.0/buildTransitive/config/analysislevelmicrosoftcodeanalysisperformance_3_3_none_warnaserror.globalconfig will be ignored.
Assets/Packages/Microsoft.CodeAnalysis.Analyzers.3.11.0/buildTransitive/config already contains a globalconfig file: Assets/Packages/Microsoft.CodeAnalysis.Analyzers.3.11.0/buildTransitive/config/analysislevelmicrosoftcodeanalysisdocumentation_3_3_4_recommended.globalconfig will be ignored.
Assets/Packages/Microsoft.CodeAnalysis.Analyzers.3.11.0/buildTransitive/config already contains a globalconfig file: Assets/Packages/Microsoft.CodeAnalysis.Analyzers.3.11.0/buildTransitive/config/analysislevelmicrosoftcodeanalysisreleasetracking_3_3_3_recommended.globalconfig will be ignored.
Assets/Packages/Microsoft.CodeAnalysis.Analyzers.3.11.0/buildTransitive/config already contains a globalconfig file: Assets/Packages/Microsoft.CodeAnalysis.Analyzers.3.11.0/buildTransitive/config/analysislevelmicrosoftcodeanalysisperformance_3_3_all.globalconfig will be ignored.
Assets/Packages/Microsoft.CodeAnalysis.Analyzers.3.11.0/buildTransitive/config already contains a globalconfig file: Assets/Packages/Microsoft.CodeAnalysis.Analyzers.3.11.0/buildTransitive/config/analysislevelmicrosoftcodeanalysiscorrectness_3_3_default.globalconfig will be ignored.
Assets/Packages/Microsoft.CodeAnalysis.Analyzers.3.11.0/buildTransitive/config already contains a globalconfig file: Assets/Packages/Microsoft.CodeAnalysis.Analyzers.3.11.0/buildTransitive/config/analysislevel_3_3_4_none_warnaserror.globalconfig will be ignored.
Assets/Packages/Microsoft.CodeAnalysis.Analyzers.3.11.0/buildTransitive/config already contains a globalconfig file: Assets/Packages/Microsoft.CodeAnalysis.Analyzers.3.11.0/buildTransitive/config/analysislevelmicrosoftcodeanalysisdocumentation_3_3_3_minimum.globalconfig will be ignored.
Assets/Packages/Microsoft.CodeAnalysis.Analyzers.3.11.0/buildTransitive/config already contains a globalconfig file: Assets/Packages/Microsoft.CodeAnalysis.Analyzers.3.11.0/buildTransitive/config/analysislevelmicrosoftcodeanalysislocalization_3_3_minimum_warnaserror.globalconfig will be ignored.
Assets/Packages/Microsoft.CodeAnalysis.Analyzers.3.11.0/buildTransitive/config already contains a globalconfig file: Assets/Packages/Microsoft.CodeAnalysis.Analyzers.3.11.0/buildTransitive/config/analysislevelcorrectness_3_3_4_minimum_warnaserror.globalconfig will be ignored.
Assets/Packages/Microsoft.CodeAnalysis.Analyzers.3.11.0/buildTransitive/config already contains a globalconfig file: Assets/Packages/Microsoft.CodeAnalysis.Analyzers.3.11.0/buildTransitive/config/analysislevelmicrosoftcodeanalysisreleasetracking_3_3_4_recommended_warnaserror.globalconfig will be ignored.
Assets/Packages/Microsoft.CodeAnalysis.Analyzers.3.11.0/buildTransitive/config already contains a globalconfig file: Assets/Packages/Microsoft.CodeAnalysis.Analyzers.3.11.0/buildTransitive/config/analysislevel_4_3_all_warnaserror.globalconfig will be ignored.
Assets/Packages/Microsoft.CodeAnalysis.Analyzers.3.11.0/buildTransitive/config already contains a globalconfig file: Assets/Packages/Microsoft.CodeAnalysis.Analyzers.3.11.0/buildTransitive/config/analysislevelmicrosoftcodeanalysisdocumentation_3_3_4_all.globalconfig will be ignored.
Assets/Packages/Microsoft.CodeAnalysis.Analyzers.3.11.0/buildTransitive/config already contains a globalconfig file: Assets/Packages/Microsoft.CodeAnalysis.Analyzers.3.11.0/buildTransitive/config/analysislevelmicrosoftcodeanalysislocalization_3_3_4_default.globalconfig will be ignored.
Assets/Packages/Microsoft.CodeAnalysis.Analyzers.3.11.0/buildTransitive/config already contains a globalconfig file: Assets/Packages/Microsoft.CodeAnalysis.Analyzers.3.11.0/buildTransitive/config/analysislevelmicrosoftcodeanalysisreleasetracking_3_3_3_all_warnaserror.globalconfig will be ignored.
Assets/Packages/Microsoft.CodeAnalysis.Analyzers.3.11.0/buildTransitive/config already contains a globalconfig file: Assets/Packages/Microsoft.CodeAnalysis.Analyzers.3.11.0/buildTransitive/config/analysislevelmicrosoftcodeanalysisdesign_3_all_warnaserror.globalconfig will be ignored.
Assets/Packages/Microsoft.CodeAnalysis.Analyzers.3.11.0/buildTransitive/config already contains a globalconfig file: Assets/Packages/Microsoft.CodeAnalysis.Analyzers.3.11.0/buildTransitive/config/analysislevelmicrosoftcodeanalysislocalization_4_3_minimum_warnaserror.globalconfig will be ignored.
Assets/Packages/Microsoft.CodeAnalysis.Analyzers.3.11.0/buildTransitive/config already contains a globalconfig file: Assets/Packages/Microsoft.CodeAnalysis.Analyzers.3.11.0/buildTransitive/config/analysislevelmicrosoftcodeanalysiscompatibility_4_3_none.globalconfig will be ignored.
Assets/Packages/Microsoft.CodeAnalysis.Analyzers.3.11.0/buildTransitive/config already contains a globalconfig file: Assets/Packages/Microsoft.CodeAnalysis.Analyzers.3.11.0/buildTransitive/config/analysislevelmicrosoftcodeanalysislocalization_3_3_3_minimum_warnaserror.globalconfig will be ignored.
Assets/Packages/Microsoft.CodeAnalysis.Analyzers.3.11.0/buildTransitive/config already contains a globalconfig file: Assets/Packages/Microsoft.CodeAnalysis.Analyzers.3.11.0/buildTransitive/config/analysislevelmicrosoftcodeanalysiscorrectness_3_3_4_all.globalconfig will be ignored.
Assets/Packages/Microsoft.CodeAnalysis.Analyzers.3.11.0/buildTransitive/config already contains a globalconfig file: Assets/Packages/Microsoft.CodeAnalysis.Analyzers.3.11.0/buildTransitive/config/analysislevelmicrosoftcodeanalysisperformance_2_9_8_recommended_warnaserror.globalconfig will be ignored.
Assets/Packages/Microsoft.CodeAnalysis.Analyzers.3.11.0/buildTransitive/config already contains a globalconfig file: Assets/Packages/Microsoft.CodeAnalysis.Analyzers.3.11.0/buildTransitive/config/analysislevelmicrosoftcodeanalysisdocumentation_3_3_3_none_warnaserror.globalconfig will be ignored.
Assets/Packages/Microsoft.CodeAnalysis.Analyzers.3.11.0/buildTransitive/config already contains a globalconfig file: Assets/Packages/Microsoft.CodeAnalysis.Analyzers.3.11.0/buildTransitive/config/analysislevelcorrectness_3_3_default_warnaserror.globalconfig will be ignored.
Assets/Packages/Microsoft.CodeAnalysis.Analyzers.3.11.0/buildTransitive/config already contains a globalconfig file: Assets/Packages/Microsoft.CodeAnalysis.Analyzers.3.11.0/buildTransitive/config/analysislevelcorrectness_3_3_3_recommended_warnaserror.globalconfig will be ignored.
Assets/Packages/Microsoft.CodeAnalysis.Analyzers.3.11.0/buildTransitive/config already contains a globalconfig file: Assets/Packages/Microsoft.CodeAnalysis.Analyzers.3.11.0/buildTransitive/config/analysislevelmicrosoftcodeanalysisperformance_3_3_3_none_warnaserror.globalconfig will be ignored.
Assets/Packages/Microsoft.CodeAnalysis.Analyzers.3.11.0/buildTransitive/config already contains a globalconfig file: Assets/Packages/Microsoft.CodeAnalysis.Analyzers.3.11.0/buildTransitive/config/analysislevellibrary_3_3_4_all.globalconfig will be ignored.
Assets/Packages/Microsoft.CodeAnalysis.Analyzers.3.11.0/buildTransitive/config already contains a globalconfig file: Assets/Packages/Microsoft.CodeAnalysis.Analyzers.3.11.0/buildTransitive/config/analysislevelmicrosoftcodeanalysiscorrectness_3_3_4_all_warnaserror.globalconfig will be ignored.
Assets/Packages/Microsoft.CodeAnalysis.Analyzers.3.11.0/buildTransitive/config already contains a globalconfig file: Assets/Packages/Microsoft.CodeAnalysis.Analyzers.3.11.0/buildTransitive/config/analysislevelmicrosoftcodeanalysislocalization_4_3_all.globalconfig will be ignored.
Assets/Packages/Microsoft.CodeAnalysis.Analyzers.3.11.0/buildTransitive/config already contains a globalconfig file: Assets/Packages/Microsoft.CodeAnalysis.Analyzers.3.11.0/buildTransitive/config/analysislevelmicrosoftcodeanalysisreleasetracking_3_3_none.globalconfig will be ignored.
Assets/Packages/Microsoft.CodeAnalysis.Analyzers.3.11.0/buildTransitive/config already contains a globalconfig file: Assets/Packages/Microsoft.CodeAnalysis.Analyzers.3.11.0/buildTransitive/config/analysislevelmicrosoftcodeanalysisdocumentation_3_recommended.globalconfig will be ignored.
Assets/Packages/Microsoft.CodeAnalysis.Analyzers.3.11.0/buildTransitive/config already contains a globalconfig file: Assets/Packages/Microsoft.CodeAnalysis.Analyzers.3.11.0/buildTransitive/config/analysislevelmicrosoftcodeanalysiscompatibility_3_3_4_minimum_warnaserror.globalconfig will be ignored.
Assets/Packages/Microsoft.CodeAnalysis.Analyzers.3.11.0/buildTransitive/config already contains a globalconfig file: Assets/Packages/Microsoft.CodeAnalysis.Analyzers.3.11.0/buildTransitive/config/analysislevelmicrosoftcodeanalysisreleasetracking_3_3_all.globalconfig will be ignored.
Assets/Packages/Microsoft.CodeAnalysis.Analyzers.3.11.0/buildTransitive/config already contains a globalconfig file: Assets/Packages/Microsoft.CodeAnalysis.Analyzers.3.11.0/buildTransitive/config/analysislevelcorrectness_3_minimum.globalconfig will be ignored.
Assets/Packages/Microsoft.CodeAnalysis.Analyzers.3.11.0/buildTransitive/config already contains a globalconfig file: Assets/Packages/Microsoft.CodeAnalysis.Analyzers.3.11.0/buildTransitive/config/analysislevellibrary_3_3_4_none_warnaserror.globalconfig will be ignored.
Assets/Packages/Microsoft.CodeAnalysis.Analyzers.3.11.0/buildTransitive/config already contains a globalconfig file: Assets/Packages/Microsoft.CodeAnalysis.Analyzers.3.11.0/buildTransitive/config/analysislevellibrary_3_default_warnaserror.globalconfig will be ignored.
Assets/Packages/Microsoft.CodeAnalysis.Analyzers.3.11.0/buildTransitive/config already contains a globalconfig file: Assets/Packages/Microsoft.CodeAnalysis.Analyzers.3.11.0/buildTransitive/config/analysislevelmicrosoftcodeanalysisperformance_3_recommended.globalconfig will be ignored.
Assets/Packages/Microsoft.CodeAnalysis.Analyzers.3.11.0/buildTransitive/config already contains a globalconfig file: Assets/Packages/Microsoft.CodeAnalysis.Analyzers.3.11.0/buildTransitive/config/analysislevellibrary_3_3_all.globalconfig will be ignored.
Assets/Packages/Microsoft.CodeAnalysis.Analyzers.3.11.0/buildTransitive/config already contains a globalconfig file: Assets/Packages/Microsoft.CodeAnalysis.Analyzers.3.11.0/buildTransitive/config/analysislevellibrary_3_3_4_minimum.globalconfig will be ignored.
Assets/Packages/Microsoft.CodeAnalysis.Analyzers.3.11.0/buildTransitive/config already contains a globalconfig file: Assets/Packages/Microsoft.CodeAnalysis.Analyzers.3.11.0/buildTransitive/config/analysislevelmicrosoftcodeanalysisdesign_3_minimum_warnaserror.globalconfig will be ignored.
Assets/Packages/Microsoft.CodeAnalysis.Analyzers.3.11.0/buildTransitive/config already contains a globalconfig file: Assets/Packages/Microsoft.CodeAnalysis.Analyzers.3.11.0/buildTransitive/config/analysislevelmicrosoftcodeanalysislocalization_3_3_4_minimum.globalconfig will be ignored.
Assets/Packages/Microsoft.CodeAnalysis.Analyzers.3.11.0/buildTransitive/config already contains a globalconfig file: Assets/Packages/Microsoft.CodeAnalysis.Analyzers.3.11.0/buildTransitive/config/analysislevelcorrectness_2_9_8_minimum_warnaserror.globalconfig will be ignored.
Assets/Packages/Microsoft.CodeAnalysis.Analyzers.3.11.0/buildTransitive/config already contains a globalconfig file: Assets/Packages/Microsoft.CodeAnalysis.Analyzers.3.11.0/buildTransitive/config/analysislevellibrary_4_3_none.globalconfig will be ignored.
Assets/Packages/Microsoft.CodeAnalysis.Analyzers.3.11.0/buildTransitive/config already contains a globalconfig file: Assets/Packages/Microsoft.CodeAnalysis.Analyzers.3.11.0/buildTransitive/config/analysislevellibrary_3_recommended_warnaserror.globalconfig will be ignored.
Assets/Packages/Microsoft.CodeAnalysis.Analyzers.3.11.0/buildTransitive/config already contains a globalconfig file: Assets/Packages/Microsoft.CodeAnalysis.Analyzers.3.11.0/buildTransitive/config/analysislevelmicrosoftcodeanalysiscorrectness_2_9_8_minimum.globalconfig will be ignored.
Assets/Packages/Microsoft.CodeAnalysis.Analyzers.3.11.0/buildTransitive/config already contains a globalconfig file: Assets/Packages/Microsoft.CodeAnalysis.Analyzers.3.11.0/buildTransitive/config/analysislevelmicrosoftcodeanalysiscompatibility_2_9_8_recommended.globalconfig will be ignored.
Assets/Packages/Microsoft.CodeAnalysis.Analyzers.3.11.0/buildTransitive/config already contains a globalconfig file: Assets/Packages/Microsoft.CodeAnalysis.Analyzers.3.11.0/buildTransitive/config/analysislevelmicrosoftcodeanalysislocalization_4_3_recommended.globalconfig will be ignored.
Assets/Packages/Microsoft.CodeAnalysis.Analyzers.3.11.0/buildTransitive/config already contains a globalconfig file: Assets/Packages/Microsoft.CodeAnalysis.Analyzers.3.11.0/buildTransitive/config/analysislevelmicrosoftcodeanalysislocalization_2_9_8_none.globalconfig will be ignored.
Assets/Packages/Microsoft.CodeAnalysis.Analyzers.3.11.0/buildTransitive/config already contains a globalconfig file: Assets/Packages/Microsoft.CodeAnalysis.Analyzers.3.11.0/buildTransitive/config/analysislevel_3_3_4_default.globalconfig will be ignored.
Assets/Packages/Microsoft.CodeAnalysis.Analyzers.3.11.0/buildTransitive/config already contains a globalconfig file: Assets/Packages/Microsoft.CodeAnalysis.Analyzers.3.11.0/buildTransitive/config/analysislevelmicrosoftcodeanalysisreleasetracking_3_recommended_warnaserror.globalconfig will be ignored.
Assets/Packages/Microsoft.CodeAnalysis.Analyzers.3.11.0/buildTransitive/config already contains a globalconfig file: Assets/Packages/Microsoft.CodeAnalysis.Analyzers.3.11.0/buildTransitive/config/analysislevelmicrosoftcodeanalysisperformance_4_3_default.globalconfig will be ignored.
Assets/Packages/Microsoft.CodeAnalysis.Analyzers.3.11.0/buildTransitive/config already contains a globalconfig file: Assets/Packages/Microsoft.CodeAnalysis.Analyzers.3.11.0/buildTransitive/config/analysislevelmicrosoftcodeanalysisdesign_3_3_4_default_warnaserror.globalconfig will be ignored.
Assets/Packages/Microsoft.CodeAnalysis.Analyzers.3.11.0/buildTransitive/config already contains a globalconfig file: Assets/Packages/Microsoft.CodeAnalysis.Analyzers.3.11.0/buildTransitive/config/analysislevelmicrosoftcodeanalysisdesign_3_3_3_recommended_warnaserror.globalconfig will be ignored.
Assets/Packages/Microsoft.CodeAnalysis.Analyzers.3.11.0/buildTransitive/config already contains a globalconfig file: Assets/Packages/Microsoft.CodeAnalysis.Analyzers.3.11.0/buildTransitive/config/analysislevelmicrosoftcodeanalysisdocumentation_4_3_recommended.globalconfig will be ignored.
Assets/Packages/Microsoft.CodeAnalysis.Analyzers.3.11.0/buildTransitive/config already contains a globalconfig file: Assets/Packages/Microsoft.CodeAnalysis.Analyzers.3.11.0/buildTransitive/config/analysislevelmicrosoftcodeanalysisdesign_2_9_8_default.globalconfig will be ignored.
Assets/Packages/Microsoft.CodeAnalysis.Analyzers.3.11.0/buildTransitive/config already contains a globalconfig file: Assets/Packages/Microsoft.CodeAnalysis.Analyzers.3.11.0/buildTransitive/config/analysislevellibrary_4_3_recommended.globalconfig will be ignored.
Assets/Packages/Microsoft.CodeAnalysis.Analyzers.3.11.0/buildTransitive/config already contains a globalconfig file: Assets/Packages/Microsoft.CodeAnalysis.Analyzers.3.11.0/buildTransitive/config/analysislevelmicrosoftcodeanalysisdesign_2_9_8_none.globalconfig will be ignored.
Assets/Packages/Microsoft.CodeAnalysis.Analyzers.3.11.0/buildTransitive/config already contains a globalconfig file: Assets/Packages/Microsoft.CodeAnalysis.Analyzers.3.11.0/buildTransitive/config/analysislevel_3_3_3_default.globalconfig will be ignored.
Assets/Packages/Microsoft.CodeAnalysis.Analyzers.3.11.0/buildTransitive/config already contains a globalconfig file: Assets/Packages/Microsoft.CodeAnalysis.Analyzers.3.11.0/buildTransitive/config/analysislevelmicrosoftcodeanalysisreleasetracking_3_3_4_default.globalconfig will be ignored.
Assets/Packages/Microsoft.CodeAnalysis.Analyzers.3.11.0/buildTransitive/config already contains a globalconfig file: Assets/Packages/Microsoft.CodeAnalysis.Analyzers.3.11.0/buildTransitive/config/analysislevelmicrosoftcodeanalysisdesign_3_3_3_default_warnaserror.globalconfig will be ignored.
Assets/Packages/Microsoft.CodeAnalysis.Analyzers.3.11.0/buildTransitive/config already contains a globalconfig file: Assets/Packages/Microsoft.CodeAnalysis.Analyzers.3.11.0/buildTransitive/config/analysislevelmicrosoftcodeanalysisperformance_4_3_recommended_warnaserror.globalconfig will be ignored.
Assets/Packages/Microsoft.CodeAnalysis.Analyzers.3.11.0/buildTransitive/config already contains a globalconfig file: Assets/Packages/Microsoft.CodeAnalysis.Analyzers.3.11.0/buildTransitive/config/analysislevelcorrectness_3_3_4_recommended.globalconfig will be ignored.
Assets/Packages/Microsoft.CodeAnalysis.Analyzers.3.11.0/buildTransitive/config already contains a globalconfig file: Assets/Packages/Microsoft.CodeAnalysis.Analyzers.3.11.0/buildTransitive/config/analysislevelmicrosoftcodeanalysisperformance_2_9_8_default_warnaserror.globalconfig will be ignored.
Assets/Packages/Microsoft.CodeAnalysis.Analyzers.3.11.0/buildTransitive/config already contains a globalconfig file: Assets/Packages/Microsoft.CodeAnalysis.Analyzers.3.11.0/buildTransitive/config/analysislevelmicrosoftcodeanalysisdocumentation_3_3_recommended.globalconfig will be ignored.
Assets/Packages/Microsoft.CodeAnalysis.Analyzers.3.11.0/buildTransitive/config already contains a globalconfig file: Assets/Packages/Microsoft.CodeAnalysis.Analyzers.3.11.0/buildTransitive/config/analysislevellibrary_2_9_8_none.globalconfig will be ignored.
Assets/Packages/Microsoft.CodeAnalysis.Analyzers.3.11.0/buildTransitive/config already contains a globalconfig file: Assets/Packages/Microsoft.CodeAnalysis.Analyzers.3.11.0/buildTransitive/config/analysislevelmicrosoftcodeanalysisdesign_3_3_4_all_warnaserror.globalconfig will be ignored.
Assets/Packages/Microsoft.CodeAnalysis.Analyzers.3.11.0/buildTransitive/config already contains a globalconfig file: Assets/Packages/Microsoft.CodeAnalysis.Analyzers.3.11.0/buildTransitive/config/analysislevelmicrosoftcodeanalysisreleasetracking_4_3_all.globalconfig will be ignored.
Assets/Packages/Microsoft.CodeAnalysis.Analyzers.3.11.0/buildTransitive/config already contains a globalconfig file: Assets/Packages/Microsoft.CodeAnalysis.Analyzers.3.11.0/buildTransitive/config/analysislevelmicrosoftcodeanalysislocalization_2_9_8_recommended.globalconfig will be ignored.
Assets/Packages/Microsoft.CodeAnalysis.Analyzers.3.11.0/buildTransitive/config already contains a globalconfig file: Assets/Packages/Microsoft.CodeAnalysis.Analyzers.3.11.0/buildTransitive/config/analysislevelmicrosoftcodeanalysislocalization_3_3_4_none.globalconfig will be ignored.
Assets/Packages/Microsoft.CodeAnalysis.Analyzers.3.11.0/buildTransitive/config already contains a globalconfig file: Assets/Packages/Microsoft.CodeAnalysis.Analyzers.3.11.0/buildTransitive/config/analysislevelmicrosoftcodeanalysisdocumentation_2_9_8_none.globalconfig will be ignored.
Assets/Packages/Microsoft.CodeAnalysis.Analyzers.3.11.0/buildTransitive/config already contains a globalconfig file: Assets/Packages/Microsoft.CodeAnalysis.Analyzers.3.11.0/buildTransitive/config/analysislevelmicrosoftcodeanalysisdesign_4_3_all.globalconfig will be ignored.
Assets/Packages/Microsoft.CodeAnalysis.Analyzers.3.11.0/buildTransitive/config already contains a globalconfig file: Assets/Packages/Microsoft.CodeAnalysis.Analyzers.3.11.0/buildTransitive/config/analysislevelmicrosoftcodeanalysiscorrectness_3_all_warnaserror.globalconfig will be ignored.
Assets/Packages/Microsoft.CodeAnalysis.Analyzers.3.11.0/buildTransitive/config already contains a globalconfig file: Assets/Packages/Microsoft.CodeAnalysis.Analyzers.3.11.0/buildTransitive/config/analysislevelmicrosoftcodeanalysiscorrectness_3_all.globalconfig will be ignored.
Assets/Packages/Microsoft.CodeAnalysis.Analyzers.3.11.0/buildTransitive/config already contains a globalconfig file: Assets/Packages/Microsoft.CodeAnalysis.Analyzers.3.11.0/buildTransitive/config/analysislevelmicrosoftcodeanalysiscorrectness_3_3_3_none.globalconfig will be ignored.
Assets/Packages/Microsoft.CodeAnalysis.Analyzers.3.11.0/buildTransitive/config already contains a globalconfig file: Assets/Packages/Microsoft.CodeAnalysis.Analyzers.3.11.0/buildTransitive/config/analysislevelmicrosoftcodeanalysiscompatibility_3_3_4_none_warnaserror.globalconfig will be ignored.
Assets/Packages/Microsoft.CodeAnalysis.Analyzers.3.11.0/buildTransitive/config already contains a globalconfig file: Assets/Packages/Microsoft.CodeAnalysis.Analyzers.3.11.0/buildTransitive/config/analysislevelmicrosoftcodeanalysislocalization_3_recommended_warnaserror.globalconfig will be ignored.
Assets/Packages/Microsoft.CodeAnalysis.Analyzers.3.11.0/buildTransitive/config already contains a globalconfig file: Assets/Packages/Microsoft.CodeAnalysis.Analyzers.3.11.0/buildTransitive/config/analysislevelmicrosoftcodeanalysislocalization_3_3_4_recommended_warnaserror.globalconfig will be ignored.
Assets/Packages/Microsoft.CodeAnalysis.Analyzers.3.11.0/buildTransitive/config already contains a globalconfig file: Assets/Packages/Microsoft.CodeAnalysis.Analyzers.3.11.0/buildTransitive/config/analysislevelmicrosoftcodeanalysisreleasetracking_3_3_4_none.globalconfig will be ignored.
Assets/Packages/Microsoft.CodeAnalysis.Analyzers.3.11.0/buildTransitive/config already contains a globalconfig file: Assets/Packages/Microsoft.CodeAnalysis.Analyzers.3.11.0/buildTransitive/config/analysislevel_3_3_4_all.globalconfig will be ignored.
Assets/Packages/Microsoft.CodeAnalysis.Analyzers.3.11.0/buildTransitive/config already contains a globalconfig file: Assets/Packages/Microsoft.CodeAnalysis.Analyzers.3.11.0/buildTransitive/config/analysislevellibrary_3_none.globalconfig will be ignored.
Assets/Packages/Microsoft.CodeAnalysis.Analyzers.3.11.0/buildTransitive/config already contains a globalconfig file: Assets/Packages/Microsoft.CodeAnalysis.Analyzers.3.11.0/buildTransitive/config/analysislevelmicrosoftcodeanalysisperformance_3_recommended_warnaserror.globalconfig will be ignored.
Assets/Packages/Microsoft.CodeAnalysis.Analyzers.3.11.0/buildTransitive/config already contains a globalconfig file: Assets/Packages/Microsoft.CodeAnalysis.Analyzers.3.11.0/buildTransitive/config/analysislevelmicrosoftcodeanalysisdocumentation_3_3_minimum.globalconfig will be ignored.
Assets/Packages/Microsoft.CodeAnalysis.Analyzers.3.11.0/buildTransitive/config already contains a globalconfig file: Assets/Packages/Microsoft.CodeAnalysis.Analyzers.3.11.0/buildTransitive/config/analysislevelmicrosoftcodeanalysisdocumentation_2_9_8_none_warnaserror.globalconfig will be ignored.
Assets/Packages/Microsoft.CodeAnalysis.Analyzers.3.11.0/buildTransitive/config already contains a globalconfig file: Assets/Packages/Microsoft.CodeAnalysis.Analyzers.3.11.0/buildTransitive/config/analysislevel_3_3_recommended.globalconfig will be ignored.
Assets/Packages/Microsoft.CodeAnalysis.Analyzers.3.11.0/buildTransitive/config already contains a globalconfig file: Assets/Packages/Microsoft.CodeAnalysis.Analyzers.3.11.0/buildTransitive/config/analysislevelcorrectness_3_3_4_all_warnaserror.globalconfig will be ignored.
Assets/Packages/Microsoft.CodeAnalysis.Analyzers.3.11.0/buildTransitive/config already contains a globalconfig file: Assets/Packages/Microsoft.CodeAnalysis.Analyzers.3.11.0/buildTransitive/config/analysislevelmicrosoftcodeanalysisperformance_4_3_recommended.globalconfig will be ignored.
Assets/Packages/Microsoft.CodeAnalysis.Analyzers.3.11.0/buildTransitive/config already contains a globalconfig file: Assets/Packages/Microsoft.CodeAnalysis.Analyzers.3.11.0/buildTransitive/config/analysislevelmicrosoftcodeanalysiscompatibility_3_3_3_default_warnaserror.globalconfig will be ignored.
Assets/Packages/Microsoft.CodeAnalysis.Analyzers.3.11.0/buildTransitive/config already contains a globalconfig file: Assets/Packages/Microsoft.CodeAnalysis.Analyzers.3.11.0/buildTransitive/config/analysislevelmicrosoftcodeanalysisreleasetracking_3_3_recommended_warnaserror.globalconfig will be ignored.
Assets/Packages/Microsoft.CodeAnalysis.Analyzers.3.11.0/buildTransitive/config already contains a globalconfig file: Assets/Packages/Microsoft.CodeAnalysis.Analyzers.3.11.0/buildTransitive/config/analysislevelmicrosoftcodeanalysiscorrectness_4_3_minimum.globalconfig will be ignored.
Assets/Packages/Microsoft.CodeAnalysis.Analyzers.3.11.0/buildTransitive/config already contains a globalconfig file: Assets/Packages/Microsoft.CodeAnalysis.Analyzers.3.11.0/buildTransitive/config/analysislevelmicrosoftcodeanalysiscompatibility_3_3_none_warnaserror.globalconfig will be ignored.
Assets/Packages/Microsoft.CodeAnalysis.Analyzers.3.11.0/buildTransitive/config already contains a globalconfig file: Assets/Packages/Microsoft.CodeAnalysis.Analyzers.3.11.0/buildTransitive/config/analysislevellibrary_3_3_minimum_warnaserror.globalconfig will be ignored.
Assets/Packages/Microsoft.CodeAnalysis.Analyzers.3.11.0/buildTransitive/config already contains a globalconfig file: Assets/Packages/Microsoft.CodeAnalysis.Analyzers.3.11.0/buildTransitive/config/analysislevel_2_9_8_recommended_warnaserror.globalconfig will be ignored.
Assets/Packages/Microsoft.CodeAnalysis.Analyzers.3.11.0/buildTransitive/config already contains a globalconfig file: Assets/Packages/Microsoft.CodeAnalysis.Analyzers.3.11.0/buildTransitive/config/analysislevel_3_3_4_default_warnaserror.globalconfig will be ignored.
Assets/Packages/Microsoft.CodeAnalysis.Analyzers.3.11.0/buildTransitive/config already contains a globalconfig file: Assets/Packages/Microsoft.CodeAnalysis.Analyzers.3.11.0/buildTransitive/config/analysislevelmicrosoftcodeanalysisdocumentation_2_9_8_minimum.globalconfig will be ignored.
Assets/Packages/Microsoft.CodeAnalysis.Analyzers.3.11.0/buildTransitive/config already contains a globalconfig file: Assets/Packages/Microsoft.CodeAnalysis.Analyzers.3.11.0/buildTransitive/config/analysislevelmicrosoftcodeanalysiscompatibility_3_recommended_warnaserror.globalconfig will be ignored.
Assets/Packages/Microsoft.CodeAnalysis.Analyzers.3.11.0/buildTransitive/config already contains a globalconfig file: Assets/Packages/Microsoft.CodeAnalysis.Analyzers.3.11.0/buildTransitive/config/analysislevelcorrectness_4_3_minimum_warnaserror.globalconfig will be ignored.
Assets/Packages/Microsoft.CodeAnalysis.Analyzers.3.11.0/buildTransitive/config already contains a globalconfig file: Assets/Packages/Microsoft.CodeAnalysis.Analyzers.3.11.0/buildTransitive/config/analysislevellibrary_4_3_default.globalconfig will be ignored.
Assets/Packages/Microsoft.CodeAnalysis.Analyzers.3.11.0/buildTransitive/config already contains a globalconfig file: Assets/Packages/Microsoft.CodeAnalysis.Analyzers.3.11.0/buildTransitive/config/analysislevelmicrosoftcodeanalysiscompatibility_2_9_8_default.globalconfig will be ignored.
Assets/Packages/Microsoft.CodeAnalysis.Analyzers.3.11.0/buildTransitive/config already contains a globalconfig file: Assets/Packages/Microsoft.CodeAnalysis.Analyzers.3.11.0/buildTransitive/config/analysislevelmicrosoftcodeanalysiscorrectness_3_3_default_warnaserror.globalconfig will be ignored.
Assets/Packages/Microsoft.CodeAnalysis.Analyzers.3.11.0/buildTransitive/config already contains a globalconfig file: Assets/Packages/Microsoft.CodeAnalysis.Analyzers.3.11.0/buildTransitive/config/analysislevelmicrosoftcodeanalysisperformance_4_3_all.globalconfig will be ignored.
Assets/Packages/Microsoft.CodeAnalysis.Analyzers.3.11.0/buildTransitive/config already contains a globalconfig file: Assets/Packages/Microsoft.CodeAnalysis.Analyzers.3.11.0/buildTransitive/config/analysislevelmicrosoftcodeanalysiscompatibility_2_9_8_recommended_warnaserror.globalconfig will be ignored.
Assets/Packages/Microsoft.CodeAnalysis.Analyzers.3.11.0/buildTransitive/config already contains a globalconfig file: Assets/Packages/Microsoft.CodeAnalysis.Analyzers.3.11.0/buildTransitive/config/analysislevelmicrosoftcodeanalysiscompatibility_4_3_default.globalconfig will be ignored.
Assets/Packages/Microsoft.CodeAnalysis.Analyzers.3.11.0/buildTransitive/config already contains a globalconfig file: Assets/Packages/Microsoft.CodeAnalysis.Analyzers.3.11.0/buildTransitive/config/analysislevelmicrosoftcodeanalysisperformance_4_3_minimum.globalconfig will be ignored.
Assets/Packages/Microsoft.CodeAnalysis.Analyzers.3.11.0/buildTransitive/config already contains a globalconfig file: Assets/Packages/Microsoft.CodeAnalysis.Analyzers.3.11.0/buildTransitive/config/analysislevelmicrosoftcodeanalysislocalization_3_3_3_minimum.globalconfig will be ignored.
Assets/Packages/Microsoft.CodeAnalysis.Analyzers.3.11.0/buildTransitive/config already contains a globalconfig file: Assets/Packages/Microsoft.CodeAnalysis.Analyzers.3.11.0/buildTransitive/config/analysislevellibrary_3_minimum.globalconfig will be ignored.
Assets/Packages/Microsoft.CodeAnalysis.Analyzers.3.11.0/buildTransitive/config already contains a globalconfig file: Assets/Packages/Microsoft.CodeAnalysis.Analyzers.3.11.0/buildTransitive/config/analysislevelmicrosoftcodeanalysislocalization_4_3_all_warnaserror.globalconfig will be ignored.
Assets/Packages/Microsoft.CodeAnalysis.Analyzers.3.11.0/buildTransitive/config already contains a globalconfig file: Assets/Packages/Microsoft.CodeAnalysis.Analyzers.3.11.0/buildTransitive/config/analysislevelmicrosoftcodeanalysiscompatibility_2_9_8_minimum_warnaserror.globalconfig will be ignored.
Assets/Packages/Microsoft.CodeAnalysis.Analyzers.3.11.0/buildTransitive/config already contains a globalconfig file: Assets/Packages/Microsoft.CodeAnalysis.Analyzers.3.11.0/buildTransitive/config/analysislevel_3_3_none_warnaserror.globalconfig will be ignored.
Assets/Packages/Microsoft.CodeAnalysis.Analyzers.3.11.0/buildTransitive/config already contains a globalconfig file: Assets/Packages/Microsoft.CodeAnalysis.Analyzers.3.11.0/buildTransitive/config/analysislevelmicrosoftcodeanalysisperformance_3_minimum.globalconfig will be ignored.
Assets/Packages/Microsoft.CodeAnalysis.Analyzers.3.11.0/buildTransitive/config already contains a globalconfig file: Assets/Packages/Microsoft.CodeAnalysis.Analyzers.3.11.0/buildTransitive/config/analysislevelmicrosoftcodeanalysisdocumentation_4_3_none.globalconfig will be ignored.
Assets/Packages/Microsoft.CodeAnalysis.Analyzers.3.11.0/buildTransitive/config already contains a globalconfig file: Assets/Packages/Microsoft.CodeAnalysis.Analyzers.3.11.0/buildTransitive/config/analysislevelmicrosoftcodeanalysiscorrectness_3_3_4_recommended_warnaserror.globalconfig will be ignored.
Assets/Packages/Microsoft.CodeAnalysis.Analyzers.3.11.0/buildTransitive/config already contains a globalconfig file: Assets/Packages/Microsoft.CodeAnalysis.Analyzers.3.11.0/buildTransitive/config/analysislevelmicrosoftcodeanalysisreleasetracking_3_3_4_recommended.globalconfig will be ignored.
Assets/Packages/Microsoft.CodeAnalysis.Analyzers.3.11.0/buildTransitive/config already contains a globalconfig file: Assets/Packages/Microsoft.CodeAnalysis.Analyzers.3.11.0/buildTransitive/config/analysislevel_3_3_3_recommended.globalconfig will be ignored.
Assets/Packages/Microsoft.CodeAnalysis.Analyzers.3.11.0/buildTransitive/config already contains a globalconfig file: Assets/Packages/Microsoft.CodeAnalysis.Analyzers.3.11.0/buildTransitive/config/analysislevellibrary_3_3_4_all_warnaserror.globalconfig will be ignored.
Assets/Packages/Microsoft.CodeAnalysis.Analyzers.3.11.0/buildTransitive/config already contains a globalconfig file: Assets/Packages/Microsoft.CodeAnalysis.Analyzers.3.11.0/buildTransitive/config/analysislevellibrary_2_9_8_default.globalconfig will be ignored.
Assets/Packages/Microsoft.CodeAnalysis.Analyzers.3.11.0/buildTransitive/config already contains a globalconfig file: Assets/Packages/Microsoft.CodeAnalysis.Analyzers.3.11.0/buildTransitive/config/analysislevelcorrectness_3_none.globalconfig will be ignored.
Assets/Packages/Microsoft.CodeAnalysis.Analyzers.3.11.0/buildTransitive/config already contains a globalconfig file: Assets/Packages/Microsoft.CodeAnalysis.Analyzers.3.11.0/buildTransitive/config/analysislevelmicrosoftcodeanalysislocalization_3_3_4_all.globalconfig will be ignored.
Assets/Packages/Microsoft.CodeAnalysis.Analyzers.3.11.0/buildTransitive/config already contains a globalconfig file: Assets/Packages/Microsoft.CodeAnalysis.Analyzers.3.11.0/buildTransitive/config/analysislevelcorrectness_3_3_3_default_warnaserror.globalconfig will be ignored.
Assets/Packages/Microsoft.CodeAnalysis.Analyzers.3.11.0/buildTransitive/config already contains a globalconfig file: Assets/Packages/Microsoft.CodeAnalysis.Analyzers.3.11.0/buildTransitive/config/analysislevelmicrosoftcodeanalysisdesign_3_3_3_recommended.globalconfig will be ignored.
Assets/Packages/Microsoft.CodeAnalysis.Analyzers.3.11.0/buildTransitive/config already contains a globalconfig file: Assets/Packages/Microsoft.CodeAnalysis.Analyzers.3.11.0/buildTransitive/config/analysislevelmicrosoftcodeanalysisdocumentation_3_3_4_none_warnaserror.globalconfig will be ignored.
Assets/Packages/Microsoft.CodeAnalysis.Analyzers.3.11.0/buildTransitive/config already contains a globalconfig file: Assets/Packages/Microsoft.CodeAnalysis.Analyzers.3.11.0/buildTransitive/config/analysislevelmicrosoftcodeanalysisperformance_2_9_8_all_warnaserror.globalconfig will be ignored.
Assets/Packages/Microsoft.CodeAnalysis.Analyzers.3.11.0/buildTransitive/config already contains a globalconfig file: Assets/Packages/Microsoft.CodeAnalysis.Analyzers.3.11.0/buildTransitive/config/analysislevelmicrosoftcodeanalysisdocumentation_3_3_none_warnaserror.globalconfig will be ignored.
Assets/Packages/Microsoft.CodeAnalysis.Analyzers.3.11.0/buildTransitive/config already contains a globalconfig file: Assets/Packages/Microsoft.CodeAnalysis.Analyzers.3.11.0/buildTransitive/config/analysislevelcorrectness_4_3_default_warnaserror.globalconfig will be ignored.
Assets/Packages/Microsoft.CodeAnalysis.Analyzers.3.11.0/buildTransitive/config already contains a globalconfig file: Assets/Packages/Microsoft.CodeAnalysis.Analyzers.3.11.0/buildTransitive/config/analysislevelmicrosoftcodeanalysislocalization_3_3_3_none.globalconfig will be ignored.
Assets/Packages/Microsoft.CodeAnalysis.Analyzers.3.11.0/buildTransitive/config already contains a globalconfig file: Assets/Packages/Microsoft.CodeAnalysis.Analyzers.3.11.0/buildTransitive/config/analysislevel_3_none_warnaserror.globalconfig will be ignored.
Assets/Packages/Microsoft.CodeAnalysis.Analyzers.3.11.0/buildTransitive/config already contains a globalconfig file: Assets/Packages/Microsoft.CodeAnalysis.Analyzers.3.11.0/buildTransitive/config/analysislevelmicrosoftcodeanalysisreleasetracking_3_3_minimum_warnaserror.globalconfig will be ignored.
Assets/Packages/Microsoft.CodeAnalysis.Analyzers.3.11.0/buildTransitive/config already contains a globalconfig file: Assets/Packages/Microsoft.CodeAnalysis.Analyzers.3.11.0/buildTransitive/config/analysislevellibrary_4_3_all.globalconfig will be ignored.
Assets/Packages/Microsoft.CodeAnalysis.Analyzers.3.11.0/buildTransitive/config already contains a globalconfig file: Assets/Packages/Microsoft.CodeAnalysis.Analyzers.3.11.0/buildTransitive/config/analysislevelmicrosoftcodeanalysisdocumentation_2_9_8_recommended_warnaserror.globalconfig will be ignored.
Assets/Packages/Microsoft.CodeAnalysis.Analyzers.3.11.0/buildTransitive/config already contains a globalconfig file: Assets/Packages/Microsoft.CodeAnalysis.Analyzers.3.11.0/buildTransitive/config/analysislevelmicrosoftcodeanalysisperformance_3_3_3_all_warnaserror.globalconfig will be ignored.
Assets/Packages/Microsoft.CodeAnalysis.Analyzers.3.11.0/buildTransitive/config already contains a globalconfig file: Assets/Packages/Microsoft.CodeAnalysis.Analyzers.3.11.0/buildTransitive/config/analysislevelmicrosoftcodeanalysiscompatibility_3_all_warnaserror.globalconfig will be ignored.
Assets/Packages/Microsoft.CodeAnalysis.Analyzers.3.11.0/buildTransitive/config already contains a globalconfig file: Assets/Packages/Microsoft.CodeAnalysis.Analyzers.3.11.0/buildTransitive/config/analysislevelmicrosoftcodeanalysisperformance_3_3_4_minimum.globalconfig will be ignored.
Assets/Packages/Microsoft.CodeAnalysis.Analyzers.3.11.0/buildTransitive/config already contains a globalconfig file: Assets/Packages/Microsoft.CodeAnalysis.Analyzers.3.11.0/buildTransitive/config/analysislevellibrary_3_3_none_warnaserror.globalconfig will be ignored.
Assets/Packages/Microsoft.CodeAnalysis.Analyzers.3.11.0/buildTransitive/config already contains a globalconfig file: Assets/Packages/Microsoft.CodeAnalysis.Analyzers.3.11.0/buildTransitive/config/analysislevelmicrosoftcodeanalysiscorrectness_3_3_3_minimum.globalconfig will be ignored.
Assets/Packages/Microsoft.CodeAnalysis.Analyzers.3.11.0/buildTransitive/config already contains a globalconfig file: Assets/Packages/Microsoft.CodeAnalysis.Analyzers.3.11.0/buildTransitive/config/analysislevelcorrectness_2_9_8_all.globalconfig will be ignored.
Assets/Packages/Microsoft.CodeAnalysis.Analyzers.3.11.0/buildTransitive/config already contains a globalconfig file: Assets/Packages/Microsoft.CodeAnalysis.Analyzers.3.11.0/buildTransitive/config/analysislevelmicrosoftcodeanalysiscorrectness_3_none_warnaserror.globalconfig will be ignored.
Assets/Packages/Microsoft.CodeAnalysis.Analyzers.3.11.0/buildTransitive/config already contains a globalconfig file: Assets/Packages/Microsoft.CodeAnalysis.Analyzers.3.11.0/buildTransitive/config/analysislevelmicrosoftcodeanalysisdesign_2_9_8_minimum_warnaserror.globalconfig will be ignored.
Assets/Packages/Microsoft.CodeAnalysis.Analyzers.3.11.0/buildTransitive/config already contains a globalconfig file: Assets/Packages/Microsoft.CodeAnalysis.Analyzers.3.11.0/buildTransitive/config/analysislevelmicrosoftcodeanalysislocalization_2_9_8_none_warnaserror.globalconfig will be ignored.
Assets/Packages/Microsoft.CodeAnalysis.Analyzers.3.11.0/buildTransitive/config already contains a globalconfig file: Assets/Packages/Microsoft.CodeAnalysis.Analyzers.3.11.0/buildTransitive/config/analysislevellibrary_3_3_3_default_warnaserror.globalconfig will be ignored.
Assets/Packages/Microsoft.CodeAnalysis.Analyzers.3.11.0/buildTransitive/config already contains a globalconfig file: Assets/Packages/Microsoft.CodeAnalysis.Analyzers.3.11.0/buildTransitive/config/analysislevelmicrosoftcodeanalysisdocumentation_3_minimum_warnaserror.globalconfig will be ignored.
Assets/Packages/Microsoft.CodeAnalysis.Analyzers.3.11.0/buildTransitive/config already contains a globalconfig file: Assets/Packages/Microsoft.CodeAnalysis.Analyzers.3.11.0/buildTransitive/config/analysislevelcorrectness_3_3_3_recommended.globalconfig will be ignored.
Assets/Packages/Microsoft.CodeAnalysis.Analyzers.3.11.0/buildTransitive/config already contains a globalconfig file: Assets/Packages/Microsoft.CodeAnalysis.Analyzers.3.11.0/buildTransitive/config/analysislevelmicrosoftcodeanalysislocalization_3_3_none_warnaserror.globalconfig will be ignored.
Assets/Packages/Microsoft.CodeAnalysis.Analyzers.3.11.0/buildTransitive/config already contains a globalconfig file: Assets/Packages/Microsoft.CodeAnalysis.Analyzers.3.11.0/buildTransitive/config/analysislevelmicrosoftcodeanalysislocalization_2_9_8_recommended_warnaserror.globalconfig will be ignored.
Assets/Packages/Microsoft.CodeAnalysis.Analyzers.3.11.0/buildTransitive/config already contains a globalconfig file: Assets/Packages/Microsoft.CodeAnalysis.Analyzers.3.11.0/buildTransitive/config/analysislevelmicrosoftcodeanalysislocalization_3_3_none.globalconfig will be ignored.
Assets/Packages/Microsoft.CodeAnalysis.Analyzers.3.11.0/buildTransitive/config already contains a globalconfig file: Assets/Packages/Microsoft.CodeAnalysis.Analyzers.3.11.0/buildTransitive/config/analysislevelmicrosoftcodeanalysiscorrectness_3_default.globalconfig will be ignored.
Assets/Packages/Microsoft.CodeAnalysis.Analyzers.3.11.0/buildTransitive/config already contains a globalconfig file: Assets/Packages/Microsoft.CodeAnalysis.Analyzers.3.11.0/buildTransitive/config/analysislevelmicrosoftcodeanalysiscompatibility_4_3_minimum.globalconfig will be ignored.
Assets/Packages/Microsoft.CodeAnalysis.Analyzers.3.11.0/buildTransitive/config already contains a globalconfig file: Assets/Packages/Microsoft.CodeAnalysis.Analyzers.3.11.0/buildTransitive/config/analysislevelmicrosoftcodeanalysisreleasetracking_3_3_3_none.globalconfig will be ignored.
Assets/Packages/Microsoft.CodeAnalysis.Analyzers.3.11.0/buildTransitive/config already contains a globalconfig file: Assets/Packages/Microsoft.CodeAnalysis.Analyzers.3.11.0/buildTransitive/config/analysislevellibrary_3_none_warnaserror.globalconfig will be ignored.
Assets/Packages/Microsoft.CodeAnalysis.Analyzers.3.11.0/buildTransitive/config already contains a globalconfig file: Assets/Packages/Microsoft.CodeAnalysis.Analyzers.3.11.0/buildTransitive/config/analysislevel_3_recommended_warnaserror.globalconfig will be ignored.
Assets/Packages/Microsoft.CodeAnalysis.Analyzers.3.11.0/buildTransitive/config already contains a globalconfig file: Assets/Packages/Microsoft.CodeAnalysis.Analyzers.3.11.0/buildTransitive/config/analysislevelmicrosoftcodeanalysiscompatibility_3_3_3_recommended_warnaserror.globalconfig will be ignored.
Assets/Packages/Microsoft.CodeAnalysis.Analyzers.3.11.0/buildTransitive/config already contains a globalconfig file: Assets/Packages/Microsoft.CodeAnalysis.Analyzers.3.11.0/buildTransitive/config/analysislevelmicrosoftcodeanalysislocalization_3_3_default_warnaserror.globalconfig will be ignored.
Assets/Packages/Microsoft.CodeAnalysis.Analyzers.3.11.0/buildTransitive/config already contains a globalconfig file: Assets/Packages/Microsoft.CodeAnalysis.Analyzers.3.11.0/buildTransitive/config/analysislevelmicrosoftcodeanalysisreleasetracking_3_3_3_minimum_warnaserror.globalconfig will be ignored.
Assets/Packages/Microsoft.CodeAnalysis.Analyzers.3.11.0/buildTransitive/config already contains a globalconfig file: Assets/Packages/Microsoft.CodeAnalysis.Analyzers.3.11.0/buildTransitive/config/analysislevelmicrosoftcodeanalysiscorrectness_2_9_8_all.globalconfig will be ignored.
Assets/Packages/Microsoft.CodeAnalysis.Analyzers.3.11.0/buildTransitive/config already contains a globalconfig file: Assets/Packages/Microsoft.CodeAnalysis.Analyzers.3.11.0/buildTransitive/config/analysislevelmicrosoftcodeanalysisperformance_3_3_all_warnaserror.globalconfig will be ignored.
Assets/Packages/Microsoft.CodeAnalysis.Analyzers.3.11.0/buildTransitive/config already contains a globalconfig file: Assets/Packages/Microsoft.CodeAnalysis.Analyzers.3.11.0/buildTransitive/config/analysislevelmicrosoftcodeanalysisperformance_3_3_4_none_warnaserror.globalconfig will be ignored.
Assets/Packages/Microsoft.CodeAnalysis.Analyzers.3.11.0/buildTransitive/config already contains a globalconfig file: Assets/Packages/Microsoft.CodeAnalysis.Analyzers.3.11.0/buildTransitive/config/analysislevelmicrosoftcodeanalysisreleasetracking_2_9_8_minimum.globalconfig will be ignored.
Assets/Packages/Microsoft.CodeAnalysis.Analyzers.3.11.0/buildTransitive/config already contains a globalconfig file: Assets/Packages/Microsoft.CodeAnalysis.Analyzers.3.11.0/buildTransitive/config/analysislevelmicrosoftcodeanalysisperformance_3_default.globalconfig will be ignored.
Assets/Packages/Microsoft.CodeAnalysis.Analyzers.3.11.0/buildTransitive/config already contains a globalconfig file: Assets/Packages/Microsoft.CodeAnalysis.Analyzers.3.11.0/buildTransitive/config/analysislevelcorrectness_4_3_all_warnaserror.globalconfig will be ignored.
Assets/Packages/Microsoft.CodeAnalysis.Analyzers.3.11.0/buildTransitive/config already contains a globalconfig file: Assets/Packages/Microsoft.CodeAnalysis.Analyzers.3.11.0/buildTransitive/config/analysislevelmicrosoftcodeanalysiscompatibility_3_3_4_recommended_warnaserror.globalconfig will be ignored.
Assets/Packages/Microsoft.CodeAnalysis.Analyzers.3.11.0/buildTransitive/config already contains a globalconfig file: Assets/Packages/Microsoft.CodeAnalysis.Analyzers.3.11.0/buildTransitive/config/analysislevelmicrosoftcodeanalysisdocumentation_2_9_8_recommended.globalconfig will be ignored.
Assets/Packages/Microsoft.CodeAnalysis.Analyzers.3.11.0/buildTransitive/config already contains a globalconfig file: Assets/Packages/Microsoft.CodeAnalysis.Analyzers.3.11.0/buildTransitive/config/analysislevellibrary_4_3_none_warnaserror.globalconfig will be ignored.
Assets/Packages/Microsoft.CodeAnalysis.Analyzers.3.11.0/buildTransitive/config already contains a globalconfig file: Assets/Packages/Microsoft.CodeAnalysis.Analyzers.3.11.0/buildTransitive/config/analysislevelmicrosoftcodeanalysisreleasetracking_3_3_4_all.globalconfig will be ignored.
Assets/Packages/Microsoft.CodeAnalysis.Analyzers.3.11.0/buildTransitive/config already contains a globalconfig file: Assets/Packages/Microsoft.CodeAnalysis.Analyzers.3.11.0/buildTransitive/config/analysislevelmicrosoftcodeanalysisperformance_3_none_warnaserror.globalconfig will be ignored.
Assets/Packages/Microsoft.CodeAnalysis.Analyzers.3.11.0/buildTransitive/config already contains a globalconfig file: Assets/Packages/Microsoft.CodeAnalysis.Analyzers.3.11.0/buildTransitive/config/analysislevelmicrosoftcodeanalysisdesign_2_9_8_all_warnaserror.globalconfig will be ignored.
Assets/Packages/Microsoft.CodeAnalysis.Analyzers.3.11.0/buildTransitive/config already contains a globalconfig file: Assets/Packages/Microsoft.CodeAnalysis.Analyzers.3.11.0/buildTransitive/config/analysislevelmicrosoftcodeanalysisperformance_3_3_default_warnaserror.globalconfig will be ignored.
Assets/Packages/Microsoft.CodeAnalysis.Analyzers.3.11.0/buildTransitive/config already contains a globalconfig file: Assets/Packages/Microsoft.CodeAnalysis.Analyzers.3.11.0/buildTransitive/config/analysislevelmicrosoftcodeanalysiscompatibility_3_default.globalconfig will be ignored.
Assets/Packages/Microsoft.CodeAnalysis.Analyzers.3.11.0/buildTransitive/config already contains a globalconfig file: Assets/Packages/Microsoft.CodeAnalysis.Analyzers.3.11.0/buildTransitive/config/analysislevelmicrosoftcodeanalysisdesign_3_3_3_default.globalconfig will be ignored.
Assets/Packages/Microsoft.CodeAnalysis.Analyzers.3.11.0/buildTransitive/config already contains a globalconfig file: Assets/Packages/Microsoft.CodeAnalysis.Analyzers.3.11.0/buildTransitive/config/analysislevelmicrosoftcodeanalysisperformance_3_3_3_minimum.globalconfig will be ignored.
Assets/Packages/Microsoft.CodeAnalysis.Analyzers.3.11.0/buildTransitive/config already contains a globalconfig file: Assets/Packages/Microsoft.CodeAnalysis.Analyzers.3.11.0/buildTransitive/config/analysislevel_3_3_4_recommended.globalconfig will be ignored.
Assets/Packages/Microsoft.CodeAnalysis.Analyzers.3.11.0/buildTransitive/config already contains a globalconfig file: Assets/Packages/Microsoft.CodeAnalysis.Analyzers.3.11.0/buildTransitive/config/analysislevelmicrosoftcodeanalysisperformance_3_3_3_default_warnaserror.globalconfig will be ignored.
Assets/Packages/Microsoft.CodeAnalysis.Analyzers.3.11.0/buildTransitive/config already contains a globalconfig file: Assets/Packages/Microsoft.CodeAnalysis.Analyzers.3.11.0/buildTransitive/config/analysislevelmicrosoftcodeanalysisdocumentation_4_3_default.globalconfig will be ignored.
Assets/Packages/Microsoft.CodeAnalysis.Analyzers.3.11.0/buildTransitive/config already contains a globalconfig file: Assets/Packages/Microsoft.CodeAnalysis.Analyzers.3.11.0/buildTransitive/config/analysislevelmicrosoftcodeanalysisdocumentation_3_3_3_default.globalconfig will be ignored.
Assets/Packages/Microsoft.CodeAnalysis.Analyzers.3.11.0/buildTransitive/config already contains a globalconfig file: Assets/Packages/Microsoft.CodeAnalysis.Analyzers.3.11.0/buildTransitive/config/analysislevelmicrosoftcodeanalysiscorrectness_3_3_all.globalconfig will be ignored.
Assets/Packages/Microsoft.CodeAnalysis.Analyzers.3.11.0/buildTransitive/config already contains a globalconfig file: Assets/Packages/Microsoft.CodeAnalysis.Analyzers.3.11.0/buildTransitive/config/analysislevelmicrosoftcodeanalysisreleasetracking_3_none_warnaserror.globalconfig will be ignored.
Assets/Packages/Microsoft.CodeAnalysis.Analyzers.3.11.0/buildTransitive/config already contains a globalconfig file: Assets/Packages/Microsoft.CodeAnalysis.Analyzers.3.11.0/buildTransitive/config/analysislevelcorrectness_2_9_8_recommended.globalconfig will be ignored.
Assets/Packages/Microsoft.CodeAnalysis.Analyzers.3.11.0/buildTransitive/config already contains a globalconfig file: Assets/Packages/Microsoft.CodeAnalysis.Analyzers.3.11.0/buildTransitive/config/analysislevelmicrosoftcodeanalysiscorrectness_3_3_3_all.globalconfig will be ignored.
Assets/Packages/Microsoft.CodeAnalysis.Analyzers.3.11.0/buildTransitive/config already contains a globalconfig file: Assets/Packages/Microsoft.CodeAnalysis.Analyzers.3.11.0/buildTransitive/config/analysislevelmicrosoftcodeanalysisdesign_4_3_none_warnaserror.globalconfig will be ignored.
Assets/Packages/Microsoft.CodeAnalysis.Analyzers.3.11.0/buildTransitive/config already contains a globalconfig file: Assets/Packages/Microsoft.CodeAnalysis.Analyzers.3.11.0/buildTransitive/config/analysislevelmicrosoftcodeanalysisperformance_3_3_4_minimum_warnaserror.globalconfig will be ignored.
Assets/Packages/Microsoft.CodeAnalysis.Analyzers.3.11.0/buildTransitive/config already contains a globalconfig file: Assets/Packages/Microsoft.CodeAnalysis.Analyzers.3.11.0/buildTransitive/config/analysislevelmicrosoftcodeanalysisdocumentation_3_all.globalconfig will be ignored.
Assets/Packages/Microsoft.CodeAnalysis.Analyzers.3.11.0/buildTransitive/config already contains a globalconfig file: Assets/Packages/Microsoft.CodeAnalysis.Analyzers.3.11.0/buildTransitive/config/analysislevelmicrosoftcodeanalysisdesign_3_3_3_none_warnaserror.globalconfig will be ignored.
Assets/Packages/Microsoft.CodeAnalysis.Analyzers.3.11.0/buildTransitive/config already contains a globalconfig file: Assets/Packages/Microsoft.CodeAnalysis.Analyzers.3.11.0/buildTransitive/config/analysislevelmicrosoftcodeanalysiscorrectness_3_recommended_warnaserror.globalconfig will be ignored.
Assets/Packages/Microsoft.CodeAnalysis.Analyzers.3.11.0/buildTransitive/config already contains a globalconfig file: Assets/Packages/Microsoft.CodeAnalysis.Analyzers.3.11.0/buildTransitive/config/analysislevelmicrosoftcodeanalysisreleasetracking_3_3_3_none_warnaserror.globalconfig will be ignored.
Assets/Packages/Microsoft.CodeAnalysis.Analyzers.3.11.0/buildTransitive/config already contains a globalconfig file: Assets/Packages/Microsoft.CodeAnalysis.Analyzers.3.11.0/buildTransitive/config/analysislevellibrary_2_9_8_minimum_warnaserror.globalconfig will be ignored.
Assets/Packages/Microsoft.CodeAnalysis.Analyzers.3.11.0/buildTransitive/config already contains a globalconfig file: Assets/Packages/Microsoft.CodeAnalysis.Analyzers.3.11.0/buildTransitive/config/analysislevel_3_3_all.globalconfig will be ignored.
Assets/Packages/Microsoft.CodeAnalysis.Analyzers.3.11.0/buildTransitive/config already contains a globalconfig file: Assets/Packages/Microsoft.CodeAnalysis.Analyzers.3.11.0/buildTransitive/config/analysislevelmicrosoftcodeanalysisreleasetracking_3_3_4_all_warnaserror.globalconfig will be ignored.
Assets/Packages/Microsoft.CodeAnalysis.Analyzers.3.11.0/buildTransitive/config already contains a globalconfig file: Assets/Packages/Microsoft.CodeAnalysis.Analyzers.3.11.0/buildTransitive/config/analysislevelmicrosoftcodeanalysisperformance_2_9_8_none.globalconfig will be ignored.
Assets/Packages/Microsoft.CodeAnalysis.Analyzers.3.11.0/buildTransitive/config already contains a globalconfig file: Assets/Packages/Microsoft.CodeAnalysis.Analyzers.3.11.0/buildTransitive/config/analysislevelmicrosoftcodeanalysiscorrectness_3_none.globalconfig will be ignored.
Assets/Packages/Microsoft.CodeAnalysis.Analyzers.3.11.0/buildTransitive/config already contains a globalconfig file: Assets/Packages/Microsoft.CodeAnalysis.Analyzers.3.11.0/buildTransitive/config/analysislevelmicrosoftcodeanalysislocalization_3_3_recommended_warnaserror.globalconfig will be ignored.
Assets/Packages/Microsoft.CodeAnalysis.Analyzers.3.11.0/buildTransitive/config already contains a globalconfig file: Assets/Packages/Microsoft.CodeAnalysis.Analyzers.3.11.0/buildTransitive/config/analysislevelmicrosoftcodeanalysiscompatibility_3_3_minimum.globalconfig will be ignored.
Assets/Packages/Microsoft.CodeAnalysis.Analyzers.3.11.0/buildTransitive/config already contains a globalconfig file: Assets/Packages/Microsoft.CodeAnalysis.Analyzers.3.11.0/buildTransitive/config/analysislevelmicrosoftcodeanalysisreleasetracking_2_9_8_recommended.globalconfig will be ignored.
Assets/Packages/Microsoft.CodeAnalysis.Analyzers.3.11.0/buildTransitive/config already contains a globalconfig file: Assets/Packages/Microsoft.CodeAnalysis.Analyzers.3.11.0/buildTransitive/config/analysislevelmicrosoftcodeanalysisdocumentation_3_3_3_minimum_warnaserror.globalconfig will be ignored.
Assets/Packages/Microsoft.CodeAnalysis.Analyzers.3.11.0/buildTransitive/config already contains a globalconfig file: Assets/Packages/Microsoft.CodeAnalysis.Analyzers.3.11.0/buildTransitive/config/analysislevelmicrosoftcodeanalysisreleasetracking_3_3_default_warnaserror.globalconfig will be ignored.
Assets/Packages/Microsoft.CodeAnalysis.Analyzers.3.11.0/buildTransitive/config already contains a globalconfig file: Assets/Packages/Microsoft.CodeAnalysis.Analyzers.3.11.0/buildTransitive/config/analysislevelmicrosoftcodeanalysisreleasetracking_3_minimum_warnaserror.globalconfig will be ignored.
Assets/Packages/Microsoft.CodeAnalysis.Analyzers.3.11.0/buildTransitive/config already contains a globalconfig file: Assets/Packages/Microsoft.CodeAnalysis.Analyzers.3.11.0/buildTransitive/config/analysislevelmicrosoftcodeanalysisdocumentation_2_9_8_default_warnaserror.globalconfig will be ignored.
Assets/Packages/Microsoft.CodeAnalysis.Analyzers.3.11.0/buildTransitive/config already contains a globalconfig file: Assets/Packages/Microsoft.CodeAnalysis.Analyzers.3.11.0/buildTransitive/config/analysislevel_4_3_minimum_warnaserror.globalconfig will be ignored.
Assets/Packages/Microsoft.CodeAnalysis.Analyzers.3.11.0/buildTransitive/config already contains a globalconfig file: Assets/Packages/Microsoft.CodeAnalysis.Analyzers.3.11.0/buildTransitive/config/analysislevel_3_3_3_none.globalconfig will be ignored.
Assets/Packages/Microsoft.CodeAnalysis.Analyzers.3.11.0/buildTransitive/config already contains a globalconfig file: Assets/Packages/Microsoft.CodeAnalysis.Analyzers.3.11.0/buildTransitive/config/analysislevelmicrosoftcodeanalysiscompatibility_3_recommended.globalconfig will be ignored.
Assets/Packages/Microsoft.CodeAnalysis.Analyzers.3.11.0/buildTransitive/config already contains a globalconfig file: Assets/Packages/Microsoft.CodeAnalysis.Analyzers.3.11.0/buildTransitive/config/analysislevelmicrosoftcodeanalysiscompatibility_3_default_warnaserror.globalconfig will be ignored.
Assets/Packages/Microsoft.CodeAnalysis.Analyzers.3.11.0/buildTransitive/config already contains a globalconfig file: Assets/Packages/Microsoft.CodeAnalysis.Analyzers.3.11.0/buildTransitive/config/analysislevel_4_3_none.globalconfig will be ignored.
Assets/Packages/Microsoft.CodeAnalysis.Analyzers.3.11.0/buildTransitive/config already contains a globalconfig file: Assets/Packages/Microsoft.CodeAnalysis.Analyzers.3.11.0/buildTransitive/config/analysislevelmicrosoftcodeanalysisreleasetracking_3_minimum.globalconfig will be ignored.
Assets/Packages/Microsoft.CodeAnalysis.Analyzers.3.11.0/buildTransitive/config already contains a globalconfig file: Assets/Packages/Microsoft.CodeAnalysis.Analyzers.3.11.0/buildTransitive/config/analysislevelmicrosoftcodeanalysisdocumentation_3_minimum.globalconfig will be ignored.
Assets/Packages/Microsoft.CodeAnalysis.Analyzers.3.11.0/buildTransitive/config already contains a globalconfig file: Assets/Packages/Microsoft.CodeAnalysis.Analyzers.3.11.0/buildTransitive/config/analysislevelmicrosoftcodeanalysisperformance_3_none.globalconfig will be ignored.
Assets/Packages/Microsoft.CodeAnalysis.Analyzers.3.11.0/buildTransitive/config already contains a globalconfig file: Assets/Packages/Microsoft.CodeAnalysis.Analyzers.3.11.0/buildTransitive/config/analysislevelmicrosoftcodeanalysisdocumentation_3_all_warnaserror.globalconfig will be ignored.
Assets/Packages/Microsoft.CodeAnalysis.Analyzers.3.11.0/buildTransitive/config already contains a globalconfig file: Assets/Packages/Microsoft.CodeAnalysis.Analyzers.3.11.0/buildTransitive/config/analysislevelcorrectness_3_3_3_none_warnaserror.globalconfig will be ignored.
Assets/Packages/Microsoft.CodeAnalysis.Analyzers.3.11.0/buildTransitive/config already contains a globalconfig file: Assets/Packages/Microsoft.CodeAnalysis.Analyzers.3.11.0/buildTransitive/config/analysislevelmicrosoftcodeanalysiscorrectness_3_3_4_recommended.globalconfig will be ignored.
Assets/Packages/Microsoft.CodeAnalysis.Analyzers.3.11.0/buildTransitive/config already contains a globalconfig file: Assets/Packages/Microsoft.CodeAnalysis.Analyzers.3.11.0/buildTransitive/config/analysislevellibrary_2_9_8_all.globalconfig will be ignored.
Assets/Packages/Microsoft.CodeAnalysis.Analyzers.3.11.0/buildTransitive/config already contains a globalconfig file: Assets/Packages/Microsoft.CodeAnalysis.Analyzers.3.11.0/buildTransitive/config/analysislevelcorrectness_3_3_4_minimum.globalconfig will be ignored.
Assets/Packages/Microsoft.CodeAnalysis.Analyzers.3.11.0/buildTransitive/config already contains a globalconfig file: Assets/Packages/Microsoft.CodeAnalysis.Analyzers.3.11.0/buildTransitive/config/analysislevel_2_9_8_none.globalconfig will be ignored.
Assets/Packages/Microsoft.CodeAnalysis.Analyzers.3.11.0/buildTransitive/config already contains a globalconfig file: Assets/Packages/Microsoft.CodeAnalysis.Analyzers.3.11.0/buildTransitive/config/analysislevellibrary_2_9_8_all_warnaserror.globalconfig will be ignored.
Assets/Packages/Microsoft.CodeAnalysis.Analyzers.3.11.0/buildTransitive/config already contains a globalconfig file: Assets/Packages/Microsoft.CodeAnalysis.Analyzers.3.11.0/buildTransitive/config/analysislevelcorrectness_3_3_none.globalconfig will be ignored.
Assets/Packages/Microsoft.CodeAnalysis.Analyzers.3.11.0/buildTransitive/config already contains a globalconfig file: Assets/Packages/Microsoft.CodeAnalysis.Analyzers.3.11.0/buildTransitive/config/analysislevelmicrosoftcodeanalysiscompatibility_3_3_recommended_warnaserror.globalconfig will be ignored.
Assets/Packages/Microsoft.CodeAnalysis.Analyzers.3.11.0/buildTransitive/config already contains a globalconfig file: Assets/Packages/Microsoft.CodeAnalysis.Analyzers.3.11.0/buildTransitive/config/analysislevelmicrosoftcodeanalysiscompatibility_4_3_default_warnaserror.globalconfig will be ignored.
Assets/Packages/Microsoft.CodeAnalysis.Analyzers.3.11.0/buildTransitive/config already contains a globalconfig file: Assets/Packages/Microsoft.CodeAnalysis.Analyzers.3.11.0/buildTransitive/config/analysislevellibrary_3_all_warnaserror.globalconfig will be ignored.
Assets/Packages/Microsoft.CodeAnalysis.Analyzers.3.11.0/buildTransitive/config already contains a globalconfig file: Assets/Packages/Microsoft.CodeAnalysis.Analyzers.3.11.0/buildTransitive/config/analysislevelmicrosoftcodeanalysisdesign_4_3_recommended_warnaserror.globalconfig will be ignored.
Assets/Packages/Microsoft.CodeAnalysis.Analyzers.3.11.0/buildTransitive/config already contains a globalconfig file: Assets/Packages/Microsoft.CodeAnalysis.Analyzers.3.11.0/buildTransitive/config/analysislevelcorrectness_2_9_8_minimum.globalconfig will be ignored.
Assets/Packages/Microsoft.CodeAnalysis.Analyzers.3.11.0/buildTransitive/config already contains a globalconfig file: Assets/Packages/Microsoft.CodeAnalysis.Analyzers.3.11.0/buildTransitive/config/analysislevellibrary_3_3_recommended.globalconfig will be ignored.
Assets/Packages/Microsoft.CodeAnalysis.Analyzers.3.11.0/buildTransitive/config already contains a globalconfig file: Assets/Packages/Microsoft.CodeAnalysis.Analyzers.3.11.0/buildTransitive/config/analysislevelmicrosoftcodeanalysiscorrectness_3_3_recommended_warnaserror.globalconfig will be ignored.
Assets/Packages/Microsoft.CodeAnalysis.Analyzers.3.11.0/buildTransitive/config already contains a globalconfig file: Assets/Packages/Microsoft.CodeAnalysis.Analyzers.3.11.0/buildTransitive/config/analysislevelmicrosoftcodeanalysisdesign_3_3_all.globalconfig will be ignored.
Assets/Packages/Microsoft.CodeAnalysis.Analyzers.3.11.0/buildTransitive/config already contains a globalconfig file: Assets/Packages/Microsoft.CodeAnalysis.Analyzers.3.11.0/buildTransitive/config/analysislevelmicrosoftcodeanalysisdocumentation_3_3_none.globalconfig will be ignored.
Assets/Packages/Microsoft.CodeAnalysis.Analyzers.3.11.0/buildTransitive/config already contains a globalconfig file: Assets/Packages/Microsoft.CodeAnalysis.Analyzers.3.11.0/buildTransitive/config/analysislevel_3_3_all_warnaserror.globalconfig will be ignored.
Assets/Packages/Microsoft.CodeAnalysis.Analyzers.3.11.0/buildTransitive/config already contains a globalconfig file: Assets/Packages/Microsoft.CodeAnalysis.Analyzers.3.11.0/buildTransitive/config/analysislevelmicrosoftcodeanalysiscorrectness_3_3_minimum_warnaserror.globalconfig will be ignored.
Assets/Packages/Microsoft.CodeAnalysis.Analyzers.3.11.0/buildTransitive/config already contains a globalconfig file: Assets/Packages/Microsoft.CodeAnalysis.Analyzers.3.11.0/buildTransitive/config/analysislevelmicrosoftcodeanalysisdocumentation_3_3_3_recommended_warnaserror.globalconfig will be ignored.
Assets/Packages/Microsoft.CodeAnalysis.Analyzers.3.11.0/buildTransitive/config already contains a globalconfig file: Assets/Packages/Microsoft.CodeAnalysis.Analyzers.3.11.0/buildTransitive/config/analysislevelmicrosoftcodeanalysislocalization_4_3_default_warnaserror.globalconfig will be ignored.
Assets/Packages/Microsoft.CodeAnalysis.Analyzers.3.11.0/buildTransitive/config already contains a globalconfig file: Assets/Packages/Microsoft.CodeAnalysis.Analyzers.3.11.0/buildTransitive/config/analysislevellibrary_2_9_8_none_warnaserror.globalconfig will be ignored.
Assets/Packages/Microsoft.CodeAnalysis.Analyzers.3.11.0/buildTransitive/config already contains a globalconfig file: Assets/Packages/Microsoft.CodeAnalysis.Analyzers.3.11.0/buildTransitive/config/analysislevelmicrosoftcodeanalysisreleasetracking_3_3_3_all.globalconfig will be ignored.
Assets/Packages/Microsoft.CodeAnalysis.Analyzers.3.11.0/buildTransitive/config already contains a globalconfig file: Assets/Packages/Microsoft.CodeAnalysis.Analyzers.3.11.0/buildTransitive/config/analysislevelcorrectness_3_default_warnaserror.globalconfig will be ignored.
Assets/Packages/Microsoft.CodeAnalysis.Analyzers.3.11.0/buildTransitive/config already contains a globalconfig file: Assets/Packages/Microsoft.CodeAnalysis.Analyzers.3.11.0/buildTransitive/config/analysislevelmicrosoftcodeanalysisreleasetracking_4_3_minimum.globalconfig will be ignored.
Assets/Packages/Microsoft.CodeAnalysis.Analyzers.3.11.0/buildTransitive/config already contains a globalconfig file: Assets/Packages/Microsoft.CodeAnalysis.Analyzers.3.11.0/buildTransitive/config/analysislevelmicrosoftcodeanalysisdesign_2_9_8_minimum.globalconfig will be ignored.
Assets/Packages/Microsoft.CodeAnalysis.Analyzers.3.11.0/buildTransitive/config already contains a globalconfig file: Assets/Packages/Microsoft.CodeAnalysis.Analyzers.3.11.0/buildTransitive/config/analysislevelmicrosoftcodeanalysisdocumentation_4_3_none_warnaserror.globalconfig will be ignored.
Assets/Packages/Microsoft.CodeAnalysis.Analyzers.3.11.0/buildTransitive/config already contains a globalconfig file: Assets/Packages/Microsoft.CodeAnalysis.Analyzers.3.11.0/buildTransitive/config/analysislevelmicrosoftcodeanalysiscompatibility_4_3_all_warnaserror.globalconfig will be ignored.
Assets/Packages/Microsoft.CodeAnalysis.Analyzers.3.11.0/buildTransitive/config already contains a globalconfig file: Assets/Packages/Microsoft.CodeAnalysis.Analyzers.3.11.0/buildTransitive/config/analysislevellibrary_3_3_minimum.globalconfig will be ignored.
Assets/Packages/Microsoft.CodeAnalysis.Analyzers.3.11.0/buildTransitive/config already contains a globalconfig file: Assets/Packages/Microsoft.CodeAnalysis.Analyzers.3.11.0/buildTransitive/config/analysislevelmicrosoftcodeanalysisdesign_3_3_3_all_warnaserror.globalconfig will be ignored.
Assets/Packages/Microsoft.CodeAnalysis.Analyzers.3.11.0/buildTransitive/config already contains a globalconfig file: Assets/Packages/Microsoft.CodeAnalysis.Analyzers.3.11.0/buildTransitive/config/analysislevelmicrosoftcodeanalysisdesign_3_all.globalconfig will be ignored.
Assets/Packages/Microsoft.CodeAnalysis.Analyzers.3.11.0/buildTransitive/config already contains a globalconfig file: Assets/Packages/Microsoft.CodeAnalysis.Analyzers.3.11.0/buildTransitive/config/analysislevel_4_3_default.globalconfig will be ignored.
Assets/Packages/Microsoft.CodeAnalysis.Analyzers.3.11.0/buildTransitive/config already contains a globalconfig file: Assets/Packages/Microsoft.CodeAnalysis.Analyzers.3.11.0/buildTransitive/config/analysislevelmicrosoftcodeanalysisdesign_4_3_all_warnaserror.globalconfig will be ignored.
Assets/Packages/Microsoft.CodeAnalysis.Analyzers.3.11.0/buildTransitive/config already contains a globalconfig file: Assets/Packages/Microsoft.CodeAnalysis.Analyzers.3.11.0/buildTransitive/config/analysislevelmicrosoftcodeanalysisdocumentation_3_none_warnaserror.globalconfig will be ignored.
Assets/Packages/Microsoft.CodeAnalysis.Analyzers.3.11.0/buildTransitive/config already contains a globalconfig file: Assets/Packages/Microsoft.CodeAnalysis.Analyzers.3.11.0/buildTransitive/config/analysislevelmicrosoftcodeanalysisperformance_2_9_8_default.globalconfig will be ignored.
Assets/Packages/Microsoft.CodeAnalysis.Analyzers.3.11.0/buildTransitive/config already contains a globalconfig file: Assets/Packages/Microsoft.CodeAnalysis.Analyzers.3.11.0/buildTransitive/config/analysislevelmicrosoftcodeanalysislocalization_3_3_minimum.globalconfig will be ignored.
Assets/Packages/Microsoft.CodeAnalysis.Analyzers.3.11.0/buildTransitive/config already contains a globalconfig file: Assets/Packages/Microsoft.CodeAnalysis.Analyzers.3.11.0/buildTransitive/config/analysislevelmicrosoftcodeanalysislocalization_3_minimum.globalconfig will be ignored.
Assets/Packages/Microsoft.CodeAnalysis.Analyzers.3.11.0/buildTransitive/config already contains a globalconfig file: Assets/Packages/Microsoft.CodeAnalysis.Analyzers.3.11.0/buildTransitive/config/analysislevelmicrosoftcodeanalysisperformance_3_3_4_all_warnaserror.globalconfig will be ignored.
Assets/Packages/Microsoft.CodeAnalysis.Analyzers.3.11.0/buildTransitive/config already contains a globalconfig file: Assets/Packages/Microsoft.CodeAnalysis.Analyzers.3.11.0/buildTransitive/config/analysislevelmicrosoftcodeanalysislocalization_3_3_4_all_warnaserror.globalconfig will be ignored.
Assets/Packages/Microsoft.CodeAnalysis.Analyzers.3.11.0/buildTransitive/config already contains a globalconfig file: Assets/Packages/Microsoft.CodeAnalysis.Analyzers.3.11.0/buildTransitive/config/analysislevelmicrosoftcodeanalysiscompatibility_3_3_3_minimum.globalconfig will be ignored.
Assets/Packages/Microsoft.CodeAnalysis.Analyzers.3.11.0/buildTransitive/config already contains a globalconfig file: Assets/Packages/Microsoft.CodeAnalysis.Analyzers.3.11.0/buildTransitive/config/analysislevelcorrectness_4_3_default.globalconfig will be ignored.
Assets/Packages/Microsoft.CodeAnalysis.Analyzers.3.11.0/buildTransitive/config already contains a globalconfig file: Assets/Packages/Microsoft.CodeAnalysis.Analyzers.3.11.0/buildTransitive/config/analysislevelcorrectness_3_all_warnaserror.globalconfig will be ignored.
Assets/Packages/Microsoft.CodeAnalysis.Analyzers.3.11.0/buildTransitive/config already contains a globalconfig file: Assets/Packages/Microsoft.CodeAnalysis.Analyzers.3.11.0/buildTransitive/config/analysislevellibrary_3_3_4_default_warnaserror.globalconfig will be ignored.
Assets/Packages/Microsoft.CodeAnalysis.Analyzers.3.11.0/buildTransitive/config already contains a globalconfig file: Assets/Packages/Microsoft.CodeAnalysis.Analyzers.3.11.0/buildTransitive/config/analysislevelmicrosoftcodeanalysisdesign_3_3_4_recommended_warnaserror.globalconfig will be ignored.
Assets/Packages/Microsoft.CodeAnalysis.Analyzers.3.11.0/buildTransitive/config already contains a globalconfig file: Assets/Packages/Microsoft.CodeAnalysis.Analyzers.3.11.0/buildTransitive/config/analysislevelmicrosoftcodeanalysislocalization_3_all.globalconfig will be ignored.
Assets/Packages/Microsoft.CodeAnalysis.Analyzers.3.11.0/buildTransitive/config already contains a globalconfig file: Assets/Packages/Microsoft.CodeAnalysis.Analyzers.3.11.0/buildTransitive/config/analysislevelmicrosoftcodeanalysiscorrectness_3_3_3_recommended_warnaserror.globalconfig will be ignored.
Assets/Packages/Microsoft.CodeAnalysis.Analyzers.3.11.0/buildTransitive/config already contains a globalconfig file: Assets/Packages/Microsoft.CodeAnalysis.Analyzers.3.11.0/buildTransitive/config/analysislevellibrary_3_3_3_none.globalconfig will be ignored.
Assets/Packages/Microsoft.CodeAnalysis.Analyzers.3.11.0/buildTransitive/config already contains a globalconfig file: Assets/Packages/Microsoft.CodeAnalysis.Analyzers.3.11.0/buildTransitive/config/analysislevel_3_3_default.globalconfig will be ignored.
Assets/Packages/Microsoft.CodeAnalysis.Analyzers.3.11.0/buildTransitive/config already contains a globalconfig file: Assets/Packages/Microsoft.CodeAnalysis.Analyzers.3.11.0/buildTransitive/config/analysislevellibrary_3_3_3_none_warnaserror.globalconfig will be ignored.
Assets/Packages/Microsoft.CodeAnalysis.Analyzers.3.11.0/buildTransitive/config already contains a globalconfig file: Assets/Packages/Microsoft.CodeAnalysis.Analyzers.3.11.0/buildTransitive/config/analysislevelmicrosoftcodeanalysisdesign_3_default_warnaserror.globalconfig will be ignored.
Assets/Packages/Microsoft.CodeAnalysis.Analyzers.3.11.0/buildTransitive/config already contains a globalconfig file: Assets/Packages/Microsoft.CodeAnalysis.Analyzers.3.11.0/buildTransitive/config/analysislevelmicrosoftcodeanalysiscorrectness_4_3_default_warnaserror.globalconfig will be ignored.
Assets/Packages/Microsoft.CodeAnalysis.Analyzers.3.11.0/buildTransitive/config already contains a globalconfig file: Assets/Packages/Microsoft.CodeAnalysis.Analyzers.3.11.0/buildTransitive/config/analysislevelmicrosoftcodeanalysisdocumentation_3_3_3_none.globalconfig will be ignored.
Assets/Packages/Microsoft.CodeAnalysis.Analyzers.3.11.0/buildTransitive/config already contains a globalconfig file: Assets/Packages/Microsoft.CodeAnalysis.Analyzers.3.11.0/buildTransitive/config/analysislevellibrary_4_3_default_warnaserror.globalconfig will be ignored.
Assets/Packages/Microsoft.CodeAnalysis.Analyzers.3.11.0/buildTransitive/config already contains a globalconfig file: Assets/Packages/Microsoft.CodeAnalysis.Analyzers.3.11.0/buildTransitive/config/analysislevelcorrectness_3_3_recommended.globalconfig will be ignored.
Assets/Packages/Microsoft.CodeAnalysis.Analyzers.3.11.0/buildTransitive/config already contains a globalconfig file: Assets/Packages/Microsoft.CodeAnalysis.Analyzers.3.11.0/buildTransitive/config/analysislevelmicrosoftcodeanalysislocalization_3_3_3_default_warnaserror.globalconfig will be ignored.
Assets/Packages/Microsoft.CodeAnalysis.Analyzers.3.11.0/buildTransitive/config already contains a globalconfig file: Assets/Packages/Microsoft.CodeAnalysis.Analyzers.3.11.0/buildTransitive/config/analysislevel_3_3_3_recommended_warnaserror.globalconfig will be ignored.
Assets/Packages/Microsoft.CodeAnalysis.Analyzers.3.11.0/buildTransitive/config already contains a globalconfig file: Assets/Packages/Microsoft.CodeAnalysis.Analyzers.3.11.0/buildTransitive/config/analysislevelmicrosoftcodeanalysisreleasetracking_2_9_8_minimum_warnaserror.globalconfig will be ignored.
Assets/Packages/Microsoft.CodeAnalysis.Analyzers.3.11.0/buildTransitive/config already contains a globalconfig file: Assets/Packages/Microsoft.CodeAnalysis.Analyzers.3.11.0/buildTransitive/config/analysislevelmicrosoftcodeanalysiscompatibility_4_3_recommended_warnaserror.globalconfig will be ignored.
Assets/Packages/Microsoft.CodeAnalysis.Analyzers.3.11.0/buildTransitive/config already contains a globalconfig file: Assets/Packages/Microsoft.CodeAnalysis.Analyzers.3.11.0/buildTransitive/config/analysislevelmicrosoftcodeanalysiscorrectness_2_9_8_all_warnaserror.globalconfig will be ignored.
Assets/Packages/Microsoft.CodeAnalysis.Analyzers.3.11.0/buildTransitive/config already contains a globalconfig file: Assets/Packages/Microsoft.CodeAnalysis.Analyzers.3.11.0/buildTransitive/config/analysislevelmicrosoftcodeanalysiscorrectness_3_3_4_none_warnaserror.globalconfig will be ignored.
Assets/Packages/Microsoft.CodeAnalysis.Analyzers.3.11.0/buildTransitive/config already contains a globalconfig file: Assets/Packages/Microsoft.CodeAnalysis.Analyzers.3.11.0/buildTransitive/config/analysislevelmicrosoftcodeanalysiscorrectness_3_3_4_minimum_warnaserror.globalconfig will be ignored.
Assets/Packages/Microsoft.CodeAnalysis.Analyzers.3.11.0/buildTransitive/config already contains a globalconfig file: Assets/Packages/Microsoft.CodeAnalysis.Analyzers.3.11.0/buildTransitive/config/analysislevelmicrosoftcodeanalysisreleasetracking_3_recommended.globalconfig will be ignored.
Assets/Packages/Microsoft.CodeAnalysis.Analyzers.3.11.0/buildTransitive/config already contains a globalconfig file: Assets/Packages/Microsoft.CodeAnalysis.Analyzers.3.11.0/buildTransitive/config/analysislevelmicrosoftcodeanalysiscorrectness_2_9_8_default_warnaserror.globalconfig will be ignored.
Assets/Packages/Microsoft.CodeAnalysis.Analyzers.3.11.0/buildTransitive/config already contains a globalconfig file: Assets/Packages/Microsoft.CodeAnalysis.Analyzers.3.11.0/buildTransitive/config/analysislevelmicrosoftcodeanalysisdesign_2_9_8_recommended.globalconfig will be ignored.
Assets/Packages/Microsoft.CodeAnalysis.Analyzers.3.11.0/buildTransitive/config already contains a globalconfig file: Assets/Packages/Microsoft.CodeAnalysis.Analyzers.3.11.0/buildTransitive/config/analysislevellibrary_3_3_recommended_warnaserror.globalconfig will be ignored.
Assets/Packages/Microsoft.CodeAnalysis.Analyzers.3.11.0/buildTransitive/config already contains a globalconfig file: Assets/Packages/Microsoft.CodeAnalysis.Analyzers.3.11.0/buildTransitive/config/analysislevelmicrosoftcodeanalysiscompatibility_3_3_4_all.globalconfig will be ignored.
Assets/Packages/Microsoft.CodeAnalysis.Analyzers.3.11.0/buildTransitive/config already contains a globalconfig file: Assets/Packages/Microsoft.CodeAnalysis.Analyzers.3.11.0/buildTransitive/config/analysislevelmicrosoftcodeanalysiscorrectness_2_9_8_recommended_warnaserror.globalconfig will be ignored.
Assets/Packages/Microsoft.CodeAnalysis.Analyzers.3.11.0/buildTransitive/config already contains a globalconfig file: Assets/Packages/Microsoft.CodeAnalysis.Analyzers.3.11.0/buildTransitive/config/analysislevelcorrectness_3_3_3_none.globalconfig will be ignored.
Assets/Packages/Microsoft.CodeAnalysis.Analyzers.3.11.0/buildTransitive/config already contains a globalconfig file: Assets/Packages/Microsoft.CodeAnalysis.Analyzers.3.11.0/buildTransitive/config/analysislevelcorrectness_4_3_all.globalconfig will be ignored.
Assets/Packages/Microsoft.CodeAnalysis.Analyzers.3.11.0/buildTransitive/config already contains a globalconfig file: Assets/Packages/Microsoft.CodeAnalysis.Analyzers.3.11.0/buildTransitive/config/analysislevelcorrectness_2_9_8_all_warnaserror.globalconfig will be ignored.
Assets/Packages/Microsoft.CodeAnalysis.Analyzers.3.11.0/buildTransitive/config already contains a globalconfig file: Assets/Packages/Microsoft.CodeAnalysis.Analyzers.3.11.0/buildTransitive/config/analysislevelmicrosoftcodeanalysisdocumentation_3_3_4_recommended_warnaserror.globalconfig will be ignored.
Assets/Packages/Microsoft.CodeAnalysis.Analyzers.3.11.0/buildTransitive/config already contains a globalconfig file: Assets/Packages/Microsoft.CodeAnalysis.Analyzers.3.11.0/buildTransitive/config/analysislevelmicrosoftcodeanalysisdesign_3_3_4_recommended.globalconfig will be ignored.
Assets/Packages/Microsoft.CodeAnalysis.Analyzers.3.11.0/buildTransitive/config already contains a globalconfig file: Assets/Packages/Microsoft.CodeAnalysis.Analyzers.3.11.0/buildTransitive/config/analysislevelmicrosoftcodeanalysiscorrectness_4_3_none.globalconfig will be ignored.
Assets/Packages/Microsoft.CodeAnalysis.Analyzers.3.11.0/buildTransitive/config already contains a globalconfig file: Assets/Packages/Microsoft.CodeAnalysis.Analyzers.3.11.0/buildTransitive/config/analysislevelmicrosoftcodeanalysislocalization_3_3_3_recommended.globalconfig will be ignored.
Assets/Packages/Microsoft.CodeAnalysis.Analyzers.3.11.0/buildTransitive/config already contains a globalconfig file: Assets/Packages/Microsoft.CodeAnalysis.Analyzers.3.11.0/buildTransitive/config/analysislevelcorrectness_3_3_4_default_warnaserror.globalconfig will be ignored.
Assets/Packages/Microsoft.CodeAnalysis.Analyzers.3.11.0/buildTransitive/config already contains a globalconfig file: Assets/Packages/Microsoft.CodeAnalysis.Analyzers.3.11.0/buildTransitive/config/analysislevelcorrectness_3_3_4_default.globalconfig will be ignored.
Assets/Packages/Microsoft.CodeAnalysis.Analyzers.3.11.0/buildTransitive/config already contains a globalconfig file: Assets/Packages/Microsoft.CodeAnalysis.Analyzers.3.11.0/buildTransitive/config/analysislevelmicrosoftcodeanalysisdesign_4_3_default_warnaserror.globalconfig will be ignored.
Assets/Packages/Microsoft.CodeAnalysis.Analyzers.3.11.0/buildTransitive/config already contains a globalconfig file: Assets/Packages/Microsoft.CodeAnalysis.Analyzers.3.11.0/buildTransitive/config/analysislevelmicrosoftcodeanalysisdesign_3_3_4_minimum_warnaserror.globalconfig will be ignored.
Assets/Packages/Microsoft.CodeAnalysis.Analyzers.3.11.0/buildTransitive/config already contains a globalconfig file: Assets/Packages/Microsoft.CodeAnalysis.Analyzers.3.11.0/buildTransitive/config/analysislevelmicrosoftcodeanalysiscompatibility_3_minimum_warnaserror.globalconfig will be ignored.
Assets/Packages/Microsoft.CodeAnalysis.Analyzers.3.11.0/buildTransitive/config already contains a globalconfig file: Assets/Packages/Microsoft.CodeAnalysis.Analyzers.3.11.0/buildTransitive/config/analysislevelmicrosoftcodeanalysiscorrectness_4_3_none_warnaserror.globalconfig will be ignored.
Assets/Packages/Microsoft.CodeAnalysis.Analyzers.3.11.0/buildTransitive/config already contains a globalconfig file: Assets/Packages/Microsoft.CodeAnalysis.Analyzers.3.11.0/buildTransitive/config/analysislevel_4_3_minimum.globalconfig will be ignored.
Assets/Packages/Microsoft.CodeAnalysis.Analyzers.3.11.0/buildTransitive/config already contains a globalconfig file: Assets/Packages/Microsoft.CodeAnalysis.Analyzers.3.11.0/buildTransitive/config/analysislevelmicrosoftcodeanalysisreleasetracking_4_3_default_warnaserror.globalconfig will be ignored.
Assets/Packages/Microsoft.CodeAnalysis.Analyzers.3.11.0/buildTransitive/config already contains a globalconfig file: Assets/Packages/Microsoft.CodeAnalysis.Analyzers.3.11.0/buildTransitive/config/analysislevelmicrosoftcodeanalysisdesign_3_3_none.globalconfig will be ignored.
Assets/Packages/Microsoft.CodeAnalysis.Analyzers.3.11.0/buildTransitive/config already contains a globalconfig file: Assets/Packages/Microsoft.CodeAnalysis.Analyzers.3.11.0/buildTransitive/config/analysislevellibrary_3_3_4_default.globalconfig will be ignored.
Assets/Packages/Microsoft.CodeAnalysis.Analyzers.3.11.0/buildTransitive/config already contains a globalconfig file: Assets/Packages/Microsoft.CodeAnalysis.Analyzers.3.11.0/buildTransitive/config/analysislevelcorrectness_3_recommended_warnaserror.globalconfig will be ignored.
Assets/Packages/Microsoft.CodeAnalysis.Analyzers.3.11.0/buildTransitive/config already contains a globalconfig file: Assets/Packages/Microsoft.CodeAnalysis.Analyzers.3.11.0/buildTransitive/config/analysislevelmicrosoftcodeanalysiscorrectness_3_3_4_default.globalconfig will be ignored.
Assets/Packages/Microsoft.CodeAnalysis.Analyzers.3.11.0/buildTransitive/config already contains a globalconfig file: Assets/Packages/Microsoft.CodeAnalysis.Analyzers.3.11.0/buildTransitive/config/analysislevelmicrosoftcodeanalysiscorrectness_3_default_warnaserror.globalconfig will be ignored.
Assets/Packages/Microsoft.CodeAnalysis.Analyzers.3.11.0/buildTransitive/config already contains a globalconfig file: Assets/Packages/Microsoft.CodeAnalysis.Analyzers.3.11.0/buildTransitive/config/analysislevelmicrosoftcodeanalysislocalization_4_3_none.globalconfig will be ignored.
Assets/Packages/Microsoft.CodeAnalysis.Analyzers.3.11.0/buildTransitive/config already contains a globalconfig file: Assets/Packages/Microsoft.CodeAnalysis.Analyzers.3.11.0/buildTransitive/config/analysislevel_2_9_8_none_warnaserror.globalconfig will be ignored.
Assets/Packages/Microsoft.CodeAnalysis.Analyzers.3.11.0/buildTransitive/config already contains a globalconfig file: Assets/Packages/Microsoft.CodeAnalysis.Analyzers.3.11.0/buildTransitive/config/analysislevelcorrectness_2_9_8_default_warnaserror.globalconfig will be ignored.
Assets/Packages/Microsoft.CodeAnalysis.Analyzers.3.11.0/buildTransitive/config already contains a globalconfig file: Assets/Packages/Microsoft.CodeAnalysis.Analyzers.3.11.0/buildTransitive/config/analysislevelmicrosoftcodeanalysisreleasetracking_4_3_none.globalconfig will be ignored.
Assets/Packages/Microsoft.CodeAnalysis.Analyzers.3.11.0/buildTransitive/config already contains a globalconfig file: Assets/Packages/Microsoft.CodeAnalysis.Analyzers.3.11.0/buildTransitive/config/analysislevel_2_9_8_minimum_warnaserror.globalconfig will be ignored.
Assets/Packages/Microsoft.CodeAnalysis.Analyzers.3.11.0/buildTransitive/config already contains a globalconfig file: Assets/Packages/Microsoft.CodeAnalysis.Analyzers.3.11.0/buildTransitive/config/analysislevelmicrosoftcodeanalysisdesign_3_3_all_warnaserror.globalconfig will be ignored.
Assets/Packages/Microsoft.CodeAnalysis.Analyzers.3.11.0/buildTransitive/config already contains a globalconfig file: Assets/Packages/Microsoft.CodeAnalysis.Analyzers.3.11.0/buildTransitive/config/analysislevelmicrosoftcodeanalysiscorrectness_4_3_recommended.globalconfig will be ignored.
Assets/Packages/Microsoft.CodeAnalysis.Analyzers.3.11.0/buildTransitive/config already contains a globalconfig file: Assets/Packages/Microsoft.CodeAnalysis.Analyzers.3.11.0/buildTransitive/config/analysislevelmicrosoftcodeanalysisdocumentation_4_3_default_warnaserror.globalconfig will be ignored.
Assets/Packages/Microsoft.CodeAnalysis.Analyzers.3.11.0/buildTransitive/config already contains a globalconfig file: Assets/Packages/Microsoft.CodeAnalysis.Analyzers.3.11.0/buildTransitive/config/analysislevel_4_3_recommended_warnaserror.globalconfig will be ignored.
Assets/Packages/Microsoft.CodeAnalysis.Analyzers.3.11.0/buildTransitive/config already contains a globalconfig file: Assets/Packages/Microsoft.CodeAnalysis.Analyzers.3.11.0/buildTransitive/config/analysislevelcorrectness_4_3_recommended.globalconfig will be ignored.
Assets/Packages/Microsoft.CodeAnalysis.Analyzers.3.11.0/buildTransitive/config already contains a globalconfig file: Assets/Packages/Microsoft.CodeAnalysis.Analyzers.3.11.0/buildTransitive/config/analysislevelmicrosoftcodeanalysislocalization_3_3_all.globalconfig will be ignored.
Assets/Packages/Microsoft.CodeAnalysis.Analyzers.3.11.0/buildTransitive/config already contains a globalconfig file: Assets/Packages/Microsoft.CodeAnalysis.Analyzers.3.11.0/buildTransitive/config/analysislevelmicrosoftcodeanalysisreleasetracking_2_9_8_recommended_warnaserror.globalconfig will be ignored.
Assets/Packages/Microsoft.CodeAnalysis.Analyzers.3.11.0/buildTransitive/config already contains a globalconfig file: Assets/Packages/Microsoft.CodeAnalysis.Analyzers.3.11.0/buildTransitive/config/analysislevelmicrosoftcodeanalysislocalization_4_3_none_warnaserror.globalconfig will be ignored.
Assets/Packages/Microsoft.CodeAnalysis.Analyzers.3.11.0/buildTransitive/config already contains a globalconfig file: Assets/Packages/Microsoft.CodeAnalysis.Analyzers.3.11.0/buildTransitive/config/analysislevelcorrectness_3_3_4_none.globalconfig will be ignored.
Assets/Packages/Microsoft.CodeAnalysis.Analyzers.3.11.0/buildTransitive/config already contains a globalconfig file: Assets/Packages/Microsoft.CodeAnalysis.Analyzers.3.11.0/buildTransitive/config/analysislevelmicrosoftcodeanalysiscorrectness_3_3_all_warnaserror.globalconfig will be ignored.
Assets/Packages/Microsoft.CodeAnalysis.Analyzers.3.11.0/buildTransitive/config already contains a globalconfig file: Assets/Packages/Microsoft.CodeAnalysis.Analyzers.3.11.0/buildTransitive/config/analysislevellibrary_3_3_3_minimum.globalconfig will be ignored.
Assets/Packages/Microsoft.CodeAnalysis.Analyzers.3.11.0/buildTransitive/config already contains a globalconfig file: Assets/Packages/Microsoft.CodeAnalysis.Analyzers.3.11.0/buildTransitive/config/analysislevellibrary_3_default.globalconfig will be ignored.
Assets/Packages/Microsoft.CodeAnalysis.Analyzers.3.11.0/buildTransitive/config already contains a globalconfig file: Assets/Packages/Microsoft.CodeAnalysis.Analyzers.3.11.0/buildTransitive/config/analysislevelmicrosoftcodeanalysisdesign_3_recommended_warnaserror.globalconfig will be ignored.
Assets/Packages/Microsoft.CodeAnalysis.Analyzers.3.11.0/buildTransitive/config already contains a globalconfig file: Assets/Packages/Microsoft.CodeAnalysis.Analyzers.3.11.0/buildTransitive/config/analysislevel_2_9_8_default_warnaserror.globalconfig will be ignored.
Assets/Packages/Microsoft.CodeAnalysis.Analyzers.3.11.0/buildTransitive/config already contains a globalconfig file: Assets/Packages/Microsoft.CodeAnalysis.Analyzers.3.11.0/buildTransitive/config/analysislevelmicrosoftcodeanalysiscompatibility_3_3_4_recommended.globalconfig will be ignored.
Assets/Packages/Microsoft.CodeAnalysis.Analyzers.3.11.0/buildTransitive/config already contains a globalconfig file: Assets/Packages/Microsoft.CodeAnalysis.Analyzers.3.11.0/buildTransitive/config/analysislevellibrary_3_3_default.globalconfig will be ignored.
Assets/Packages/Microsoft.CodeAnalysis.Analyzers.3.11.0/buildTransitive/config already contains a globalconfig file: Assets/Packages/Microsoft.CodeAnalysis.Analyzers.3.11.0/buildTransitive/config/analysislevellibrary_3_minimum_warnaserror.globalconfig will be ignored.
Assets/Packages/Microsoft.CodeAnalysis.Analyzers.3.11.0/buildTransitive/config already contains a globalconfig file: Assets/Packages/Microsoft.CodeAnalysis.Analyzers.3.11.0/buildTransitive/config/analysislevelmicrosoftcodeanalysislocalization_3_3_4_recommended.globalconfig will be ignored.
Assets/Packages/Microsoft.CodeAnalysis.Analyzers.3.11.0/buildTransitive/config already contains a globalconfig file: Assets/Packages/Microsoft.CodeAnalysis.Analyzers.3.11.0/buildTransitive/config/analysislevelmicrosoftcodeanalysisreleasetracking_3_3_default.globalconfig will be ignored.
Assets/Packages/Microsoft.CodeAnalysis.Analyzers.3.11.0/buildTransitive/config already contains a globalconfig file: Assets/Packages/Microsoft.CodeAnalysis.Analyzers.3.11.0/buildTransitive/config/analysislevelmicrosoftcodeanalysisdesign_3_3_4_none.globalconfig will be ignored.
Assets/Packages/Microsoft.CodeAnalysis.Analyzers.3.11.0/buildTransitive/config already contains a globalconfig file: Assets/Packages/Microsoft.CodeAnalysis.Analyzers.3.11.0/buildTransitive/config/analysislevelmicrosoftcodeanalysisperformance_3_3_recommended.globalconfig will be ignored.
Assets/Packages/Microsoft.CodeAnalysis.Analyzers.3.11.0/buildTransitive/config already contains a globalconfig file: Assets/Packages/Microsoft.CodeAnalysis.Analyzers.3.11.0/buildTransitive/config/analysislevelmicrosoftcodeanalysiscorrectness_3_3_4_minimum.globalconfig will be ignored.
Assets/Packages/Microsoft.CodeAnalysis.Analyzers.3.11.0/buildTransitive/config already contains a globalconfig file: Assets/Packages/Microsoft.CodeAnalysis.Analyzers.3.11.0/buildTransitive/config/analysislevelcorrectness_3_3_4_all.globalconfig will be ignored.
Assets/Packages/Microsoft.CodeAnalysis.Analyzers.3.11.0/buildTransitive/config already contains a globalconfig file: Assets/Packages/Microsoft.CodeAnalysis.Analyzers.3.11.0/buildTransitive/config/analysislevel_3_3_3_default_warnaserror.globalconfig will be ignored.
Assets/Packages/Microsoft.CodeAnalysis.Analyzers.3.11.0/buildTransitive/config already contains a globalconfig file: Assets/Packages/Microsoft.CodeAnalysis.Analyzers.3.11.0/buildTransitive/config/analysislevelmicrosoftcodeanalysisperformance_3_minimum_warnaserror.globalconfig will be ignored.
Assets/Packages/Microsoft.CodeAnalysis.Analyzers.3.11.0/buildTransitive/config already contains a globalconfig file: Assets/Packages/Microsoft.CodeAnalysis.Analyzers.3.11.0/buildTransitive/config/analysislevelmicrosoftcodeanalysisreleasetracking_2_9_8_all.globalconfig will be ignored.
Assets/Packages/Microsoft.CodeAnalysis.Analyzers.3.11.0/buildTransitive/config already contains a globalconfig file: Assets/Packages/Microsoft.CodeAnalysis.Analyzers.3.11.0/buildTransitive/config/analysislevelcorrectness_4_3_none.globalconfig will be ignored.
Assets/Packages/Microsoft.CodeAnalysis.Analyzers.3.11.0/buildTransitive/config already contains a globalconfig file: Assets/Packages/Microsoft.CodeAnalysis.Analyzers.3.11.0/buildTransitive/config/analysislevellibrary_3_recommended.globalconfig will be ignored.
Assets/Packages/Microsoft.CodeAnalysis.Analyzers.3.11.0/buildTransitive/config already contains a globalconfig file: Assets/Packages/Microsoft.CodeAnalysis.Analyzers.3.11.0/buildTransitive/config/analysislevelmicrosoftcodeanalysisreleasetracking_3_3_3_default.globalconfig will be ignored.
Assets/Packages/Microsoft.CodeAnalysis.Analyzers.3.11.0/buildTransitive/config already contains a globalconfig file: Assets/Packages/Microsoft.CodeAnalysis.Analyzers.3.11.0/buildTransitive/config/analysislevelmicrosoftcodeanalysisperformance_3_3_3_minimum_warnaserror.globalconfig will be ignored.
Assets/Packages/Microsoft.CodeAnalysis.Analyzers.3.11.0/buildTransitive/config already contains a globalconfig file: Assets/Packages/Microsoft.CodeAnalysis.Analyzers.3.11.0/buildTransitive/config/analysislevelmicrosoftcodeanalysisperformance_2_9_8_all.globalconfig will be ignored.
Assets/Packages/Microsoft.CodeAnalysis.Analyzers.3.11.0/buildTransitive/config already contains a globalconfig file: Assets/Packages/Microsoft.CodeAnalysis.Analyzers.3.11.0/buildTransitive/config/analysislevelmicrosoftcodeanalysislocalization_4_3_default.globalconfig will be ignored.
Assets/Packages/Microsoft.CodeAnalysis.Analyzers.3.11.0/buildTransitive/config already contains a globalconfig file: Assets/Packages/Microsoft.CodeAnalysis.Analyzers.3.11.0/buildTransitive/config/analysislevel_2_9_8_recommended.globalconfig will be ignored.
Assets/Packages/Microsoft.CodeAnalysis.Analyzers.3.11.0/buildTransitive/config already contains a globalconfig file: Assets/Packages/Microsoft.CodeAnalysis.Analyzers.3.11.0/buildTransitive/config/analysislevelmicrosoftcodeanalysisdesign_4_3_none.globalconfig will be ignored.
Assets/Packages/Microsoft.CodeAnalysis.Analyzers.3.11.0/buildTransitive/config already contains a globalconfig file: Assets/Packages/Microsoft.CodeAnalysis.Analyzers.3.11.0/buildTransitive/config/analysislevelmicrosoftcodeanalysiscorrectness_4_3_all.globalconfig will be ignored.
Assets/Packages/Microsoft.CodeAnalysis.Analyzers.3.11.0/buildTransitive/config already contains a globalconfig file: Assets/Packages/Microsoft.CodeAnalysis.Analyzers.3.11.0/buildTransitive/config/analysislevelmicrosoftcodeanalysiscorrectness_3_3_3_default.globalconfig will be ignored.
Assets/Packages/Microsoft.CodeAnalysis.Analyzers.3.11.0/buildTransitive/config already contains a globalconfig file: Assets/Packages/Microsoft.CodeAnalysis.Analyzers.3.11.0/buildTransitive/config/analysislevelmicrosoftcodeanalysisperformance_4_3_all_warnaserror.globalconfig will be ignored.
Assets/Packages/Microsoft.CodeAnalysis.Analyzers.3.11.0/buildTransitive/config already contains a globalconfig file: Assets/Packages/Microsoft.CodeAnalysis.Analyzers.3.11.0/buildTransitive/config/analysislevel_3_3_4_all_warnaserror.globalconfig will be ignored.
Assets/Packages/Microsoft.CodeAnalysis.Analyzers.3.11.0/buildTransitive/config already contains a globalconfig file: Assets/Packages/Microsoft.CodeAnalysis.Analyzers.3.11.0/buildTransitive/config/analysislevelmicrosoftcodeanalysisdocumentation_4_3_recommended_warnaserror.globalconfig will be ignored.
Assets/Packages/Microsoft.CodeAnalysis.Analyzers.3.11.0/buildTransitive/config already contains a globalconfig file: Assets/Packages/Microsoft.CodeAnalysis.Analyzers.3.11.0/buildTransitive/config/analysislevelmicrosoftcodeanalysiscorrectness_4_3_all_warnaserror.globalconfig will be ignored.
Assets/Packages/Microsoft.CodeAnalysis.Analyzers.3.11.0/buildTransitive/config already contains a globalconfig file: Assets/Packages/Microsoft.CodeAnalysis.Analyzers.3.11.0/buildTransitive/config/analysislevelcorrectness_2_9_8_recommended_warnaserror.globalconfig will be ignored.
Assets/Packages/Microsoft.CodeAnalysis.Analyzers.3.11.0/buildTransitive/config already contains a globalconfig file: Assets/Packages/Microsoft.CodeAnalysis.Analyzers.3.11.0/buildTransitive/config/analysislevelmicrosoftcodeanalysiscompatibility_2_9_8_none.globalconfig will be ignored.
Assets/Packages/Microsoft.CodeAnalysis.Analyzers.3.11.0/buildTransitive/config already contains a globalconfig file: Assets/Packages/Microsoft.CodeAnalysis.Analyzers.3.11.0/buildTransitive/config/analysislevelcorrectness_3_3_all_warnaserror.globalconfig will be ignored.
Assets/Packages/Microsoft.CodeAnalysis.Analyzers.3.11.0/buildTransitive/config already contains a globalconfig file: Assets/Packages/Microsoft.CodeAnalysis.Analyzers.3.11.0/buildTransitive/config/analysislevelmicrosoftcodeanalysisdocumentation_3_3_4_default.globalconfig will be ignored.
Assets/Packages/Microsoft.CodeAnalysis.Analyzers.3.11.0/buildTransitive/config already contains a globalconfig file: Assets/Packages/Microsoft.CodeAnalysis.Analyzers.3.11.0/buildTransitive/config/analysislevelcorrectness_2_9_8_none.globalconfig will be ignored.
Assets/Packages/Microsoft.CodeAnalysis.Analyzers.3.11.0/buildTransitive/config already contains a globalconfig file: Assets/Packages/Microsoft.CodeAnalysis.Analyzers.3.11.0/buildTransitive/config/analysislevelmicrosoftcodeanalysisdocumentation_3_3_all_warnaserror.globalconfig will be ignored.
Assets/Packages/Microsoft.CodeAnalysis.Analyzers.3.11.0/buildTransitive/config already contains a globalconfig file: Assets/Packages/Microsoft.CodeAnalysis.Analyzers.3.11.0/buildTransitive/config/analysislevelmicrosoftcodeanalysiscompatibility_4_3_all.globalconfig will be ignored.
Assets/Packages/Microsoft.CodeAnalysis.Analyzers.3.11.0/buildTransitive/config already contains a globalconfig file: Assets/Packages/Microsoft.CodeAnalysis.Analyzers.3.11.0/buildTransitive/config/analysislevelmicrosoftcodeanalysisdocumentation_3_3_3_all.globalconfig will be ignored.
Assets/Packages/Microsoft.CodeAnalysis.Analyzers.3.11.0/buildTransitive/config already contains a globalconfig file: Assets/Packages/Microsoft.CodeAnalysis.Analyzers.3.11.0/buildTransitive/config/analysislevelmicrosoftcodeanalysisperformance_4_3_none.globalconfig will be ignored.
Assets/Packages/Microsoft.CodeAnalysis.Analyzers.3.11.0/buildTransitive/config already contains a globalconfig file: Assets/Packages/Microsoft.CodeAnalysis.Analyzers.3.11.0/buildTransitive/config/analysislevel_3_recommended.globalconfig will be ignored.
Assets/Packages/Microsoft.CodeAnalysis.Analyzers.3.11.0/buildTransitive/config already contains a globalconfig file: Assets/Packages/Microsoft.CodeAnalysis.Analyzers.3.11.0/buildTransitive/config/analysislevelmicrosoftcodeanalysisdesign_3_3_3_none.globalconfig will be ignored.
Assets/Packages/Microsoft.CodeAnalysis.Analyzers.3.11.0/buildTransitive/config already contains a globalconfig file: Assets/Packages/Microsoft.CodeAnalysis.Analyzers.3.11.0/buildTransitive/config/analysislevelmicrosoftcodeanalysisdocumentation_3_3_4_default_warnaserror.globalconfig will be ignored.
Assets/Packages/Microsoft.CodeAnalysis.Analyzers.3.11.0/buildTransitive/config already contains a globalconfig file: Assets/Packages/Microsoft.CodeAnalysis.Analyzers.3.11.0/buildTransitive/config/analysislevelmicrosoftcodeanalysisperformance_3_all_warnaserror.globalconfig will be ignored.
Assets/Packages/Microsoft.CodeAnalysis.Analyzers.3.11.0/buildTransitive/config already contains a globalconfig file: Assets/Packages/Microsoft.CodeAnalysis.Analyzers.3.11.0/buildTransitive/config/analysislevel_4_3_default_warnaserror.globalconfig will be ignored.
Assets/Packages/Microsoft.CodeAnalysis.Analyzers.3.11.0/buildTransitive/config already contains a globalconfig file: Assets/Packages/Microsoft.CodeAnalysis.Analyzers.3.11.0/buildTransitive/config/analysislevellibrary_3_3_none.globalconfig will be ignored.
Assets/Packages/Microsoft.CodeAnalysis.Analyzers.3.11.0/buildTransitive/config already contains a globalconfig file: Assets/Packages/Microsoft.CodeAnalysis.Analyzers.3.11.0/buildTransitive/config/analysislevelmicrosoftcodeanalysiscompatibility_2_9_8_all.globalconfig will be ignored.
Assets/Packages/Microsoft.CodeAnalysis.Analyzers.3.11.0/buildTransitive/config already contains a globalconfig file: Assets/Packages/Microsoft.CodeAnalysis.Analyzers.3.11.0/buildTransitive/config/analysislevelmicrosoftcodeanalysisdocumentation_3_default_warnaserror.globalconfig will be ignored.
Assets/Packages/Microsoft.CodeAnalysis.Analyzers.3.11.0/buildTransitive/config already contains a globalconfig file: Assets/Packages/Microsoft.CodeAnalysis.Analyzers.3.11.0/buildTransitive/config/analysislevelcorrectness_3_3_minimum_warnaserror.globalconfig will be ignored.
Assets/Packages/Microsoft.CodeAnalysis.Analyzers.3.11.0/buildTransitive/config already contains a globalconfig file: Assets/Packages/Microsoft.CodeAnalysis.Analyzers.3.11.0/buildTransitive/config/analysislevelmicrosoftcodeanalysisdocumentation_3_3_all.globalconfig will be ignored.
Assets/Packages/Microsoft.CodeAnalysis.Analyzers.3.11.0/buildTransitive/config already contains a globalconfig file: Assets/Packages/Microsoft.CodeAnalysis.Analyzers.3.11.0/buildTransitive/config/analysislevelcorrectness_3_3_3_minimum.globalconfig will be ignored.
Assets/Packages/Microsoft.CodeAnalysis.Analyzers.3.11.0/buildTransitive/config already contains a globalconfig file: Assets/Packages/Microsoft.CodeAnalysis.Analyzers.3.11.0/buildTransitive/config/analysislevelmicrosoftcodeanalysislocalization_2_9_8_default_warnaserror.globalconfig will be ignored.
Assets/Packages/Microsoft.CodeAnalysis.Analyzers.3.11.0/buildTransitive/config already contains a globalconfig file: Assets/Packages/Microsoft.CodeAnalysis.Analyzers.3.11.0/buildTransitive/config/analysislevelcorrectness_3_3_3_all_warnaserror.globalconfig will be ignored.
Assets/Packages/Microsoft.CodeAnalysis.Analyzers.3.11.0/buildTransitive/config already contains a globalconfig file: Assets/Packages/Microsoft.CodeAnalysis.Analyzers.3.11.0/buildTransitive/config/analysislevelmicrosoftcodeanalysiscorrectness_3_3_4_none.globalconfig will be ignored.
Assets/Packages/Microsoft.CodeAnalysis.Analyzers.3.11.0/buildTransitive/config already contains a globalconfig file: Assets/Packages/Microsoft.CodeAnalysis.Analyzers.3.11.0/buildTransitive/config/analysislevelmicrosoftcodeanalysiscorrectness_4_3_minimum_warnaserror.globalconfig will be ignored.
Assets/Packages/Microsoft.CodeAnalysis.Analyzers.3.11.0/buildTransitive/config already contains a globalconfig file: Assets/Packages/Microsoft.CodeAnalysis.Analyzers.3.11.0/buildTransitive/config/analysislevelmicrosoftcodeanalysisdesign_3_3_default_warnaserror.globalconfig will be ignored.
Assets/Packages/Microsoft.CodeAnalysis.Analyzers.3.11.0/buildTransitive/config already contains a globalconfig file: Assets/Packages/Microsoft.CodeAnalysis.Analyzers.3.11.0/buildTransitive/config/analysislevelmicrosoftcodeanalysislocalization_3_none_warnaserror.globalconfig will be ignored.
Assets/Packages/Microsoft.CodeAnalysis.Analyzers.3.11.0/buildTransitive/config already contains a globalconfig file: Assets/Packages/Microsoft.CodeAnalysis.Analyzers.3.11.0/buildTransitive/config/analysislevelmicrosoftcodeanalysisdesign_3_3_minimum_warnaserror.globalconfig will be ignored.
Assets/Packages/Microsoft.CodeAnalysis.Analyzers.3.11.0/buildTransitive/config already contains a globalconfig file: Assets/Packages/Microsoft.CodeAnalysis.Analyzers.3.11.0/buildTransitive/config/analysislevelmicrosoftcodeanalysisreleasetracking_2_9_8_none_warnaserror.globalconfig will be ignored.
Assets/Packages/Microsoft.CodeAnalysis.Analyzers.3.11.0/buildTransitive/config already contains a globalconfig file: Assets/Packages/Microsoft.CodeAnalysis.Analyzers.3.11.0/buildTransitive/config/analysislevellibrary_4_3_recommended_warnaserror.globalconfig will be ignored.
Assets/Packages/Microsoft.CodeAnalysis.Analyzers.3.11.0/buildTransitive/config already contains a globalconfig file: Assets/Packages/Microsoft.CodeAnalysis.Analyzers.3.11.0/buildTransitive/config/analysislevelmicrosoftcodeanalysiscorrectness_2_9_8_none_warnaserror.globalconfig will be ignored.
Assets/Packages/Microsoft.CodeAnalysis.Analyzers.3.11.0/buildTransitive/config already contains a globalconfig file: Assets/Packages/Microsoft.CodeAnalysis.Analyzers.3.11.0/buildTransitive/config/analysislevelmicrosoftcodeanalysisdesign_3_3_none_warnaserror.globalconfig will be ignored.
Assets/Packages/Microsoft.CodeAnalysis.Analyzers.3.11.0/buildTransitive/config already contains a globalconfig file: Assets/Packages/Microsoft.CodeAnalysis.Analyzers.3.11.0/buildTransitive/config/analysislevellibrary_3_all.globalconfig will be ignored.
Assets/Packages/Microsoft.CodeAnalysis.Analyzers.3.11.0/buildTransitive/config already contains a globalconfig file: Assets/Packages/Microsoft.CodeAnalysis.Analyzers.3.11.0/buildTransitive/config/analysislevelmicrosoftcodeanalysislocalization_3_3_3_all_warnaserror.globalconfig will be ignored.
Assets/Packages/Microsoft.CodeAnalysis.Analyzers.3.11.0/buildTransitive/config already contains a globalconfig file: Assets/Packages/Microsoft.CodeAnalysis.Analyzers.3.11.0/buildTransitive/config/analysislevelmicrosoftcodeanalysiscompatibility_3_3_recommended.globalconfig will be ignored.
Assets/Packages/Microsoft.CodeAnalysis.Analyzers.3.11.0/buildTransitive/config already contains a globalconfig file: Assets/Packages/Microsoft.CodeAnalysis.Analyzers.3.11.0/buildTransitive/config/analysislevelmicrosoftcodeanalysislocalization_3_3_recommended.globalconfig will be ignored.
Assets/Packages/Microsoft.CodeAnalysis.Analyzers.3.11.0/buildTransitive/config already contains a globalconfig file: Assets/Packages/Microsoft.CodeAnalysis.Analyzers.3.11.0/buildTransitive/config/analysislevelmicrosoftcodeanalysiscompatibility_3_3_4_default_warnaserror.globalconfig will be ignored.
Assets/Packages/Microsoft.CodeAnalysis.Analyzers.3.11.0/buildTransitive/config already contains a globalconfig file: Assets/Packages/Microsoft.CodeAnalysis.Analyzers.3.11.0/buildTransitive/config/analysislevel_3_3_4_recommended_warnaserror.globalconfig will be ignored.
Assets/Packages/Microsoft.CodeAnalysis.Analyzers.3.11.0/buildTransitive/config already contains a globalconfig file: Assets/Packages/Microsoft.CodeAnalysis.Analyzers.3.11.0/buildTransitive/config/analysislevelmicrosoftcodeanalysiscompatibility_3_3_all.globalconfig will be ignored.
Assets/Packages/Microsoft.CodeAnalysis.Analyzers.3.11.0/buildTransitive/config already contains a globalconfig file: Assets/Packages/Microsoft.CodeAnalysis.Analyzers.3.11.0/buildTransitive/config/analysislevelmicrosoftcodeanalysisreleasetracking_4_3_none_warnaserror.globalconfig will be ignored.
Assets/Packages/Microsoft.CodeAnalysis.Analyzers.3.11.0/buildTransitive/config already contains a globalconfig file: Assets/Packages/Microsoft.CodeAnalysis.Analyzers.3.11.0/buildTransitive/config/analysislevelmicrosoftcodeanalysisdocumentation_3_3_3_recommended.globalconfig will be ignored.
Assets/Packages/Microsoft.CodeAnalysis.Analyzers.3.11.0/buildTransitive/config already contains a globalconfig file: Assets/Packages/Microsoft.CodeAnalysis.Analyzers.3.11.0/buildTransitive/config/analysislevelmicrosoftcodeanalysisdocumentation_2_9_8_minimum_warnaserror.globalconfig will be ignored.
Assets/Packages/Microsoft.CodeAnalysis.Analyzers.3.11.0/buildTransitive/config already contains a globalconfig file: Assets/Packages/Microsoft.CodeAnalysis.Analyzers.3.11.0/buildTransitive/config/analysislevelmicrosoftcodeanalysisdocumentation_2_9_8_all_warnaserror.globalconfig will be ignored.
Assets/Packages/Microsoft.CodeAnalysis.Analyzers.3.11.0/buildTransitive/config already contains a globalconfig file: Assets/Packages/Microsoft.CodeAnalysis.Analyzers.3.11.0/buildTransitive/config/analysislevelmicrosoftcodeanalysisdesign_2_9_8_default_warnaserror.globalconfig will be ignored.
Assets/Packages/Microsoft.CodeAnalysis.Analyzers.3.11.0/buildTransitive/config already contains a globalconfig file: Assets/Packages/Microsoft.CodeAnalysis.Analyzers.3.11.0/buildTransitive/config/analysislevelmicrosoftcodeanalysisperformance_3_3_4_none.globalconfig will be ignored.
Assets/Packages/Microsoft.CodeAnalysis.Analyzers.3.11.0/buildTransitive/config already contains a globalconfig file: Assets/Packages/Microsoft.CodeAnalysis.Analyzers.3.11.0/buildTransitive/config/analysislevelmicrosoftcodeanalysisperformance_3_3_4_recommended.globalconfig will be ignored.
Assets/Packages/Microsoft.CodeAnalysis.Analyzers.3.11.0/buildTransitive/config already contains a globalconfig file: Assets/Packages/Microsoft.CodeAnalysis.Analyzers.3.11.0/buildTransitive/config/analysislevelmicrosoftcodeanalysisdesign_3_3_recommended_warnaserror.globalconfig will be ignored.
Assets/Packages/Microsoft.CodeAnalysis.Analyzers.3.11.0/buildTransitive/config already contains a globalconfig file: Assets/Packages/Microsoft.CodeAnalysis.Analyzers.3.11.0/buildTransitive/config/analysislevelmicrosoftcodeanalysisdocumentation_3_3_4_none.globalconfig will be ignored.
Assets/Packages/Microsoft.CodeAnalysis.Analyzers.3.11.0/buildTransitive/config already contains a globalconfig file: Assets/Packages/Microsoft.CodeAnalysis.Analyzers.3.11.0/buildTransitive/config/analysislevelmicrosoftcodeanalysisreleasetracking_3_3_4_minimum.globalconfig will be ignored.
Assets/Packages/Microsoft.CodeAnalysis.Analyzers.3.11.0/buildTransitive/config already contains a globalconfig file: Assets/Packages/Microsoft.CodeAnalysis.Analyzers.3.11.0/buildTransitive/config/analysislevel_3_3_recommended_warnaserror.globalconfig will be ignored.
Assets/Packages/Microsoft.CodeAnalysis.Analyzers.3.11.0/buildTransitive/config already contains a globalconfig file: Assets/Packages/Microsoft.CodeAnalysis.Analyzers.3.11.0/buildTransitive/config/analysislevelcorrectness_3_3_3_minimum_warnaserror.globalconfig will be ignored.
Assets/Packages/Microsoft.CodeAnalysis.Analyzers.3.11.0/buildTransitive/config already contains a globalconfig file: Assets/Packages/Microsoft.CodeAnalysis.Analyzers.3.11.0/buildTransitive/config/analysislevelmicrosoftcodeanalysiscorrectness_4_3_default.globalconfig will be ignored.
Assets/Packages/Microsoft.CodeAnalysis.Analyzers.3.11.0/buildTransitive/config already contains a globalconfig file: Assets/Packages/Microsoft.CodeAnalysis.Analyzers.3.11.0/buildTransitive/config/analysislevelmicrosoftcodeanalysisdocumentation_3_3_3_default_warnaserror.globalconfig will be ignored.
Assets/Packages/Microsoft.CodeAnalysis.Analyzers.3.11.0/buildTransitive/config already contains a globalconfig file: Assets/Packages/Microsoft.CodeAnalysis.Analyzers.3.11.0/buildTransitive/config/analysislevelcorrectness_3_recommended.globalconfig will be ignored.
Assets/Packages/Microsoft.CodeAnalysis.Analyzers.3.11.0/buildTransitive/config already contains a globalconfig file: Assets/Packages/Microsoft.CodeAnalysis.Analyzers.3.11.0/buildTransitive/config/analysislevelmicrosoftcodeanalysisreleasetracking_2_9_8_default.globalconfig will be ignored.
Assets/Packages/Microsoft.CodeAnalysis.Analyzers.3.11.0/buildTransitive/config already contains a globalconfig file: Assets/Packages/Microsoft.CodeAnalysis.Analyzers.3.11.0/buildTransitive/config/analysislevelmicrosoftcodeanalysisperformance_3_3_4_default_warnaserror.globalconfig will be ignored.
Assets/Packages/Microsoft.CodeAnalysis.Analyzers.3.11.0/buildTransitive/config already contains a globalconfig file: Assets/Packages/Microsoft.CodeAnalysis.Analyzers.3.11.0/buildTransitive/config/analysislevelmicrosoftcodeanalysisdesign_3_3_minimum.globalconfig will be ignored.
Assets/Packages/Microsoft.CodeAnalysis.Analyzers.3.11.0/buildTransitive/config already contains a globalconfig file: Assets/Packages/Microsoft.CodeAnalysis.Analyzers.3.11.0/buildTransitive/config/analysislevelcorrectness_3_3_minimum.globalconfig will be ignored.
Assets/Packages/Microsoft.CodeAnalysis.Analyzers.3.11.0/buildTransitive/config already contains a globalconfig file: Assets/Packages/Microsoft.CodeAnalysis.Analyzers.3.11.0/buildTransitive/config/analysislevelmicrosoftcodeanalysisdesign_4_3_minimum_warnaserror.globalconfig will be ignored.
Assets/Packages/Microsoft.CodeAnalysis.Analyzers.3.11.0/buildTransitive/config already contains a globalconfig file: Assets/Packages/Microsoft.CodeAnalysis.Analyzers.3.11.0/buildTransitive/config/analysislevellibrary_3_3_default_warnaserror.globalconfig will be ignored.
Assets/Packages/Microsoft.CodeAnalysis.Analyzers.3.11.0/buildTransitive/config already contains a globalconfig file: Assets/Packages/Microsoft.CodeAnalysis.Analyzers.3.11.0/buildTransitive/config/analysislevelmicrosoftcodeanalysisperformance_4_3_none_warnaserror.globalconfig will be ignored.
Assets/Packages/Microsoft.CodeAnalysis.Analyzers.3.11.0/buildTransitive/config already contains a globalconfig file: Assets/Packages/Microsoft.CodeAnalysis.Analyzers.3.11.0/buildTransitive/config/analysislevelmicrosoftcodeanalysisreleasetracking_2_9_8_default_warnaserror.globalconfig will be ignored.
Assets/Packages/Microsoft.CodeAnalysis.Analyzers.3.11.0/buildTransitive/config already contains a globalconfig file: Assets/Packages/Microsoft.CodeAnalysis.Analyzers.3.11.0/buildTransitive/config/analysislevelmicrosoftcodeanalysisdesign_3_3_3_minimum.globalconfig will be ignored.
Assets/Packages/Microsoft.CodeAnalysis.Analyzers.3.11.0/buildTransitive/config already contains a globalconfig file: Assets/Packages/Microsoft.CodeAnalysis.Analyzers.3.11.0/buildTransitive/config/analysislevelmicrosoftcodeanalysiscompatibility_3_3_3_minimum_warnaserror.globalconfig will be ignored.
Assets/Packages/Microsoft.CodeAnalysis.Analyzers.3.11.0/buildTransitive/config already contains a globalconfig file: Assets/Packages/Microsoft.CodeAnalysis.Analyzers.3.11.0/buildTransitive/config/analysislevelmicrosoftcodeanalysisreleasetracking_4_3_recommended.globalconfig will be ignored.
Assets/Packages/Microsoft.CodeAnalysis.Analyzers.3.11.0/buildTransitive/config already contains a globalconfig file: Assets/Packages/Microsoft.CodeAnalysis.Analyzers.3.11.0/buildTransitive/config/analysislevelmicrosoftcodeanalysisreleasetracking_3_3_3_default_warnaserror.globalconfig will be ignored.
Assets/Packages/Microsoft.CodeAnalysis.Analyzers.3.11.0/buildTransitive/config already contains a globalconfig file: Assets/Packages/Microsoft.CodeAnalysis.Analyzers.3.11.0/buildTransitive/config/analysislevel_2_9_8_all.globalconfig will be ignored.
Assets/Packages/Microsoft.CodeAnalysis.Analyzers.3.11.0/buildTransitive/config already contains a globalconfig file: Assets/Packages/Microsoft.CodeAnalysis.Analyzers.3.11.0/buildTransitive/config/analysislevelmicrosoftcodeanalysiscompatibility_3_3_default.globalconfig will be ignored.
Assets/Packages/Microsoft.CodeAnalysis.Analyzers.3.11.0/buildTransitive/config already contains a globalconfig file: Assets/Packages/Microsoft.CodeAnalysis.Analyzers.3.11.0/buildTransitive/config/analysislevelmicrosoftcodeanalysisdesign_3_none.globalconfig will be ignored.
Assets/Packages/Microsoft.CodeAnalysis.Analyzers.3.11.0/buildTransitive/config already contains a globalconfig file: Assets/Packages/Microsoft.CodeAnalysis.Analyzers.3.11.0/buildTransitive/config/analysislevelmicrosoftcodeanalysisperformance_3_3_minimum_warnaserror.globalconfig will be ignored.
Assets/Packages/Microsoft.CodeAnalysis.Analyzers.3.11.0/buildTransitive/config already contains a globalconfig file: Assets/Packages/Microsoft.CodeAnalysis.Analyzers.3.11.0/buildTransitive/config/analysislevel_4_3_none_warnaserror.globalconfig will be ignored.
Assets/Packages/Microsoft.CodeAnalysis.Analyzers.3.11.0/buildTransitive/config already contains a globalconfig file: Assets/Packages/Microsoft.CodeAnalysis.Analyzers.3.11.0/buildTransitive/config/analysislevelmicrosoftcodeanalysiscompatibility_2_9_8_default_warnaserror.globalconfig will be ignored.
Assets/Packages/Microsoft.CodeAnalysis.Analyzers.3.11.0/buildTransitive/config already contains a globalconfig file: Assets/Packages/Microsoft.CodeAnalysis.Analyzers.3.11.0/buildTransitive/config/analysislevelcorrectness_2_9_8_none_warnaserror.globalconfig will be ignored.
Assets/Packages/Microsoft.CodeAnalysis.Analyzers.3.11.0/buildTransitive/config already contains a globalconfig file: Assets/Packages/Microsoft.CodeAnalysis.Analyzers.3.11.0/buildTransitive/config/analysislevelmicrosoftcodeanalysisreleasetracking_3_default_warnaserror.globalconfig will be ignored.
Assets/Packages/Microsoft.CodeAnalysis.Analyzers.3.11.0/buildTransitive/config already contains a globalconfig file: Assets/Packages/Microsoft.CodeAnalysis.Analyzers.3.11.0/buildTransitive/config/analysislevelmicrosoftcodeanalysisdesign_3_3_3_all.globalconfig will be ignored.
Assets/Packages/Microsoft.CodeAnalysis.Analyzers.3.11.0/buildTransitive/config already contains a globalconfig file: Assets/Packages/Microsoft.CodeAnalysis.Analyzers.3.11.0/buildTransitive/config/analysislevel_3_3_4_minimum_warnaserror.globalconfig will be ignored.
Assets/Packages/Microsoft.CodeAnalysis.Analyzers.3.11.0/buildTransitive/config already contains a globalconfig file: Assets/Packages/Microsoft.CodeAnalysis.Analyzers.3.11.0/buildTransitive/config/analysislevel_3_minimum_warnaserror.globalconfig will be ignored.
Assets/Packages/Microsoft.CodeAnalysis.Analyzers.3.11.0/buildTransitive/config already contains a globalconfig file: Assets/Packages/Microsoft.CodeAnalysis.Analyzers.3.11.0/buildTransitive/config/analysislevelmicrosoftcodeanalysiscompatibility_3_3_all_warnaserror.globalconfig will be ignored.
Assets/Packages/Microsoft.CodeAnalysis.Analyzers.3.11.0/buildTransitive/config already contains a globalconfig file: Assets/Packages/Microsoft.CodeAnalysis.Analyzers.3.11.0/buildTransitive/config/analysislevelmicrosoftcodeanalysisdesign_3_default.globalconfig will be ignored.
Assets/Packages/Microsoft.CodeAnalysis.Analyzers.3.11.0/buildTransitive/config already contains a globalconfig file: Assets/Packages/Microsoft.CodeAnalysis.Analyzers.3.11.0/buildTransitive/config/analysislevelmicrosoftcodeanalysiscompatibility_2_9_8_all_warnaserror.globalconfig will be ignored.
Assets/Packages/Microsoft.CodeAnalysis.Analyzers.3.11.0/buildTransitive/config already contains a globalconfig file: Assets/Packages/Microsoft.CodeAnalysis.Analyzers.3.11.0/buildTransitive/config/analysislevelmicrosoftcodeanalysisdesign_3_3_4_none_warnaserror.globalconfig will be ignored.
Assets/Packages/Microsoft.CodeAnalysis.Analyzers.3.11.0/buildTransitive/config already contains a globalconfig file: Assets/Packages/Microsoft.CodeAnalysis.Analyzers.3.11.0/buildTransitive/config/analysislevelcorrectness_3_3_4_none_warnaserror.globalconfig will be ignored.
Assets/Packages/Microsoft.CodeAnalysis.Analyzers.3.11.0/buildTransitive/config already contains a globalconfig file: Assets/Packages/Microsoft.CodeAnalysis.Analyzers.3.11.0/buildTransitive/config/analysislevelmicrosoftcodeanalysisreleasetracking_3_3_4_default_warnaserror.globalconfig will be ignored.
Assets/Packages/Microsoft.CodeAnalysis.Analyzers.3.11.0/buildTransitive/config already contains a globalconfig file: Assets/Packages/Microsoft.CodeAnalysis.Analyzers.3.11.0/buildTransitive/config/analysislevelmicrosoftcodeanalysisdesign_4_3_recommended.globalconfig will be ignored.
Assets/Packages/Microsoft.CodeAnalysis.Analyzers.3.11.0/buildTransitive/config already contains a globalconfig file: Assets/Packages/Microsoft.CodeAnalysis.Analyzers.3.11.0/buildTransitive/config/analysislevelmicrosoftcodeanalysislocalization_4_3_minimum.globalconfig will be ignored.
Assets/Packages/Microsoft.CodeAnalysis.Analyzers.3.11.0/buildTransitive/config already contains a globalconfig file: Assets/Packages/Microsoft.CodeAnalysis.Analyzers.3.11.0/buildTransitive/config/analysislevelcorrectness_3_3_recommended_warnaserror.globalconfig will be ignored.
Assets/Packages/Microsoft.CodeAnalysis.Analyzers.3.11.0/buildTransitive/config already contains a globalconfig file: Assets/Packages/Microsoft.CodeAnalysis.Analyzers.3.11.0/buildTransitive/config/analysislevelmicrosoftcodeanalysisdocumentation_2_9_8_all.globalconfig will be ignored.
Assets/Packages/Microsoft.CodeAnalysis.Analyzers.3.11.0/buildTransitive/config already contains a globalconfig file: Assets/Packages/Microsoft.CodeAnalysis.Analyzers.3.11.0/buildTransitive/config/analysislevelmicrosoftcodeanalysisdesign_2_9_8_all.globalconfig will be ignored.
Assets/Packages/Microsoft.CodeAnalysis.Analyzers.3.11.0/buildTransitive/config already contains a globalconfig file: Assets/Packages/Microsoft.CodeAnalysis.Analyzers.3.11.0/buildTransitive/config/analysislevellibrary_4_3_minimum_warnaserror.globalconfig will be ignored.
Assets/Packages/Microsoft.CodeAnalysis.Analyzers.3.11.0/buildTransitive/config already contains a globalconfig file: Assets/Packages/Microsoft.CodeAnalysis.Analyzers.3.11.0/buildTransitive/config/analysislevelmicrosoftcodeanalysisdocumentation_3_3_recommended_warnaserror.globalconfig will be ignored.
Assets/Packages/Microsoft.CodeAnalysis.Analyzers.3.11.0/buildTransitive/config already contains a globalconfig file: Assets/Packages/Microsoft.CodeAnalysis.Analyzers.3.11.0/buildTransitive/config/analysislevelmicrosoftcodeanalysisperformance_3_default_warnaserror.globalconfig will be ignored.
Assets/Packages/Microsoft.CodeAnalysis.Analyzers.3.11.0/buildTransitive/config already contains a globalconfig file: Assets/Packages/Microsoft.CodeAnalysis.Analyzers.3.11.0/buildTransitive/config/analysislevel_2_9_8_all_warnaserror.globalconfig will be ignored.
Assets/Packages/Microsoft.CodeAnalysis.Analyzers.3.11.0/buildTransitive/config already contains a globalconfig file: Assets/Packages/Microsoft.CodeAnalysis.Analyzers.3.11.0/buildTransitive/config/analysislevel_3_3_none.globalconfig will be ignored.
Assets/Packages/Microsoft.CodeAnalysis.Analyzers.3.11.0/buildTransitive/config already contains a globalconfig file: Assets/Packages/Microsoft.CodeAnalysis.Analyzers.3.11.0/buildTransitive/config/analysislevelmicrosoftcodeanalysiscompatibility_3_3_3_all.globalconfig will be ignored.
Assets/Packages/Microsoft.CodeAnalysis.Analyzers.3.11.0/buildTransitive/config already contains a globalconfig file: Assets/Packages/Microsoft.CodeAnalysis.Analyzers.3.11.0/buildTransitive/config/analysislevelmicrosoftcodeanalysiscompatibility_2_9_8_none_warnaserror.globalconfig will be ignored.
Assets/Packages/Microsoft.CodeAnalysis.Analyzers.3.11.0/buildTransitive/config already contains a globalconfig file: Assets/Packages/Microsoft.CodeAnalysis.Analyzers.3.11.0/buildTransitive/config/analysislevelmicrosoftcodeanalysislocalization_3_all_warnaserror.globalconfig will be ignored.
Assets/Packages/Microsoft.CodeAnalysis.Analyzers.3.11.0/buildTransitive/config already contains a globalconfig file: Assets/Packages/Microsoft.CodeAnalysis.Analyzers.3.11.0/buildTransitive/config/analysislevelmicrosoftcodeanalysisdocumentation_3_default.globalconfig will be ignored.
Assets/Packages/Microsoft.CodeAnalysis.Analyzers.3.11.0/buildTransitive/config already contains a globalconfig file: Assets/Packages/Microsoft.CodeAnalysis.Analyzers.3.11.0/buildTransitive/config/analysislevelmicrosoftcodeanalysisreleasetracking_3_none.globalconfig will be ignored.
Assets/Packages/Microsoft.CodeAnalysis.Analyzers.3.11.0/buildTransitive/config already contains a globalconfig file: Assets/Packages/Microsoft.CodeAnalysis.Analyzers.3.11.0/buildTransitive/config/analysislevelmicrosoftcodeanalysislocalization_3_3_all_warnaserror.globalconfig will be ignored.
Assets/Packages/Microsoft.CodeAnalysis.Analyzers.3.11.0/buildTransitive/config already contains a globalconfig file: Assets/Packages/Microsoft.CodeAnalysis.Analyzers.3.11.0/buildTransitive/config/analysislevelmicrosoftcodeanalysiscompatibility_3_3_4_default.globalconfig will be ignored.
Assets/Packages/Microsoft.CodeAnalysis.Analyzers.3.11.0/buildTransitive/config already contains a globalconfig file: Assets/Packages/Microsoft.CodeAnalysis.Analyzers.3.11.0/buildTransitive/config/analysislevelmicrosoftcodeanalysiscompatibility_3_none.globalconfig will be ignored.
Assets/Packages/Microsoft.CodeAnalysis.Analyzers.3.11.0/buildTransitive/config already contains a globalconfig file: Assets/Packages/Microsoft.CodeAnalysis.Analyzers.3.11.0/buildTransitive/config/analysislevelmicrosoftcodeanalysiscorrectness_3_3_none_warnaserror.globalconfig will be ignored.
Assets/Packages/Microsoft.CodeAnalysis.Analyzers.3.11.0/buildTransitive/config already contains a globalconfig file: Assets/Packages/Microsoft.CodeAnalysis.Analyzers.3.11.0/buildTransitive/config/analysislevelmicrosoftcodeanalysiscompatibility_3_3_3_all_warnaserror.globalconfig will be ignored.
Assets/Packages/Microsoft.CodeAnalysis.Analyzers.3.11.0/buildTransitive/config already contains a globalconfig file: Assets/Packages/Microsoft.CodeAnalysis.Analyzers.3.11.0/buildTransitive/config/analysislevelmicrosoftcodeanalysisperformance_4_3_default_warnaserror.globalconfig will be ignored.
Assets/Packages/Microsoft.CodeAnalysis.Analyzers.3.11.0/buildTransitive/config already contains a globalconfig file: Assets/Packages/Microsoft.CodeAnalysis.Analyzers.3.11.0/buildTransitive/config/analysislevel_3_default.globalconfig will be ignored.
Assets/Packages/Microsoft.CodeAnalysis.Analyzers.3.11.0/buildTransitive/config already contains a globalconfig file: Assets/Packages/Microsoft.CodeAnalysis.Analyzers.3.11.0/buildTransitive/config/analysislevelmicrosoftcodeanalysisdocumentation_4_3_all_warnaserror.globalconfig will be ignored.
Assets/Packages/Microsoft.CodeAnalysis.Analyzers.3.11.0/buildTransitive/config already contains a globalconfig file: Assets/Packages/Microsoft.CodeAnalysis.Analyzers.3.11.0/buildTransitive/config/analysislevelmicrosoftcodeanalysisdocumentation_3_3_default.globalconfig will be ignored.
Assets/Packages/Microsoft.CodeAnalysis.Analyzers.3.11.0/buildTransitive/config already contains a globalconfig file: Assets/Packages/Microsoft.CodeAnalysis.Analyzers.3.11.0/buildTransitive/config/analysislevelcorrectness_3_default.globalconfig will be ignored.
Assets/Packages/Microsoft.CodeAnalysis.Analyzers.3.11.0/buildTransitive/config already contains a globalconfig file: Assets/Packages/Microsoft.CodeAnalysis.Analyzers.3.11.0/buildTransitive/config/analysislevelcorrectness_3_minimum_warnaserror.globalconfig will be ignored.
Assets/Packages/Microsoft.CodeAnalysis.Analyzers.3.11.0/buildTransitive/config already contains a globalconfig file: Assets/Packages/Microsoft.CodeAnalysis.Analyzers.3.11.0/buildTransitive/config/analysislevelmicrosoftcodeanalysislocalization_2_9_8_minimum_warnaserror.globalconfig will be ignored.
Assets/Packages/Microsoft.CodeAnalysis.Analyzers.3.11.0/buildTransitive/config already contains a globalconfig file: Assets/Packages/Microsoft.CodeAnalysis.Analyzers.3.11.0/buildTransitive/config/analysislevellibrary_3_3_3_recommended_warnaserror.globalconfig will be ignored.
Assets/Packages/Microsoft.CodeAnalysis.Analyzers.3.11.0/buildTransitive/config already contains a globalconfig file: Assets/Packages/Microsoft.CodeAnalysis.Analyzers.3.11.0/buildTransitive/config/analysislevelmicrosoftcodeanalysisreleasetracking_3_3_3_minimum.globalconfig will be ignored.
Assets/Packages/Microsoft.CodeAnalysis.Analyzers.3.11.0/buildTransitive/config already contains a globalconfig file: Assets/Packages/Microsoft.CodeAnalysis.Analyzers.3.11.0/buildTransitive/config/analysislevelmicrosoftcodeanalysiscompatibility_3_3_3_default.globalconfig will be ignored.
Assets/Packages/Microsoft.CodeAnalysis.Analyzers.3.11.0/buildTransitive/config already contains a globalconfig file: Assets/Packages/Microsoft.CodeAnalysis.Analyzers.3.11.0/buildTransitive/config/analysislevelmicrosoftcodeanalysisdesign_4_3_minimum.globalconfig will be ignored.
Assets/Packages/Microsoft.CodeAnalysis.Analyzers.3.11.0/buildTransitive/config already contains a globalconfig file: Assets/Packages/Microsoft.CodeAnalysis.Analyzers.3.11.0/buildTransitive/config/analysislevelmicrosoftcodeanalysisperformance_3_3_minimum.globalconfig will be ignored.
Assets/Packages/Microsoft.CodeAnalysis.Analyzers.3.11.0/buildTransitive/config already contains a globalconfig file: Assets/Packages/Microsoft.CodeAnalysis.Analyzers.3.11.0/buildTransitive/config/analysislevelmicrosoftcodeanalysiscompatibility_4_3_none_warnaserror.globalconfig will be ignored.
Assets/Packages/Microsoft.CodeAnalysis.Analyzers.3.11.0/buildTransitive/config already contains a globalconfig file: Assets/Packages/Microsoft.CodeAnalysis.Analyzers.3.11.0/buildTransitive/config/analysislevelmicrosoftcodeanalysiscompatibility_3_3_3_none_warnaserror.globalconfig will be ignored.
Assets/Packages/Microsoft.CodeAnalysis.Analyzers.3.11.0/buildTransitive/config already contains a globalconfig file: Assets/Packages/Microsoft.CodeAnalysis.Analyzers.3.11.0/buildTransitive/config/analysislevelmicrosoftcodeanalysisreleasetracking_3_3_recommended.globalconfig will be ignored.
Assets/Packages/Microsoft.CodeAnalysis.Analyzers.3.11.0/buildTransitive/config already contains a globalconfig file: Assets/Packages/Microsoft.CodeAnalysis.Analyzers.3.11.0/buildTransitive/config/analysislevellibrary_3_3_4_none.globalconfig will be ignored.
Assets/Packages/Microsoft.CodeAnalysis.Analyzers.3.11.0/buildTransitive/config already contains a globalconfig file: Assets/Packages/Microsoft.CodeAnalysis.Analyzers.3.11.0/buildTransitive/config/analysislevelcorrectness_4_3_none_warnaserror.globalconfig will be ignored.
Assets/Packages/Microsoft.CodeAnalysis.Analyzers.3.11.0/buildTransitive/config already contains a globalconfig file: Assets/Packages/Microsoft.CodeAnalysis.Analyzers.3.11.0/buildTransitive/config/analysislevelmicrosoftcodeanalysisdocumentation_4_3_minimum_warnaserror.globalconfig will be ignored.
Assets/Packages/Microsoft.CodeAnalysis.Analyzers.3.11.0/buildTransitive/config already contains a globalconfig file: Assets/Packages/Microsoft.CodeAnalysis.Analyzers.3.11.0/buildTransitive/config/analysislevellibrary_3_3_4_recommended.globalconfig will be ignored.
Assets/Packages/Microsoft.CodeAnalysis.Analyzers.3.11.0/buildTransitive/config already contains a globalconfig file: Assets/Packages/Microsoft.CodeAnalysis.Analyzers.3.11.0/buildTransitive/config/analysislevelmicrosoftcodeanalysisdesign_3_3_4_minimum.globalconfig will be ignored.
Assets/Packages/Microsoft.CodeAnalysis.Analyzers.3.11.0/buildTransitive/config already contains a globalconfig file: Assets/Packages/Microsoft.CodeAnalysis.Analyzers.3.11.0/buildTransitive/config/analysislevelmicrosoftcodeanalysisreleasetracking_4_3_default.globalconfig will be ignored.
Assets/Packages/Microsoft.CodeAnalysis.Analyzers.3.11.0/buildTransitive/config already contains a globalconfig file: Assets/Packages/Microsoft.CodeAnalysis.Analyzers.3.11.0/buildTransitive/config/analysislevelmicrosoftcodeanalysiscorrectness_3_3_3_none_warnaserror.globalconfig will be ignored.
Assets/Packages/Microsoft.CodeAnalysis.Analyzers.3.11.0/buildTransitive/config already contains a globalconfig file: Assets/Packages/Microsoft.CodeAnalysis.Analyzers.3.11.0/buildTransitive/config/analysislevel_3_3_4_none.globalconfig will be ignored.
Assets/Packages/Microsoft.CodeAnalysis.Analyzers.3.11.0/buildTransitive/config already contains a globalconfig file: Assets/Packages/Microsoft.CodeAnalysis.Analyzers.3.11.0/buildTransitive/config/analysislevelmicrosoftcodeanalysiscorrectness_3_3_minimum.globalconfig will be ignored.
Assets/Packages/Microsoft.CodeAnalysis.Analyzers.3.11.0/buildTransitive/config already contains a globalconfig file: Assets/Packages/Microsoft.CodeAnalysis.Analyzers.3.11.0/buildTransitive/config/analysislevel_3_3_4_minimum.globalconfig will be ignored.
Assets/Packages/Microsoft.CodeAnalysis.Analyzers.3.11.0/buildTransitive/config already contains a globalconfig file: Assets/Packages/Microsoft.CodeAnalysis.Analyzers.3.11.0/buildTransitive/config/analysislevelcorrectness_2_9_8_default.globalconfig will be ignored.
Assets/Packages/Microsoft.CodeAnalysis.Analyzers.3.11.0/buildTransitive/config already contains a globalconfig file: Assets/Packages/Microsoft.CodeAnalysis.Analyzers.3.11.0/buildTransitive/config/analysislevelmicrosoftcodeanalysisreleasetracking_3_3_3_recommended_warnaserror.globalconfig will be ignored.
Assets/Packages/Microsoft.CodeAnalysis.Analyzers.3.11.0/buildTransitive/config already contains a globalconfig file: Assets/Packages/Microsoft.CodeAnalysis.Analyzers.3.11.0/buildTransitive/config/analysislevelmicrosoftcodeanalysiscorrectness_3_3_none.globalconfig will be ignored.
Assets/Packages/Microsoft.CodeAnalysis.Analyzers.3.11.0/buildTransitive/config already contains a globalconfig file: Assets/Packages/Microsoft.CodeAnalysis.Analyzers.3.11.0/buildTransitive/config/analysislevellibrary_3_3_3_default.globalconfig will be ignored.
Assets/Packages/Microsoft.CodeAnalysis.Analyzers.3.11.0/buildTransitive/config already contains a globalconfig file: Assets/Packages/Microsoft.CodeAnalysis.Analyzers.3.11.0/buildTransitive/config/analysislevel_2_9_8_minimum.globalconfig will be ignored.
Assets/Packages/Microsoft.CodeAnalysis.Analyzers.3.11.0/buildTransitive/config already contains a globalconfig file: Assets/Packages/Microsoft.CodeAnalysis.Analyzers.3.11.0/buildTransitive/config/analysislevelmicrosoftcodeanalysisreleasetracking_3_all.globalconfig will be ignored.
Assets/Packages/Microsoft.CodeAnalysis.Analyzers.3.11.0/buildTransitive/config already contains a globalconfig file: Assets/Packages/Microsoft.CodeAnalysis.Analyzers.3.11.0/buildTransitive/config/analysislevelmicrosoftcodeanalysiscorrectness_3_3_3_recommended.globalconfig will be ignored.
Assets/Packages/Microsoft.CodeAnalysis.Analyzers.3.11.0/buildTransitive/config already contains a globalconfig file: Assets/Packages/Microsoft.CodeAnalysis.Analyzers.3.11.0/buildTransitive/config/analysislevelmicrosoftcodeanalysiscorrectness_4_3_recommended_warnaserror.globalconfig will be ignored.
Assets/Packages/Microsoft.CodeAnalysis.Analyzers.3.11.0/buildTransitive/config already contains a globalconfig file: Assets/Packages/Microsoft.CodeAnalysis.Analyzers.3.11.0/buildTransitive/config/analysislevellibrary_2_9_8_recommended_warnaserror.globalconfig will be ignored.
Assets/Packages/Microsoft.CodeAnalysis.Analyzers.3.11.0/buildTransitive/config already contains a globalconfig file: Assets/Packages/Microsoft.CodeAnalysis.Analyzers.3.11.0/buildTransitive/config/analysislevelmicrosoftcodeanalysislocalization_2_9_8_default.globalconfig will be ignored.
Assets/Packages/Microsoft.CodeAnalysis.Analyzers.3.11.0/buildTransitive/config already contains a globalconfig file: Assets/Packages/Microsoft.CodeAnalysis.Analyzers.3.11.0/buildTransitive/config/analysislevelmicrosoftcodeanalysisperformance_2_9_8_minimum.globalconfig will be ignored.
Assets/Packages/Microsoft.CodeAnalysis.Analyzers.3.11.0/buildTransitive/config already contains a globalconfig file: Assets/Packages/Microsoft.CodeAnalysis.Analyzers.3.11.0/buildTransitive/config/analysislevelmicrosoftcodeanalysisdesign_4_3_default.globalconfig will be ignored.
Assets/Packages/Microsoft.CodeAnalysis.Analyzers.3.11.0/buildTransitive/config already contains a globalconfig file: Assets/Packages/Microsoft.CodeAnalysis.Analyzers.3.11.0/buildTransitive/config/analysislevelmicrosoftcodeanalysisperformance_2_9_8_minimum_warnaserror.globalconfig will be ignored.
Assets/Packages/Microsoft.CodeAnalysis.Analyzers.3.11.0/buildTransitive/config already contains a globalconfig file: Assets/Packages/Microsoft.CodeAnalysis.Analyzers.3.11.0/buildTransitive/config/analysislevel_3_minimum.globalconfig will be ignored.
Assets/Packages/Microsoft.CodeAnalysis.Analyzers.3.11.0/buildTransitive/config already contains a globalconfig file: Assets/Packages/Microsoft.CodeAnalysis.Analyzers.3.11.0/buildTransitive/config/analysislevelmicrosoftcodeanalysiscorrectness_3_3_4_default_warnaserror.globalconfig will be ignored.
Assets/Packages/Microsoft.CodeAnalysis.Analyzers.3.11.0/buildTransitive/config already contains a globalconfig file: Assets/Packages/Microsoft.CodeAnalysis.Analyzers.3.11.0/buildTransitive/config/analysislevelmicrosoftcodeanalysisperformance_3_3_3_none.globalconfig will be ignored.
Assets/Packages/Microsoft.CodeAnalysis.Analyzers.3.11.0/buildTransitive/config already contains a globalconfig file: Assets/Packages/Microsoft.CodeAnalysis.Analyzers.3.11.0/buildTransitive/config/analysislevelmicrosoftcodeanalysisdocumentation_3_3_default_warnaserror.globalconfig will be ignored.
Assets/Packages/Microsoft.CodeAnalysis.Analyzers.3.11.0/buildTransitive/config already contains a globalconfig file: Assets/Packages/Microsoft.CodeAnalysis.Analyzers.3.11.0/buildTransitive/config/analysislevel_3_3_minimum_warnaserror.globalconfig will be ignored.
Assets/Packages/Microsoft.CodeAnalysis.Analyzers.3.11.0/buildTransitive/config already contains a globalconfig file: Assets/Packages/Microsoft.CodeAnalysis.Analyzers.3.11.0/buildTransitive/config/analysislevelmicrosoftcodeanalysisperformance_3_all.globalconfig will be ignored.
Assets/Packages/Microsoft.CodeAnalysis.Analyzers.3.11.0/buildTransitive/config already contains a globalconfig file: Assets/Packages/Microsoft.CodeAnalysis.Analyzers.3.11.0/buildTransitive/config/analysislevelmicrosoftcodeanalysislocalization_3_3_default.globalconfig will be ignored.
Assets/Packages/Microsoft.CodeAnalysis.Analyzers.3.11.0/buildTransitive/config already contains a globalconfig file: Assets/Packages/Microsoft.CodeAnalysis.Analyzers.3.11.0/buildTransitive/config/analysislevelmicrosoftcodeanalysislocalization_3_default_warnaserror.globalconfig will be ignored.
Assets/Packages/Microsoft.CodeAnalysis.Analyzers.3.11.0/buildTransitive/config already contains a globalconfig file: Assets/Packages/Microsoft.CodeAnalysis.Analyzers.3.11.0/buildTransitive/config/analysislevel_4_3_recommended.globalconfig will be ignored.
Assets/Packages/Microsoft.CodeAnalysis.Analyzers.3.11.0/buildTransitive/config already contains a globalconfig file: Assets/Packages/Microsoft.CodeAnalysis.Analyzers.3.11.0/buildTransitive/config/analysislevelmicrosoftcodeanalysislocalization_3_default.globalconfig will be ignored.
Assets/Packages/Microsoft.CodeAnalysis.Analyzers.3.11.0/buildTransitive/config already contains a globalconfig file: Assets/Packages/Microsoft.CodeAnalysis.Analyzers.3.11.0/buildTransitive/config/analysislevelmicrosoftcodeanalysisreleasetracking_4_3_recommended_warnaserror.globalconfig will be ignored.
Assets/Packages/Microsoft.CodeAnalysis.Analyzers.3.11.0/buildTransitive/config already contains a globalconfig file: Assets/Packages/Microsoft.CodeAnalysis.Analyzers.3.11.0/buildTransitive/config/analysislevelmicrosoftcodeanalysislocalization_4_3_recommended_warnaserror.globalconfig will be ignored.
Assets/Packages/Microsoft.CodeAnalysis.Analyzers.3.11.0/buildTransitive/config already contains a globalconfig file: Assets/Packages/Microsoft.CodeAnalysis.Analyzers.3.11.0/buildTransitive/config/analysislevelmicrosoftcodeanalysiscompatibility_3_minimum.globalconfig will be ignored.
Assets/Packages/Microsoft.CodeAnalysis.Analyzers.3.11.0/buildTransitive/config already contains a globalconfig file: Assets/Packages/Microsoft.CodeAnalysis.Analyzers.3.11.0/buildTransitive/config/analysislevelmicrosoftcodeanalysisdocumentation_3_3_minimum_warnaserror.globalconfig will be ignored.
Assets/Packages/Microsoft.CodeAnalysis.Analyzers.3.11.0/buildTransitive/config already contains a globalconfig file: Assets/Packages/Microsoft.CodeAnalysis.Analyzers.3.11.0/buildTransitive/config/analysislevelmicrosoftcodeanalysiscorrectness_3_3_3_minimum_warnaserror.globalconfig will be ignored.
Assets/Packages/Microsoft.CodeAnalysis.Analyzers.3.11.0/buildTransitive/config already contains a globalconfig file: Assets/Packages/Microsoft.CodeAnalysis.Analyzers.3.11.0/buildTransitive/config/analysislevelmicrosoftcodeanalysiscompatibility_3_3_default_warnaserror.globalconfig will be ignored.
Assets/Packages/Microsoft.CodeAnalysis.Analyzers.3.11.0/buildTransitive/config already contains a globalconfig file: Assets/Packages/Microsoft.CodeAnalysis.Analyzers.3.11.0/buildTransitive/config/analysislevelmicrosoftcodeanalysiscompatibility_3_none_warnaserror.globalconfig will be ignored.
Assets/Packages/Microsoft.CodeAnalysis.Analyzers.3.11.0/buildTransitive/config already contains a globalconfig file: Assets/Packages/Microsoft.CodeAnalysis.Analyzers.3.11.0/buildTransitive/config/analysislevelmicrosoftcodeanalysisperformance_3_3_4_recommended_warnaserror.globalconfig will be ignored.
Assets/Packages/Microsoft.CodeAnalysis.Analyzers.3.11.0/buildTransitive/config already contains a globalconfig file: Assets/Packages/Microsoft.CodeAnalysis.Analyzers.3.11.0/buildTransitive/config/analysislevelmicrosoftcodeanalysisreleasetracking_2_9_8_none.globalconfig will be ignored.
Assets/Packages/Microsoft.CodeAnalysis.Analyzers.3.11.0/buildTransitive/config already contains a globalconfig file: Assets/Packages/Microsoft.CodeAnalysis.Analyzers.3.11.0/buildTransitive/config/analysislevelmicrosoftcodeanalysislocalization_3_minimum_warnaserror.globalconfig will be ignored.
Assets/Packages/Microsoft.CodeAnalysis.Analyzers.3.11.0/buildTransitive/config already contains a globalconfig file: Assets/Packages/Microsoft.CodeAnalysis.Analyzers.3.11.0/buildTransitive/config/analysislevelcorrectness_3_3_none_warnaserror.globalconfig will be ignored.
Assets/Packages/Microsoft.CodeAnalysis.Analyzers.3.11.0/buildTransitive/config already contains a globalconfig file: Assets/Packages/Microsoft.CodeAnalysis.Analyzers.3.11.0/buildTransitive/config/analysislevelcorrectness_3_3_default.globalconfig will be ignored.
Assets/Packages/Microsoft.CodeAnalysis.Analyzers.3.11.0/buildTransitive/config already contains a globalconfig file: Assets/Packages/Microsoft.CodeAnalysis.Analyzers.3.11.0/buildTransitive/config/analysislevelmicrosoftcodeanalysisreleasetracking_3_3_all_warnaserror.globalconfig will be ignored.
Assets/Packages/Microsoft.CodeAnalysis.Analyzers.3.11.0/buildTransitive/config already contains a globalconfig file: Assets/Packages/Microsoft.CodeAnalysis.Analyzers.3.11.0/buildTransitive/config/analysislevellibrary_3_3_3_recommended.globalconfig will be ignored.
Assets/Packages/Microsoft.CodeAnalysis.Analyzers.3.11.0/buildTransitive/config already contains a globalconfig file: Assets/Packages/Microsoft.CodeAnalysis.Analyzers.3.11.0/buildTransitive/config/analysislevelmicrosoftcodeanalysiscompatibility_3_3_none.globalconfig will be ignored.
Assets/Packages/Microsoft.CodeAnalysis.Analyzers.3.11.0/buildTransitive/config already contains a globalconfig file: Assets/Packages/Microsoft.CodeAnalysis.Analyzers.3.11.0/buildTransitive/config/analysislevel_3_3_3_all.globalconfig will be ignored.
Assets/Packages/Microsoft.CodeAnalysis.Analyzers.3.11.0/buildTransitive/config already contains a globalconfig file: Assets/Packages/Microsoft.CodeAnalysis.Analyzers.3.11.0/buildTransitive/config/analysislevelmicrosoftcodeanalysislocalization_3_3_3_none_warnaserror.globalconfig will be ignored.
Assets/Packages/Microsoft.CodeAnalysis.Analyzers.3.11.0/buildTransitive/config already contains a globalconfig file: Assets/Packages/Microsoft.CodeAnalysis.Analyzers.3.11.0/buildTransitive/config/analysislevelmicrosoftcodeanalysisdesign_3_none_warnaserror.globalconfig will be ignored.
Assets/Packages/Microsoft.CodeAnalysis.Analyzers.3.11.0/buildTransitive/config already contains a globalconfig file: Assets/Packages/Microsoft.CodeAnalysis.Analyzers.3.11.0/buildTransitive/config/analysislevel_3_default_warnaserror.globalconfig will be ignored.
Assets/Packages/Microsoft.CodeAnalysis.Analyzers.3.11.0/buildTransitive/config already contains a globalconfig file: Assets/Packages/Microsoft.CodeAnalysis.Analyzers.3.11.0/buildTransitive/config/analysislevelmicrosoftcodeanalysiscompatibility_2_9_8_minimum.globalconfig will be ignored.
Assets/Packages/Microsoft.CodeAnalysis.Analyzers.3.11.0/buildTransitive/config already contains a globalconfig file: Assets/Packages/Microsoft.CodeAnalysis.Analyzers.3.11.0/buildTransitive/config/analysislevelmicrosoftcodeanalysisdocumentation_4_3_all.globalconfig will be ignored.
Assets/Packages/Microsoft.CodeAnalysis.Analyzers.3.11.0/buildTransitive/config already contains a globalconfig file: Assets/Packages/Microsoft.CodeAnalysis.Analyzers.3.11.0/buildTransitive/config/analysislevellibrary_2_9_8_default_warnaserror.globalconfig will be ignored.
Assets/Packages/Microsoft.CodeAnalysis.Analyzers.3.11.0/buildTransitive/config already contains a globalconfig file: Assets/Packages/Microsoft.CodeAnalysis.Analyzers.3.11.0/buildTransitive/config/analysislevelmicrosoftcodeanalysisperformance_2_9_8_recommended.globalconfig will be ignored.
Assets/Packages/Microsoft.CodeAnalysis.Analyzers.3.11.0/buildTransitive/config already contains a globalconfig file: Assets/Packages/Microsoft.CodeAnalysis.Analyzers.3.11.0/buildTransitive/config/analysislevelmicrosoftcodeanalysiscorrectness_2_9_8_none.globalconfig will be ignored.
Assets/Packages/Microsoft.CodeAnalysis.Analyzers.3.11.0/buildTransitive/config already contains a globalconfig file: Assets/Packages/Microsoft.CodeAnalysis.Analyzers.3.11.0/buildTransitive/config/analysislevelmicrosoftcodeanalysisreleasetracking_3_3_none_warnaserror.globalconfig will be ignored.
Assets/Packages/Microsoft.CodeAnalysis.Analyzers.3.11.0/buildTransitive/config already contains a globalconfig file: Assets/Packages/Microsoft.CodeAnalysis.Analyzers.3.11.0/buildTransitive/config/analysislevelmicrosoftcodeanalysiscorrectness_2_9_8_minimum_warnaserror.globalconfig will be ignored.
Assets/Packages/Microsoft.CodeAnalysis.Analyzers.3.11.0/buildTransitive/config already contains a globalconfig file: Assets/Packages/Microsoft.CodeAnalysis.Analyzers.3.11.0/buildTransitive/config/analysislevelmicrosoftcodeanalysiscorrectness_3_3_3_default_warnaserror.globalconfig will be ignored.
Assets/Packages/Microsoft.CodeAnalysis.Analyzers.3.11.0/buildTransitive/config already contains a globalconfig file: Assets/Packages/Microsoft.CodeAnalysis.Analyzers.3.11.0/buildTransitive/config/analysislevel_3_all_warnaserror.globalconfig will be ignored.
Assets/Packages/Microsoft.CodeAnalysis.Analyzers.3.11.0/buildTransitive/config already contains a globalconfig file: Assets/Packages/Microsoft.CodeAnalysis.Analyzers.3.11.0/buildTransitive/config/analysislevel_3_3_3_all_warnaserror.globalconfig will be ignored.
Assets/Packages/Microsoft.CodeAnalysis.Analyzers.3.11.0/buildTransitive/config already contains a globalconfig file: Assets/Packages/Microsoft.CodeAnalysis.Analyzers.3.11.0/buildTransitive/config/analysislevelmicrosoftcodeanalysislocalization_3_3_4_none_warnaserror.globalconfig will be ignored.
Assets/Packages/Microsoft.CodeAnalysis.Analyzers.3.11.0/buildTransitive/config already contains a globalconfig file: Assets/Packages/Microsoft.CodeAnalysis.Analyzers.3.11.0/buildTransitive/config/analysislevellibrary_3_3_all_warnaserror.globalconfig will be ignored.
Assets/Packages/Microsoft.CodeAnalysis.Analyzers.3.11.0/buildTransitive/config already contains a globalconfig file: Assets/Packages/Microsoft.CodeAnalysis.Analyzers.3.11.0/buildTransitive/config/analysislevelcorrectness_4_3_recommended_warnaserror.globalconfig will be ignored.
Assets/Packages/Microsoft.CodeAnalysis.Analyzers.3.11.0/buildTransitive/config already contains a globalconfig file: Assets/Packages/Microsoft.CodeAnalysis.Analyzers.3.11.0/buildTransitive/config/analysislevelcorrectness_3_all.globalconfig will be ignored.
Assets/Packages/Microsoft.CodeAnalysis.Analyzers.3.11.0/buildTransitive/config already contains a globalconfig file: Assets/Packages/Microsoft.CodeAnalysis.Analyzers.3.11.0/buildTransitive/config/analysislevelmicrosoftcodeanalysislocalization_2_9_8_all_warnaserror.globalconfig will be ignored.
Assets/Packages/Microsoft.CodeAnalysis.Analyzers.3.11.0/buildTransitive/config already contains a globalconfig file: Assets/Packages/Microsoft.CodeAnalysis.Analyzers.3.11.0/buildTransitive/config/analysislevelmicrosoftcodeanalysisreleasetracking_3_3_4_minimum_warnaserror.globalconfig will be ignored.
Assets/Packages/Microsoft.CodeAnalysis.Analyzers.3.11.0/buildTransitive/config already contains a globalconfig file: Assets/Packages/Microsoft.CodeAnalysis.Analyzers.3.11.0/buildTransitive/config/analysislevelmicrosoftcodeanalysislocalization_3_3_4_minimum_warnaserror.globalconfig will be ignored.
Assets/Packages/Microsoft.CodeAnalysis.Analyzers.3.11.0/buildTransitive/config already contains a globalconfig file: Assets/Packages/Microsoft.CodeAnalysis.Analyzers.3.11.0/buildTransitive/config/analysislevelmicrosoftcodeanalysiscorrectness_2_9_8_recommended.globalconfig will be ignored.
Assets/Packages/Microsoft.CodeAnalysis.Analyzers.3.11.0/buildTransitive/config already contains a globalconfig file: Assets/Packages/Microsoft.CodeAnalysis.Analyzers.3.11.0/buildTransitive/config/analysislevelmicrosoftcodeanalysisperformance_3_3_3_recommended_warnaserror.globalconfig will be ignored.
Assets/Packages/Microsoft.CodeAnalysis.Analyzers.3.11.0/buildTransitive/config already contains a globalconfig file: Assets/Packages/Microsoft.CodeAnalysis.Analyzers.3.11.0/buildTransitive/config/analysislevellibrary_3_3_3_all_warnaserror.globalconfig will be ignored.
Assets/Packages/Microsoft.CodeAnalysis.Analyzers.3.11.0/buildTransitive/config already contains a globalconfig file: Assets/Packages/Microsoft.CodeAnalysis.Analyzers.3.11.0/buildTransitive/config/analysislevelmicrosoftcodeanalysiscorrectness_3_minimum.globalconfig will be ignored.
Assets/Packages/Microsoft.CodeAnalysis.Analyzers.3.11.0/buildTransitive/config already contains a globalconfig file: Assets/Packages/Microsoft.CodeAnalysis.Analyzers.3.11.0/buildTransitive/config/analysislevelcorrectness_4_3_minimum.globalconfig will be ignored.
Assets/Packages/Microsoft.CodeAnalysis.Analyzers.3.11.0/buildTransitive/config already contains a globalconfig file: Assets/Packages/Microsoft.CodeAnalysis.Analyzers.3.11.0/buildTransitive/config/analysislevelmicrosoftcodeanalysislocalization_3_recommended.globalconfig will be ignored.
Assets/Packages/Microsoft.CodeAnalysis.Analyzers.3.11.0/buildTransitive/config already contains a globalconfig file: Assets/Packages/Microsoft.CodeAnalysis.Analyzers.3.11.0/buildTransitive/config/analysislevel_3_3_3_none_warnaserror.globalconfig will be ignored.
Assets/Packages/Microsoft.CodeAnalysis.Analyzers.3.11.0/buildTransitive/config already contains a globalconfig file: Assets/Packages/Microsoft.CodeAnalysis.Analyzers.3.11.0/buildTransitive/config/analysislevelcorrectness_3_3_4_recommended_warnaserror.globalconfig will be ignored.
Assets/Packages/Microsoft.CodeAnalysis.Analyzers.3.11.0/buildTransitive/config already contains a globalconfig file: Assets/Packages/Microsoft.CodeAnalysis.Analyzers.3.11.0/buildTransitive/config/analysislevelmicrosoftcodeanalysisperformance_3_3_3_recommended.globalconfig will be ignored.
Assets/Packages/Microsoft.CodeAnalysis.Analyzers.3.11.0/buildTransitive/config already contains a globalconfig file: Assets/Packages/Microsoft.CodeAnalysis.Analyzers.3.11.0/buildTransitive/config/analysislevelmicrosoftcodeanalysisdocumentation_2_9_8_default.globalconfig will be ignored.
Assets/Packages/Microsoft.CodeAnalysis.Analyzers.3.11.0/buildTransitive/config already contains a globalconfig file: Assets/Packages/Microsoft.CodeAnalysis.Analyzers.3.11.0/buildTransitive/config/analysislevel_4_3_all.globalconfig will be ignored.
Assets/Packages/Microsoft.CodeAnalysis.Analyzers.3.11.0/buildTransitive/config already contains a globalconfig file: Assets/Packages/Microsoft.CodeAnalysis.Analyzers.3.11.0/buildTransitive/config/analysislevelmicrosoftcodeanalysisdocumentation_3_none.globalconfig will be ignored.
Assets/Packages/Microsoft.CodeAnalysis.Analyzers.3.11.0/buildTransitive/config already contains a globalconfig file: Assets/Packages/Microsoft.CodeAnalysis.Analyzers.3.11.0/buildTransitive/config/analysislevelmicrosoftcodeanalysisreleasetracking_3_3_4_none_warnaserror.globalconfig will be ignored.
Assets/Packages/Microsoft.CodeAnalysis.Analyzers.3.11.0/buildTransitive/config already contains a globalconfig file: Assets/Packages/Microsoft.CodeAnalysis.Analyzers.3.11.0/buildTransitive/config/analysislevelmicrosoftcodeanalysisdocumentation_3_3_3_all_warnaserror.globalconfig will be ignored.
Assets/Packages/Microsoft.CodeAnalysis.Analyzers.3.11.0/buildTransitive/config already contains a globalconfig file: Assets/Packages/Microsoft.CodeAnalysis.Analyzers.3.11.0/buildTransitive/config/analysislevelmicrosoftcodeanalysisperformance_3_3_none.globalconfig will be ignored.
Assets/Packages/Microsoft.CodeAnalysis.Analyzers.3.11.0/buildTransitive/config already contains a globalconfig file: Assets/Packages/Microsoft.CodeAnalysis.Analyzers.3.11.0/buildTransitive/config/analysislevelmicrosoftcodeanalysisdocumentation_3_3_4_minimum_warnaserror.globalconfig will be ignored.
Assets/Packages/Microsoft.CodeAnalysis.Analyzers.3.11.0/buildTransitive/config already contains a globalconfig file: Assets/Packages/Microsoft.CodeAnalysis.Analyzers.3.11.0/buildTransitive/config/analysislevelmicrosoftcodeanalysiscompatibility_3_3_4_minimum.globalconfig will be ignored.
Assets/Packages/Microsoft.CodeAnalysis.Analyzers.3.11.0/buildTransitive/config already contains a globalconfig file: Assets/Packages/Microsoft.CodeAnalysis.Analyzers.3.11.0/buildTransitive/config/analysislevelmicrosoftcodeanalysisreleasetracking_3_all_warnaserror.globalconfig will be ignored.
Assets/Packages/Microsoft.CodeAnalysis.Analyzers.3.11.0/buildTransitive/config already contains a globalconfig file: Assets/Packages/Microsoft.CodeAnalysis.Analyzers.3.11.0/buildTransitive/config/analysislevellibrary_3_3_4_recommended_warnaserror.globalconfig will be ignored.
Assets/Packages/Microsoft.CodeAnalysis.Analyzers.3.11.0/buildTransitive/config already contains a globalconfig file: Assets/Packages/Microsoft.CodeAnalysis.Analyzers.3.11.0/buildTransitive/config/analysislevellibrary_2_9_8_minimum.globalconfig will be ignored.
Assets/Packages/Microsoft.CodeAnalysis.Analyzers.3.11.0/buildTransitive/config already contains a globalconfig file: Assets/Packages/Microsoft.CodeAnalysis.Analyzers.3.11.0/buildTransitive/config/analysislevelmicrosoftcodeanalysisreleasetracking_4_3_minimum_warnaserror.globalconfig will be ignored.
Assets/Packages/Microsoft.CodeAnalysis.Analyzers.3.11.0/buildTransitive/config already contains a globalconfig file: Assets/Packages/Microsoft.CodeAnalysis.Analyzers.3.11.0/buildTransitive/config/analysislevelmicrosoftcodeanalysisdocumentation_3_3_4_all_warnaserror.globalconfig will be ignored.
Assets/Packages/Microsoft.CodeAnalysis.Analyzers.3.11.0/buildTransitive/config already contains a globalconfig file: Assets/Packages/Microsoft.CodeAnalysis.Analyzers.3.11.0/buildTransitive/config/analysislevellibrary_3_3_4_minimum_warnaserror.globalconfig will be ignored.
Assets/Packages/Microsoft.CodeAnalysis.Analyzers.3.11.0/buildTransitive/config already contains a globalconfig file: Assets/Packages/Microsoft.CodeAnalysis.Analyzers.3.11.0/buildTransitive/config/analysislevelmicrosoftcodeanalysislocalization_2_9_8_minimum.globalconfig will be ignored.
Assets/Packages/Microsoft.CodeAnalysis.Analyzers.3.11.0/buildTransitive/config already contains a globalconfig file: Assets/Packages/Microsoft.CodeAnalysis.Analyzers.3.11.0/buildTransitive/config/analysislevelmicrosoftcodeanalysiscorrectness_3_minimum_warnaserror.globalconfig will be ignored.
Assets/Packages/Microsoft.CodeAnalysis.Analyzers.3.11.0/buildTransitive/config already contains a globalconfig file: Assets/Packages/Microsoft.CodeAnalysis.Analyzers.3.11.0/buildTransitive/config/analysislevelmicrosoftcodeanalysislocalization_3_none.globalconfig will be ignored.
Assets/Packages/Microsoft.CodeAnalysis.Analyzers.3.11.0/buildTransitive/config already contains a globalconfig file: Assets/Packages/Microsoft.CodeAnalysis.Analyzers.3.11.0/buildTransitive/config/analysislevellibrary_3_3_3_minimum_warnaserror.globalconfig will be ignored.
Begin MonoManager ReloadAssembly
Symbol file LoadedFromMemory is not a mono symbol file
Native extension for Android target not found
Native extension for OSXStandalone target not found
Refreshing native plugins compatible for Editor in 0.65 ms, found 3 plugins.
Preloading 0 native plugins for Editor in 0.00 ms.
Package Manager log level set to [2]
[Package Manager] Server::EnsureServerProcessIsRunning -- launch failed, reason: Unity was launched with the -noUpm command-line argument
[Package Manager] Cannot connect to Unity Package Manager local server
Launching external process: /Applications/Unity/Hub/Editor/2021.3.45f2/Unity.app/Contents/Tools/UnityShaderCompiler
Launched and connected shader compiler UnityShaderCompiler after 0.09 seconds
Mono: successfully reloaded assembly
- Completed reload, in  4.225 seconds
Domain Reload Profiling:
	ReloadAssembly (4227ms)
		BeginReloadAssembly (235ms)
			ExecutionOrderSort (0ms)
			DisableScriptedObjects (31ms)
			BackupInstance (0ms)
			ReleaseScriptingObjects (0ms)
			CreateAndSetChildDomain (27ms)
		EndReloadAssembly (3790ms)
			LoadAssemblies (213ms)
			RebuildTransferFunctionScriptingTraits (0ms)
			SetupTypeCache (409ms)
			ReleaseScriptCaches (1ms)
			RebuildScriptCaches (39ms)
			SetupLoadedEditorAssemblies (2980ms)
				LogAssemblyErrors (0ms)
				InitializePlatformSupportModulesInManaged (32ms)
				SetLoadedEditorAssemblies (1ms)
				RefreshPlugins (1ms)
				BeforeProcessingInitializeOnLoad (86ms)
				ProcessInitializeOnLoadAttributes (2207ms)
				ProcessInitializeOnLoadMethodAttributes (652ms)
				AfterProcessingInitializeOnLoad (1ms)
				EditorAssembliesLoaded (0ms)
			ExecutionOrderSort2 (0ms)
			AwakeInstancesAfterBackupRestoration (8ms)
Platform modules already initialized, skipping
========================================================================
Worker process is ready to serve import requests
Refreshing native plugins compatible for Editor in 0.96 ms, found 3 plugins.
Preloading 0 native plugins for Editor in 0.00 ms.
Unloading 3981 Unused Serialized files (Serialized files now loaded: 0)
Unloading 728 unused Assets / (357.4 KB). Loaded Objects now: 3817.
Memory consumption went from 129.9 MB to 129.6 MB.
Total: 24.461917 ms (FindLiveObjects: 0.367875 ms CreateObjectMapping: 0.057208 ms MarkObjects: 23.720334 ms  DeleteObjects: 0.315416 ms)

AssetImportParameters requested are different than current active one (requested -> active):
  custom:video-decoder-ogg-theora: a1e56fd34408186e4bbccfd4996cb3dc -> 
  custom:container-muxer-webm: aa71ff27fc2769a1b78a27578f13a17b -> 
  custom:container-demuxer-webm: 4f35f7cbe854078d1ac9338744f61a02 -> 
  custom:video-encoder-webm-vp8: eb34c28f22e8b96e1ab97ce403110664 -> 
  custom:framework-osx-AVFoundation: e770b220cccbd017edd2c1fefb359320 -> 
  custom:CustomObjectIndexerAttribute: bc11b3a6c3213fcdd17b65e7da85e133 -> 
  custom:audio-encoder-webm-vorbis: bf7c407c2cedff20999df2af8eb42d56 -> 
  custom:SearchIndexIgnoredProperties: e643bd26f0fe6173181afceb89e7c659 -> 
  custom:container-demuxer-ogg: 62fdf1f143b41e24485cea50d1cbac27 -> 
  custom:video-decoder-webm-vp8: 9c59270c3fd7afecdb556c50c9e8de78 -> 
  custom:audio-decoder-ogg-vorbis: bf7c407c2cedff20999df2af8eb42d56 -> 
========================================================================
Received Prepare
Registering precompiled user dll's ...
Registered in 0.006236 seconds.
Assets/Packages/Microsoft.CodeAnalysis.Analyzers.3.11.0/rulesets already contains a ruleset file: Assets/Packages/Microsoft.CodeAnalysis.Analyzers.3.11.0/rulesets/AllRulesDisabled.ruleset. Assets/Packages/Microsoft.CodeAnalysis.Analyzers.3.11.0/rulesets/CorrectnessRulesDefault.ruleset will be ignored.
Assets/Packages/Microsoft.CodeAnalysis.Analyzers.3.11.0/rulesets already contains a ruleset file: Assets/Packages/Microsoft.CodeAnalysis.Analyzers.3.11.0/rulesets/AllRulesDisabled.ruleset. Assets/Packages/Microsoft.CodeAnalysis.Analyzers.3.11.0/rulesets/MicrosoftCodeAnalysisCompatibilityRulesEnabled.ruleset will be ignored.
Assets/Packages/Microsoft.CodeAnalysis.Analyzers.3.11.0/rulesets already contains a ruleset file: Assets/Packages/Microsoft.CodeAnalysis.Analyzers.3.11.0/rulesets/AllRulesDisabled.ruleset. Assets/Packages/Microsoft.CodeAnalysis.Analyzers.3.11.0/rulesets/LibraryRulesDefault.ruleset will be ignored.
Assets/Packages/Microsoft.CodeAnalysis.Analyzers.3.11.0/rulesets already contains a ruleset file: Assets/Packages/Microsoft.CodeAnalysis.Analyzers.3.11.0/rulesets/AllRulesDisabled.ruleset. Assets/Packages/Microsoft.CodeAnalysis.Analyzers.3.11.0/rulesets/MicrosoftCodeAnalysisPerformanceRulesDefault.ruleset will be ignored.
Assets/Packages/Microsoft.CodeAnalysis.Analyzers.3.11.0/rulesets already contains a ruleset file: Assets/Packages/Microsoft.CodeAnalysis.Analyzers.3.11.0/rulesets/AllRulesDisabled.ruleset. Assets/Packages/Microsoft.CodeAnalysis.Analyzers.3.11.0/rulesets/MicrosoftCodeAnalysisDesignRulesDefault.ruleset will be ignored.
Assets/Packages/Microsoft.CodeAnalysis.Analyzers.3.11.0/rulesets already contains a ruleset file: Assets/Packages/Microsoft.CodeAnalysis.Analyzers.3.11.0/rulesets/AllRulesDisabled.ruleset. Assets/Packages/Microsoft.CodeAnalysis.Analyzers.3.11.0/rulesets/MicrosoftCodeAnalysisLocalizationRulesEnabled.ruleset will be ignored.
Assets/Packages/Microsoft.CodeAnalysis.Analyzers.3.11.0/rulesets already contains a ruleset file: Assets/Packages/Microsoft.CodeAnalysis.Analyzers.3.11.0/rulesets/AllRulesDisabled.ruleset. Assets/Packages/Microsoft.CodeAnalysis.Analyzers.3.11.0/rulesets/PortedFromFxCopRulesDefault.ruleset will be ignored.
Assets/Packages/Microsoft.CodeAnalysis.Analyzers.3.11.0/rulesets already contains a ruleset file: Assets/Packages/Microsoft.CodeAnalysis.Analyzers.3.11.0/rulesets/AllRulesDisabled.ruleset. Assets/Packages/Microsoft.CodeAnalysis.Analyzers.3.11.0/rulesets/LibraryRulesEnabled.ruleset will be ignored.
Assets/Packages/Microsoft.CodeAnalysis.Analyzers.3.11.0/rulesets already contains a ruleset file: Assets/Packages/Microsoft.CodeAnalysis.Analyzers.3.11.0/rulesets/AllRulesDisabled.ruleset. Assets/Packages/Microsoft.CodeAnalysis.Analyzers.3.11.0/rulesets/MicrosoftCodeAnalysisDocumentationRulesEnabled.ruleset will be ignored.
Assets/Packages/Microsoft.CodeAnalysis.Analyzers.3.11.0/rulesets already contains a ruleset file: Assets/Packages/Microsoft.CodeAnalysis.Analyzers.3.11.0/rulesets/AllRulesDisabled.ruleset. Assets/Packages/Microsoft.CodeAnalysis.Analyzers.3.11.0/rulesets/MicrosoftCodeAnalysisCorrectnessRulesDefault.ruleset will be ignored.
Assets/Packages/Microsoft.CodeAnalysis.Analyzers.3.11.0/rulesets already contains a ruleset file: Assets/Packages/Microsoft.CodeAnalysis.Analyzers.3.11.0/rulesets/AllRulesDisabled.ruleset. Assets/Packages/Microsoft.CodeAnalysis.Analyzers.3.11.0/rulesets/DataflowRulesDefault.ruleset will be ignored.
Assets/Packages/Microsoft.CodeAnalysis.Analyzers.3.11.0/rulesets already contains a ruleset file: Assets/Packages/Microsoft.CodeAnalysis.Analyzers.3.11.0/rulesets/AllRulesDisabled.ruleset. Assets/Packages/Microsoft.CodeAnalysis.Analyzers.3.11.0/rulesets/CorrectnessRulesEnabled.ruleset will be ignored.
Assets/Packages/Microsoft.CodeAnalysis.Analyzers.3.11.0/rulesets already contains a ruleset file: Assets/Packages/Microsoft.CodeAnalysis.Analyzers.3.11.0/rulesets/AllRulesDisabled.ruleset. Assets/Packages/Microsoft.CodeAnalysis.Analyzers.3.11.0/rulesets/MicrosoftCodeAnalysisReleaseTrackingRulesDefault.ruleset will be ignored.
Assets/Packages/Microsoft.CodeAnalysis.Analyzers.3.11.0/rulesets already contains a ruleset file: Assets/Packages/Microsoft.CodeAnalysis.Analyzers.3.11.0/rulesets/AllRulesDisabled.ruleset. Assets/Packages/Microsoft.CodeAnalysis.Analyzers.3.11.0/rulesets/AllRulesEnabled.ruleset will be ignored.
Assets/Packages/Microsoft.CodeAnalysis.Analyzers.3.11.0/rulesets already contains a ruleset file: Assets/Packages/Microsoft.CodeAnalysis.Analyzers.3.11.0/rulesets/AllRulesDisabled.ruleset. Assets/Packages/Microsoft.CodeAnalysis.Analyzers.3.11.0/rulesets/AllRulesDefault.ruleset will be ignored.
Assets/Packages/Microsoft.CodeAnalysis.Analyzers.3.11.0/rulesets already contains a ruleset file: Assets/Packages/Microsoft.CodeAnalysis.Analyzers.3.11.0/rulesets/AllRulesDisabled.ruleset. Assets/Packages/Microsoft.CodeAnalysis.Analyzers.3.11.0/rulesets/MicrosoftCodeAnalysisCompatibilityRulesDefault.ruleset will be ignored.
Assets/Packages/Microsoft.CodeAnalysis.Analyzers.3.11.0/rulesets already contains a ruleset file: Assets/Packages/Microsoft.CodeAnalysis.Analyzers.3.11.0/rulesets/AllRulesDisabled.ruleset. Assets/Packages/Microsoft.CodeAnalysis.Analyzers.3.11.0/rulesets/PortedFromFxCopRulesEnabled.ruleset will be ignored.
Assets/Packages/Microsoft.CodeAnalysis.Analyzers.3.11.0/rulesets already contains a ruleset file: Assets/Packages/Microsoft.CodeAnalysis.Analyzers.3.11.0/rulesets/AllRulesDisabled.ruleset. Assets/Packages/Microsoft.CodeAnalysis.Analyzers.3.11.0/rulesets/MicrosoftCodeAnalysisDesignRulesEnabled.ruleset will be ignored.
Assets/Packages/Microsoft.CodeAnalysis.Analyzers.3.11.0/rulesets already contains a ruleset file: Assets/Packages/Microsoft.CodeAnalysis.Analyzers.3.11.0/rulesets/AllRulesDisabled.ruleset. Assets/Packages/Microsoft.CodeAnalysis.Analyzers.3.11.0/rulesets/MicrosoftCodeAnalysisPerformanceRulesEnabled.ruleset will be ignored.
Assets/Packages/Microsoft.CodeAnalysis.Analyzers.3.11.0/rulesets already contains a ruleset file: Assets/Packages/Microsoft.CodeAnalysis.Analyzers.3.11.0/rulesets/AllRulesDisabled.ruleset. Assets/Packages/Microsoft.CodeAnalysis.Analyzers.3.11.0/rulesets/DataflowRulesEnabled.ruleset will be ignored.
Assets/Packages/Microsoft.CodeAnalysis.Analyzers.3.11.0/rulesets already contains a ruleset file: Assets/Packages/Microsoft.CodeAnalysis.Analyzers.3.11.0/rulesets/AllRulesDisabled.ruleset. Assets/Packages/Microsoft.CodeAnalysis.Analyzers.3.11.0/rulesets/MicrosoftCodeAnalysisDocumentationRulesDefault.ruleset will be ignored.
Assets/Packages/Microsoft.CodeAnalysis.Analyzers.3.11.0/rulesets already contains a ruleset file: Assets/Packages/Microsoft.CodeAnalysis.Analyzers.3.11.0/rulesets/AllRulesDisabled.ruleset. Assets/Packages/Microsoft.CodeAnalysis.Analyzers.3.11.0/rulesets/MicrosoftCodeAnalysisLocalizationRulesDefault.ruleset will be ignored.
Assets/Packages/Microsoft.CodeAnalysis.Analyzers.3.11.0/rulesets already contains a ruleset file: Assets/Packages/Microsoft.CodeAnalysis.Analyzers.3.11.0/rulesets/AllRulesDisabled.ruleset. Assets/Packages/Microsoft.CodeAnalysis.Analyzers.3.11.0/rulesets/MicrosoftCodeAnalysisReleaseTrackingRulesEnabled.ruleset will be ignored.
Assets/Packages/Microsoft.CodeAnalysis.Analyzers.3.11.0/rulesets already contains a ruleset file: Assets/Packages/Microsoft.CodeAnalysis.Analyzers.3.11.0/rulesets/AllRulesDisabled.ruleset. Assets/Packages/Microsoft.CodeAnalysis.Analyzers.3.11.0/rulesets/MicrosoftCodeAnalysisCorrectnessRulesEnabled.ruleset will be ignored.
Assets/Packages/Microsoft.CodeAnalysis.Analyzers.3.11.0/buildTransitive/config already contains a globalconfig file: Assets/Packages/Microsoft.CodeAnalysis.Analyzers.3.11.0/buildTransitive/config/analysislevelmicrosoftcodeanalysisreleasetracking_3_3_minimum.globalconfig will be ignored.
Assets/Packages/Microsoft.CodeAnalysis.Analyzers.3.11.0/buildTransitive/config already contains a globalconfig file: Assets/Packages/Microsoft.CodeAnalysis.Analyzers.3.11.0/buildTransitive/config/analysislevel_3_3_default_warnaserror.globalconfig will be ignored.
Assets/Packages/Microsoft.CodeAnalysis.Analyzers.3.11.0/buildTransitive/config already contains a globalconfig file: Assets/Packages/Microsoft.CodeAnalysis.Analyzers.3.11.0/buildTransitive/config/analysislevelmicrosoftcodeanalysisdesign_3_3_recommended.globalconfig will be ignored.
Assets/Packages/Microsoft.CodeAnalysis.Analyzers.3.11.0/buildTransitive/config already contains a globalconfig file: Assets/Packages/Microsoft.CodeAnalysis.Analyzers.3.11.0/buildTransitive/config/analysislevelmicrosoftcodeanalysislocalization_3_3_3_default.globalconfig will be ignored.
Assets/Packages/Microsoft.CodeAnalysis.Analyzers.3.11.0/buildTransitive/config already contains a globalconfig file: Assets/Packages/Microsoft.CodeAnalysis.Analyzers.3.11.0/buildTransitive/config/analysislevellibrary_2_9_8_recommended.globalconfig will be ignored.
Assets/Packages/Microsoft.CodeAnalysis.Analyzers.3.11.0/buildTransitive/config already contains a globalconfig file: Assets/Packages/Microsoft.CodeAnalysis.Analyzers.3.11.0/buildTransitive/config/analysislevelmicrosoftcodeanalysisperformance_2_9_8_none_warnaserror.globalconfig will be ignored.
Assets/Packages/Microsoft.CodeAnalysis.Analyzers.3.11.0/buildTransitive/config already contains a globalconfig file: Assets/Packages/Microsoft.CodeAnalysis.Analyzers.3.11.0/buildTransitive/config/analysislevelmicrosoftcodeanalysisdocumentation_3_3_4_minimum.globalconfig will be ignored.
Assets/Packages/Microsoft.CodeAnalysis.Analyzers.3.11.0/buildTransitive/config already contains a globalconfig file: Assets/Packages/Microsoft.CodeAnalysis.Analyzers.3.11.0/buildTransitive/config/analysislevelmicrosoftcodeanalysisdocumentation_4_3_minimum.globalconfig will be ignored.
Assets/Packages/Microsoft.CodeAnalysis.Analyzers.3.11.0/buildTransitive/config already contains a globalconfig file: Assets/Packages/Microsoft.CodeAnalysis.Analyzers.3.11.0/buildTransitive/config/analysislevelmicrosoftcodeanalysisperformance_3_3_default.globalconfig will be ignored.
Assets/Packages/Microsoft.CodeAnalysis.Analyzers.3.11.0/buildTransitive/config already contains a globalconfig file: Assets/Packages/Microsoft.CodeAnalysis.Analyzers.3.11.0/buildTransitive/config/analysislevel_3_3_3_minimum_warnaserror.globalconfig will be ignored.
Assets/Packages/Microsoft.CodeAnalysis.Analyzers.3.11.0/buildTransitive/config already contains a globalconfig file: Assets/Packages/Microsoft.CodeAnalysis.Analyzers.3.11.0/buildTransitive/config/analysislevelmicrosoftcodeanalysisreleasetracking_4_3_all_warnaserror.globalconfig will be ignored.
Assets/Packages/Microsoft.CodeAnalysis.Analyzers.3.11.0/buildTransitive/config already contains a globalconfig file: Assets/Packages/Microsoft.CodeAnalysis.Analyzers.3.11.0/buildTransitive/config/analysislevelmicrosoftcodeanalysiscompatibility_3_3_3_recommended.globalconfig will be ignored.
Assets/Packages/Microsoft.CodeAnalysis.Analyzers.3.11.0/buildTransitive/config already contains a globalconfig file: Assets/Packages/Microsoft.CodeAnalysis.Analyzers.3.11.0/buildTransitive/config/analysislevelmicrosoftcodeanalysisperformance_3_3_recommended_warnaserror.globalconfig will be ignored.
Assets/Packages/Microsoft.CodeAnalysis.Analyzers.3.11.0/buildTransitive/config already contains a globalconfig file: Assets/Packages/Microsoft.CodeAnalysis.Analyzers.3.11.0/buildTransitive/config/analysislevelcorrectness_3_none_warnaserror.globalconfig will be ignored.
Assets/Packages/Microsoft.CodeAnalysis.Analyzers.3.11.0/buildTransitive/config already contains a globalconfig file: Assets/Packages/Microsoft.CodeAnalysis.Analyzers.3.11.0/buildTransitive/config/analysislevelcorrectness_3_3_all.globalconfig will be ignored.
Assets/Packages/Microsoft.CodeAnalysis.Analyzers.3.11.0/buildTransitive/config already contains a globalconfig file: Assets/Packages/Microsoft.CodeAnalysis.Analyzers.3.11.0/buildTransitive/config/analysislevelmicrosoftcodeanalysislocalization_2_9_8_all.globalconfig will be ignored.
Assets/Packages/Microsoft.CodeAnalysis.Analyzers.3.11.0/buildTransitive/config already contains a globalconfig file: Assets/Packages/Microsoft.CodeAnalysis.Analyzers.3.11.0/buildTransitive/config/analysislevellibrary_4_3_minimum.globalconfig will be ignored.
Assets/Packages/Microsoft.CodeAnalysis.Analyzers.3.11.0/buildTransitive/config already contains a globalconfig file: Assets/Packages/Microsoft.CodeAnalysis.Analyzers.3.11.0/buildTransitive/config/analysislevelmicrosoftcodeanalysiscompatibility_3_3_minimum_warnaserror.globalconfig will be ignored.
Assets/Packages/Microsoft.CodeAnalysis.Analyzers.3.11.0/buildTransitive/config already contains a globalconfig file: Assets/Packages/Microsoft.CodeAnalysis.Analyzers.3.11.0/buildTransitive/config/analysislevelmicrosoftcodeanalysiscompatibility_4_3_minimum_warnaserror.globalconfig will be ignored.
Assets/Packages/Microsoft.CodeAnalysis.Analyzers.3.11.0/buildTransitive/config already contains a globalconfig file: Assets/Packages/Microsoft.CodeAnalysis.Analyzers.3.11.0/buildTransitive/config/analysislevelmicrosoftcodeanalysisdesign_3_minimum.globalconfig will be ignored.
Assets/Packages/Microsoft.CodeAnalysis.Analyzers.3.11.0/buildTransitive/config already contains a globalconfig file: Assets/Packages/Microsoft.CodeAnalysis.Analyzers.3.11.0/buildTransitive/config/analysislevelmicrosoftcodeanalysisdocumentation_3_recommended_warnaserror.globalconfig will be ignored.
Assets/Packages/Microsoft.CodeAnalysis.Analyzers.3.11.0/buildTransitive/config already contains a globalconfig file: Assets/Packages/Microsoft.CodeAnalysis.Analyzers.3.11.0/buildTransitive/config/analysislevelmicrosoftcodeanalysiscorrectness_3_3_3_all_warnaserror.globalconfig will be ignored.
Assets/Packages/Microsoft.CodeAnalysis.Analyzers.3.11.0/buildTransitive/config already contains a globalconfig file: Assets/Packages/Microsoft.CodeAnalysis.Analyzers.3.11.0/buildTransitive/config/analysislevellibrary_4_3_all_warnaserror.globalconfig will be ignored.
Assets/Packages/Microsoft.CodeAnalysis.Analyzers.3.11.0/buildTransitive/config already contains a globalconfig file: Assets/Packages/Microsoft.CodeAnalysis.Analyzers.3.11.0/buildTransitive/config/analysislevelcorrectness_3_3_3_default.globalconfig will be ignored.
Assets/Packages/Microsoft.CodeAnalysis.Analyzers.3.11.0/buildTransitive/config already contains a globalconfig file: Assets/Packages/Microsoft.CodeAnalysis.Analyzers.3.11.0/buildTransitive/config/analysislevel_3_all.globalconfig will be ignored.
Assets/Packages/Microsoft.CodeAnalysis.Analyzers.3.11.0/buildTransitive/config already contains a globalconfig file: Assets/Packages/Microsoft.CodeAnalysis.Analyzers.3.11.0/buildTransitive/config/analysislevelmicrosoftcodeanalysisdesign_3_recommended.globalconfig will be ignored.
Assets/Packages/Microsoft.CodeAnalysis.Analyzers.3.11.0/buildTransitive/config already contains a globalconfig file: Assets/Packages/Microsoft.CodeAnalysis.Analyzers.3.11.0/buildTransitive/config/analysislevelmicrosoftcodeanalysisdesign_3_3_4_default.globalconfig will be ignored.
Assets/Packages/Microsoft.CodeAnalysis.Analyzers.3.11.0/buildTransitive/config already contains a globalconfig file: Assets/Packages/Microsoft.CodeAnalysis.Analyzers.3.11.0/buildTransitive/config/analysislevelmicrosoftcodeanalysiscorrectness_3_3_recommended.globalconfig will be ignored.
Assets/Packages/Microsoft.CodeAnalysis.Analyzers.3.11.0/buildTransitive/config already contains a globalconfig file: Assets/Packages/Microsoft.CodeAnalysis.Analyzers.3.11.0/buildTransitive/config/analysislevelmicrosoftcodeanalysisdesign_3_3_4_all.globalconfig will be ignored.
Assets/Packages/Microsoft.CodeAnalysis.Analyzers.3.11.0/buildTransitive/config already contains a globalconfig file: Assets/Packages/Microsoft.CodeAnalysis.Analyzers.3.11.0/buildTransitive/config/analysislevelmicrosoftcodeanalysiscorrectness_3_recommended.globalconfig will be ignored.
Assets/Packages/Microsoft.CodeAnalysis.Analyzers.3.11.0/buildTransitive/config already contains a globalconfig file: Assets/Packages/Microsoft.CodeAnalysis.Analyzers.3.11.0/buildTransitive/config/analysislevelmicrosoftcodeanalysisreleasetracking_3_default.globalconfig will be ignored.
Assets/Packages/Microsoft.CodeAnalysis.Analyzers.3.11.0/buildTransitive/config already contains a globalconfig file: Assets/Packages/Microsoft.CodeAnalysis.Analyzers.3.11.0/buildTransitive/config/analysislevelcorrectness_3_3_3_all.globalconfig will be ignored.
Assets/Packages/Microsoft.CodeAnalysis.Analyzers.3.11.0/buildTransitive/config already contains a globalconfig file: Assets/Packages/Microsoft.CodeAnalysis.Analyzers.3.11.0/buildTransitive/config/analysislevelmicrosoftcodeanalysisdesign_3_3_3_minimum_warnaserror.globalconfig will be ignored.
Assets/Packages/Microsoft.CodeAnalysis.Analyzers.3.11.0/buildTransitive/config already contains a globalconfig file: Assets/Packages/Microsoft.CodeAnalysis.Analyzers.3.11.0/buildTransitive/config/analysislevelmicrosoftcodeanalysislocalization_3_3_4_default_warnaserror.globalconfig will be ignored.
Assets/Packages/Microsoft.CodeAnalysis.Analyzers.3.11.0/buildTransitive/config already contains a globalconfig file: Assets/Packages/Microsoft.CodeAnalysis.Analyzers.3.11.0/buildTransitive/config/analysislevel_3_3_3_minimum.globalconfig will be ignored.
Assets/Packages/Microsoft.CodeAnalysis.Analyzers.3.11.0/buildTransitive/config already contains a globalconfig file: Assets/Packages/Microsoft.CodeAnalysis.Analyzers.3.11.0/buildTransitive/config/analysislevelmicrosoftcodeanalysiscorrectness_2_9_8_default.globalconfig will be ignored.
Assets/Packages/Microsoft.CodeAnalysis.Analyzers.3.11.0/buildTransitive/config already contains a globalconfig file: Assets/Packages/Microsoft.CodeAnalysis.Analyzers.3.11.0/buildTransitive/config/analysislevel_3_3_minimum.globalconfig will be ignored.
Assets/Packages/Microsoft.CodeAnalysis.Analyzers.3.11.0/buildTransitive/config already contains a globalconfig file: Assets/Packages/Microsoft.CodeAnalysis.Analyzers.3.11.0/buildTransitive/config/analysislevelmicrosoftcodeanalysiscompatibility_3_3_3_none.globalconfig will be ignored.
Assets/Packages/Microsoft.CodeAnalysis.Analyzers.3.11.0/buildTransitive/config already contains a globalconfig file: Assets/Packages/Microsoft.CodeAnalysis.Analyzers.3.11.0/buildTransitive/config/analysislevelmicrosoftcodeanalysisperformance_3_3_4_all.globalconfig will be ignored.
Assets/Packages/Microsoft.CodeAnalysis.Analyzers.3.11.0/buildTransitive/config already contains a globalconfig file: Assets/Packages/Microsoft.CodeAnalysis.Analyzers.3.11.0/buildTransitive/config/analysislevelmicrosoftcodeanalysiscompatibility_4_3_recommended.globalconfig will be ignored.
Assets/Packages/Microsoft.CodeAnalysis.Analyzers.3.11.0/buildTransitive/config already contains a globalconfig file: Assets/Packages/Microsoft.CodeAnalysis.Analyzers.3.11.0/buildTransitive/config/analysislevelmicrosoftcodeanalysiscompatibility_3_3_4_none.globalconfig will be ignored.
Assets/Packages/Microsoft.CodeAnalysis.Analyzers.3.11.0/buildTransitive/config already contains a globalconfig file: Assets/Packages/Microsoft.CodeAnalysis.Analyzers.3.11.0/buildTransitive/config/analysislevelmicrosoftcodeanalysisperformance_4_3_minimum_warnaserror.globalconfig will be ignored.
Assets/Packages/Microsoft.CodeAnalysis.Analyzers.3.11.0/buildTransitive/config already contains a globalconfig file: Assets/Packages/Microsoft.CodeAnalysis.Analyzers.3.11.0/buildTransitive/config/analysislevelmicrosoftcodeanalysiscompatibility_3_3_4_all_warnaserror.globalconfig will be ignored.
Assets/Packages/Microsoft.CodeAnalysis.Analyzers.3.11.0/buildTransitive/config already contains a globalconfig file: Assets/Packages/Microsoft.CodeAnalysis.Analyzers.3.11.0/buildTransitive/config/analysislevellibrary_3_3_3_all.globalconfig will be ignored.
Assets/Packages/Microsoft.CodeAnalysis.Analyzers.3.11.0/buildTransitive/config already contains a globalconfig file: Assets/Packages/Microsoft.CodeAnalysis.Analyzers.3.11.0/buildTransitive/config/analysislevel_3_none.globalconfig will be ignored.
Assets/Packages/Microsoft.CodeAnalysis.Analyzers.3.11.0/buildTransitive/config already contains a globalconfig file: Assets/Packages/Microsoft.CodeAnalysis.Analyzers.3.11.0/buildTransitive/config/analysislevelmicrosoftcodeanalysisperformance_3_3_3_default.globalconfig will be ignored.
Assets/Packages/Microsoft.CodeAnalysis.Analyzers.3.11.0/buildTransitive/config already contains a globalconfig file: Assets/Packages/Microsoft.CodeAnalysis.Analyzers.3.11.0/buildTransitive/config/analysislevel_2_9_8_default.globalconfig will be ignored.
Assets/Packages/Microsoft.CodeAnalysis.Analyzers.3.11.0/buildTransitive/config already contains a globalconfig file: Assets/Packages/Microsoft.CodeAnalysis.Analyzers.3.11.0/buildTransitive/config/analysislevelmicrosoftcodeanalysiscompatibility_3_all.globalconfig will be ignored.
Assets/Packages/Microsoft.CodeAnalysis.Analyzers.3.11.0/buildTransitive/config already contains a globalconfig file: Assets/Packages/Microsoft.CodeAnalysis.Analyzers.3.11.0/buildTransitive/config/analysislevelmicrosoftcodeanalysislocalization_3_3_3_recommended_warnaserror.globalconfig will be ignored.
Assets/Packages/Microsoft.CodeAnalysis.Analyzers.3.11.0/buildTransitive/config already contains a globalconfig file: Assets/Packages/Microsoft.CodeAnalysis.Analyzers.3.11.0/buildTransitive/config/analysislevelmicrosoftcodeanalysisdesign_2_9_8_none_warnaserror.globalconfig will be ignored.
Assets/Packages/Microsoft.CodeAnalysis.Analyzers.3.11.0/buildTransitive/config already contains a globalconfig file: Assets/Packages/Microsoft.CodeAnalysis.Analyzers.3.11.0/buildTransitive/config/analysislevelmicrosoftcodeanalysisdesign_3_3_default.globalconfig will be ignored.
Assets/Packages/Microsoft.CodeAnalysis.Analyzers.3.11.0/buildTransitive/config already contains a globalconfig file: Assets/Packages/Microsoft.CodeAnalysis.Analyzers.3.11.0/buildTransitive/config/analysislevelmicrosoftcodeanalysisperformance_3_3_4_default.globalconfig will be ignored.
Assets/Packages/Microsoft.CodeAnalysis.Analyzers.3.11.0/buildTransitive/config already contains a globalconfig file: Assets/Packages/Microsoft.CodeAnalysis.Analyzers.3.11.0/buildTransitive/config/analysislevelmicrosoftcodeanalysisreleasetracking_2_9_8_all_warnaserror.globalconfig will be ignored.
Assets/Packages/Microsoft.CodeAnalysis.Analyzers.3.11.0/buildTransitive/config already contains a globalconfig file: Assets/Packages/Microsoft.CodeAnalysis.Analyzers.3.11.0/buildTransitive/config/analysislevelmicrosoftcodeanalysisperformance_3_3_3_all.globalconfig will be ignored.
Assets/Packages/Microsoft.CodeAnalysis.Analyzers.3.11.0/buildTransitive/config already contains a globalconfig file: Assets/Packages/Microsoft.CodeAnalysis.Analyzers.3.11.0/buildTransitive/config/analysislevelmicrosoftcodeanalysisdesign_2_9_8_recommended_warnaserror.globalconfig will be ignored.
Assets/Packages/Microsoft.CodeAnalysis.Analyzers.3.11.0/buildTransitive/config already contains a globalconfig file: Assets/Packages/Microsoft.CodeAnalysis.Analyzers.3.11.0/buildTransitive/config/analysislevelmicrosoftcodeanalysisperformance_3_3_none_warnaserror.globalconfig will be ignored.
Assets/Packages/Microsoft.CodeAnalysis.Analyzers.3.11.0/buildTransitive/config already contains a globalconfig file: Assets/Packages/Microsoft.CodeAnalysis.Analyzers.3.11.0/buildTransitive/config/analysislevelmicrosoftcodeanalysisdocumentation_3_3_4_recommended.globalconfig will be ignored.
Assets/Packages/Microsoft.CodeAnalysis.Analyzers.3.11.0/buildTransitive/config already contains a globalconfig file: Assets/Packages/Microsoft.CodeAnalysis.Analyzers.3.11.0/buildTransitive/config/analysislevelmicrosoftcodeanalysisreleasetracking_3_3_3_recommended.globalconfig will be ignored.
Assets/Packages/Microsoft.CodeAnalysis.Analyzers.3.11.0/buildTransitive/config already contains a globalconfig file: Assets/Packages/Microsoft.CodeAnalysis.Analyzers.3.11.0/buildTransitive/config/analysislevelmicrosoftcodeanalysisperformance_3_3_all.globalconfig will be ignored.
Assets/Packages/Microsoft.CodeAnalysis.Analyzers.3.11.0/buildTransitive/config already contains a globalconfig file: Assets/Packages/Microsoft.CodeAnalysis.Analyzers.3.11.0/buildTransitive/config/analysislevelmicrosoftcodeanalysiscorrectness_3_3_default.globalconfig will be ignored.
Assets/Packages/Microsoft.CodeAnalysis.Analyzers.3.11.0/buildTransitive/config already contains a globalconfig file: Assets/Packages/Microsoft.CodeAnalysis.Analyzers.3.11.0/buildTransitive/config/analysislevel_3_3_4_none_warnaserror.globalconfig will be ignored.
Assets/Packages/Microsoft.CodeAnalysis.Analyzers.3.11.0/buildTransitive/config already contains a globalconfig file: Assets/Packages/Microsoft.CodeAnalysis.Analyzers.3.11.0/buildTransitive/config/analysislevelmicrosoftcodeanalysisdocumentation_3_3_3_minimum.globalconfig will be ignored.
Assets/Packages/Microsoft.CodeAnalysis.Analyzers.3.11.0/buildTransitive/config already contains a globalconfig file: Assets/Packages/Microsoft.CodeAnalysis.Analyzers.3.11.0/buildTransitive/config/analysislevelmicrosoftcodeanalysislocalization_3_3_minimum_warnaserror.globalconfig will be ignored.
Assets/Packages/Microsoft.CodeAnalysis.Analyzers.3.11.0/buildTransitive/config already contains a globalconfig file: Assets/Packages/Microsoft.CodeAnalysis.Analyzers.3.11.0/buildTransitive/config/analysislevelcorrectness_3_3_4_minimum_warnaserror.globalconfig will be ignored.
Assets/Packages/Microsoft.CodeAnalysis.Analyzers.3.11.0/buildTransitive/config already contains a globalconfig file: Assets/Packages/Microsoft.CodeAnalysis.Analyzers.3.11.0/buildTransitive/config/analysislevelmicrosoftcodeanalysisreleasetracking_3_3_4_recommended_warnaserror.globalconfig will be ignored.
Assets/Packages/Microsoft.CodeAnalysis.Analyzers.3.11.0/buildTransitive/config already contains a globalconfig file: Assets/Packages/Microsoft.CodeAnalysis.Analyzers.3.11.0/buildTransitive/config/analysislevel_4_3_all_warnaserror.globalconfig will be ignored.
Assets/Packages/Microsoft.CodeAnalysis.Analyzers.3.11.0/buildTransitive/config already contains a globalconfig file: Assets/Packages/Microsoft.CodeAnalysis.Analyzers.3.11.0/buildTransitive/config/analysislevelmicrosoftcodeanalysisdocumentation_3_3_4_all.globalconfig will be ignored.
Assets/Packages/Microsoft.CodeAnalysis.Analyzers.3.11.0/buildTransitive/config already contains a globalconfig file: Assets/Packages/Microsoft.CodeAnalysis.Analyzers.3.11.0/buildTransitive/config/analysislevelmicrosoftcodeanalysislocalization_3_3_4_default.globalconfig will be ignored.
Assets/Packages/Microsoft.CodeAnalysis.Analyzers.3.11.0/buildTransitive/config already contains a globalconfig file: Assets/Packages/Microsoft.CodeAnalysis.Analyzers.3.11.0/buildTransitive/config/analysislevelmicrosoftcodeanalysisreleasetracking_3_3_3_all_warnaserror.globalconfig will be ignored.
Assets/Packages/Microsoft.CodeAnalysis.Analyzers.3.11.0/buildTransitive/config already contains a globalconfig file: Assets/Packages/Microsoft.CodeAnalysis.Analyzers.3.11.0/buildTransitive/config/analysislevelmicrosoftcodeanalysisdesign_3_all_warnaserror.globalconfig will be ignored.
Assets/Packages/Microsoft.CodeAnalysis.Analyzers.3.11.0/buildTransitive/config already contains a globalconfig file: Assets/Packages/Microsoft.CodeAnalysis.Analyzers.3.11.0/buildTransitive/config/analysislevelmicrosoftcodeanalysislocalization_4_3_minimum_warnaserror.globalconfig will be ignored.
Assets/Packages/Microsoft.CodeAnalysis.Analyzers.3.11.0/buildTransitive/config already contains a globalconfig file: Assets/Packages/Microsoft.CodeAnalysis.Analyzers.3.11.0/buildTransitive/config/analysislevelmicrosoftcodeanalysiscompatibility_4_3_none.globalconfig will be ignored.
Assets/Packages/Microsoft.CodeAnalysis.Analyzers.3.11.0/buildTransitive/config already contains a globalconfig file: Assets/Packages/Microsoft.CodeAnalysis.Analyzers.3.11.0/buildTransitive/config/analysislevelmicrosoftcodeanalysislocalization_3_3_3_minimum_warnaserror.globalconfig will be ignored.
Assets/Packages/Microsoft.CodeAnalysis.Analyzers.3.11.0/buildTransitive/config already contains a globalconfig file: Assets/Packages/Microsoft.CodeAnalysis.Analyzers.3.11.0/buildTransitive/config/analysislevelmicrosoftcodeanalysiscorrectness_3_3_4_all.globalconfig will be ignored.
Assets/Packages/Microsoft.CodeAnalysis.Analyzers.3.11.0/buildTransitive/config already contains a globalconfig file: Assets/Packages/Microsoft.CodeAnalysis.Analyzers.3.11.0/buildTransitive/config/analysislevelmicrosoftcodeanalysisperformance_2_9_8_recommended_warnaserror.globalconfig will be ignored.
Assets/Packages/Microsoft.CodeAnalysis.Analyzers.3.11.0/buildTransitive/config already contains a globalconfig file: Assets/Packages/Microsoft.CodeAnalysis.Analyzers.3.11.0/buildTransitive/config/analysislevelmicrosoftcodeanalysisdocumentation_3_3_3_none_warnaserror.globalconfig will be ignored.
Assets/Packages/Microsoft.CodeAnalysis.Analyzers.3.11.0/buildTransitive/config already contains a globalconfig file: Assets/Packages/Microsoft.CodeAnalysis.Analyzers.3.11.0/buildTransitive/config/analysislevelcorrectness_3_3_default_warnaserror.globalconfig will be ignored.
Assets/Packages/Microsoft.CodeAnalysis.Analyzers.3.11.0/buildTransitive/config already contains a globalconfig file: Assets/Packages/Microsoft.CodeAnalysis.Analyzers.3.11.0/buildTransitive/config/analysislevelcorrectness_3_3_3_recommended_warnaserror.globalconfig will be ignored.
Assets/Packages/Microsoft.CodeAnalysis.Analyzers.3.11.0/buildTransitive/config already contains a globalconfig file: Assets/Packages/Microsoft.CodeAnalysis.Analyzers.3.11.0/buildTransitive/config/analysislevelmicrosoftcodeanalysisperformance_3_3_3_none_warnaserror.globalconfig will be ignored.
Assets/Packages/Microsoft.CodeAnalysis.Analyzers.3.11.0/buildTransitive/config already contains a globalconfig file: Assets/Packages/Microsoft.CodeAnalysis.Analyzers.3.11.0/buildTransitive/config/analysislevellibrary_3_3_4_all.globalconfig will be ignored.
Assets/Packages/Microsoft.CodeAnalysis.Analyzers.3.11.0/buildTransitive/config already contains a globalconfig file: Assets/Packages/Microsoft.CodeAnalysis.Analyzers.3.11.0/buildTransitive/config/analysislevelmicrosoftcodeanalysiscorrectness_3_3_4_all_warnaserror.globalconfig will be ignored.
Assets/Packages/Microsoft.CodeAnalysis.Analyzers.3.11.0/buildTransitive/config already contains a globalconfig file: Assets/Packages/Microsoft.CodeAnalysis.Analyzers.3.11.0/buildTransitive/config/analysislevelmicrosoftcodeanalysislocalization_4_3_all.globalconfig will be ignored.
Assets/Packages/Microsoft.CodeAnalysis.Analyzers.3.11.0/buildTransitive/config already contains a globalconfig file: Assets/Packages/Microsoft.CodeAnalysis.Analyzers.3.11.0/buildTransitive/config/analysislevelmicrosoftcodeanalysisreleasetracking_3_3_none.globalconfig will be ignored.
Assets/Packages/Microsoft.CodeAnalysis.Analyzers.3.11.0/buildTransitive/config already contains a globalconfig file: Assets/Packages/Microsoft.CodeAnalysis.Analyzers.3.11.0/buildTransitive/config/analysislevelmicrosoftcodeanalysisdocumentation_3_recommended.globalconfig will be ignored.
Assets/Packages/Microsoft.CodeAnalysis.Analyzers.3.11.0/buildTransitive/config already contains a globalconfig file: Assets/Packages/Microsoft.CodeAnalysis.Analyzers.3.11.0/buildTransitive/config/analysislevelmicrosoftcodeanalysiscompatibility_3_3_4_minimum_warnaserror.globalconfig will be ignored.
Assets/Packages/Microsoft.CodeAnalysis.Analyzers.3.11.0/buildTransitive/config already contains a globalconfig file: Assets/Packages/Microsoft.CodeAnalysis.Analyzers.3.11.0/buildTransitive/config/analysislevelmicrosoftcodeanalysisreleasetracking_3_3_all.globalconfig will be ignored.
Assets/Packages/Microsoft.CodeAnalysis.Analyzers.3.11.0/buildTransitive/config already contains a globalconfig file: Assets/Packages/Microsoft.CodeAnalysis.Analyzers.3.11.0/buildTransitive/config/analysislevelcorrectness_3_minimum.globalconfig will be ignored.
Assets/Packages/Microsoft.CodeAnalysis.Analyzers.3.11.0/buildTransitive/config already contains a globalconfig file: Assets/Packages/Microsoft.CodeAnalysis.Analyzers.3.11.0/buildTransitive/config/analysislevellibrary_3_3_4_none_warnaserror.globalconfig will be ignored.
Assets/Packages/Microsoft.CodeAnalysis.Analyzers.3.11.0/buildTransitive/config already contains a globalconfig file: Assets/Packages/Microsoft.CodeAnalysis.Analyzers.3.11.0/buildTransitive/config/analysislevellibrary_3_default_warnaserror.globalconfig will be ignored.
Assets/Packages/Microsoft.CodeAnalysis.Analyzers.3.11.0/buildTransitive/config already contains a globalconfig file: Assets/Packages/Microsoft.CodeAnalysis.Analyzers.3.11.0/buildTransitive/config/analysislevelmicrosoftcodeanalysisperformance_3_recommended.globalconfig will be ignored.
Assets/Packages/Microsoft.CodeAnalysis.Analyzers.3.11.0/buildTransitive/config already contains a globalconfig file: Assets/Packages/Microsoft.CodeAnalysis.Analyzers.3.11.0/buildTransitive/config/analysislevellibrary_3_3_all.globalconfig will be ignored.
Assets/Packages/Microsoft.CodeAnalysis.Analyzers.3.11.0/buildTransitive/config already contains a globalconfig file: Assets/Packages/Microsoft.CodeAnalysis.Analyzers.3.11.0/buildTransitive/config/analysislevellibrary_3_3_4_minimum.globalconfig will be ignored.
Assets/Packages/Microsoft.CodeAnalysis.Analyzers.3.11.0/buildTransitive/config already contains a globalconfig file: Assets/Packages/Microsoft.CodeAnalysis.Analyzers.3.11.0/buildTransitive/config/analysislevelmicrosoftcodeanalysisdesign_3_minimum_warnaserror.globalconfig will be ignored.
Assets/Packages/Microsoft.CodeAnalysis.Analyzers.3.11.0/buildTransitive/config already contains a globalconfig file: Assets/Packages/Microsoft.CodeAnalysis.Analyzers.3.11.0/buildTransitive/config/analysislevelmicrosoftcodeanalysislocalization_3_3_4_minimum.globalconfig will be ignored.
Assets/Packages/Microsoft.CodeAnalysis.Analyzers.3.11.0/buildTransitive/config already contains a globalconfig file: Assets/Packages/Microsoft.CodeAnalysis.Analyzers.3.11.0/buildTransitive/config/analysislevelcorrectness_2_9_8_minimum_warnaserror.globalconfig will be ignored.
Assets/Packages/Microsoft.CodeAnalysis.Analyzers.3.11.0/buildTransitive/config already contains a globalconfig file: Assets/Packages/Microsoft.CodeAnalysis.Analyzers.3.11.0/buildTransitive/config/analysislevellibrary_4_3_none.globalconfig will be ignored.
Assets/Packages/Microsoft.CodeAnalysis.Analyzers.3.11.0/buildTransitive/config already contains a globalconfig file: Assets/Packages/Microsoft.CodeAnalysis.Analyzers.3.11.0/buildTransitive/config/analysislevellibrary_3_recommended_warnaserror.globalconfig will be ignored.
Assets/Packages/Microsoft.CodeAnalysis.Analyzers.3.11.0/buildTransitive/config already contains a globalconfig file: Assets/Packages/Microsoft.CodeAnalysis.Analyzers.3.11.0/buildTransitive/config/analysislevelmicrosoftcodeanalysiscorrectness_2_9_8_minimum.globalconfig will be ignored.
Assets/Packages/Microsoft.CodeAnalysis.Analyzers.3.11.0/buildTransitive/config already contains a globalconfig file: Assets/Packages/Microsoft.CodeAnalysis.Analyzers.3.11.0/buildTransitive/config/analysislevelmicrosoftcodeanalysiscompatibility_2_9_8_recommended.globalconfig will be ignored.
Assets/Packages/Microsoft.CodeAnalysis.Analyzers.3.11.0/buildTransitive/config already contains a globalconfig file: Assets/Packages/Microsoft.CodeAnalysis.Analyzers.3.11.0/buildTransitive/config/analysislevelmicrosoftcodeanalysislocalization_4_3_recommended.globalconfig will be ignored.
Assets/Packages/Microsoft.CodeAnalysis.Analyzers.3.11.0/buildTransitive/config already contains a globalconfig file: Assets/Packages/Microsoft.CodeAnalysis.Analyzers.3.11.0/buildTransitive/config/analysislevelmicrosoftcodeanalysislocalization_2_9_8_none.globalconfig will be ignored.
Assets/Packages/Microsoft.CodeAnalysis.Analyzers.3.11.0/buildTransitive/config already contains a globalconfig file: Assets/Packages/Microsoft.CodeAnalysis.Analyzers.3.11.0/buildTransitive/config/analysislevel_3_3_4_default.globalconfig will be ignored.
Assets/Packages/Microsoft.CodeAnalysis.Analyzers.3.11.0/buildTransitive/config already contains a globalconfig file: Assets/Packages/Microsoft.CodeAnalysis.Analyzers.3.11.0/buildTransitive/config/analysislevelmicrosoftcodeanalysisreleasetracking_3_recommended_warnaserror.globalconfig will be ignored.
Assets/Packages/Microsoft.CodeAnalysis.Analyzers.3.11.0/buildTransitive/config already contains a globalconfig file: Assets/Packages/Microsoft.CodeAnalysis.Analyzers.3.11.0/buildTransitive/config/analysislevelmicrosoftcodeanalysisperformance_4_3_default.globalconfig will be ignored.
Assets/Packages/Microsoft.CodeAnalysis.Analyzers.3.11.0/buildTransitive/config already contains a globalconfig file: Assets/Packages/Microsoft.CodeAnalysis.Analyzers.3.11.0/buildTransitive/config/analysislevelmicrosoftcodeanalysisdesign_3_3_4_default_warnaserror.globalconfig will be ignored.
Assets/Packages/Microsoft.CodeAnalysis.Analyzers.3.11.0/buildTransitive/config already contains a globalconfig file: Assets/Packages/Microsoft.CodeAnalysis.Analyzers.3.11.0/buildTransitive/config/analysislevelmicrosoftcodeanalysisdesign_3_3_3_recommended_warnaserror.globalconfig will be ignored.
Assets/Packages/Microsoft.CodeAnalysis.Analyzers.3.11.0/buildTransitive/config already contains a globalconfig file: Assets/Packages/Microsoft.CodeAnalysis.Analyzers.3.11.0/buildTransitive/config/analysislevelmicrosoftcodeanalysisdocumentation_4_3_recommended.globalconfig will be ignored.
Assets/Packages/Microsoft.CodeAnalysis.Analyzers.3.11.0/buildTransitive/config already contains a globalconfig file: Assets/Packages/Microsoft.CodeAnalysis.Analyzers.3.11.0/buildTransitive/config/analysislevelmicrosoftcodeanalysisdesign_2_9_8_default.globalconfig will be ignored.
Assets/Packages/Microsoft.CodeAnalysis.Analyzers.3.11.0/buildTransitive/config already contains a globalconfig file: Assets/Packages/Microsoft.CodeAnalysis.Analyzers.3.11.0/buildTransitive/config/analysislevellibrary_4_3_recommended.globalconfig will be ignored.
Assets/Packages/Microsoft.CodeAnalysis.Analyzers.3.11.0/buildTransitive/config already contains a globalconfig file: Assets/Packages/Microsoft.CodeAnalysis.Analyzers.3.11.0/buildTransitive/config/analysislevelmicrosoftcodeanalysisdesign_2_9_8_none.globalconfig will be ignored.
Assets/Packages/Microsoft.CodeAnalysis.Analyzers.3.11.0/buildTransitive/config already contains a globalconfig file: Assets/Packages/Microsoft.CodeAnalysis.Analyzers.3.11.0/buildTransitive/config/analysislevel_3_3_3_default.globalconfig will be ignored.
Assets/Packages/Microsoft.CodeAnalysis.Analyzers.3.11.0/buildTransitive/config already contains a globalconfig file: Assets/Packages/Microsoft.CodeAnalysis.Analyzers.3.11.0/buildTransitive/config/analysislevelmicrosoftcodeanalysisreleasetracking_3_3_4_default.globalconfig will be ignored.
Assets/Packages/Microsoft.CodeAnalysis.Analyzers.3.11.0/buildTransitive/config already contains a globalconfig file: Assets/Packages/Microsoft.CodeAnalysis.Analyzers.3.11.0/buildTransitive/config/analysislevelmicrosoftcodeanalysisdesign_3_3_3_default_warnaserror.globalconfig will be ignored.
Assets/Packages/Microsoft.CodeAnalysis.Analyzers.3.11.0/buildTransitive/config already contains a globalconfig file: Assets/Packages/Microsoft.CodeAnalysis.Analyzers.3.11.0/buildTransitive/config/analysislevelmicrosoftcodeanalysisperformance_4_3_recommended_warnaserror.globalconfig will be ignored.
Assets/Packages/Microsoft.CodeAnalysis.Analyzers.3.11.0/buildTransitive/config already contains a globalconfig file: Assets/Packages/Microsoft.CodeAnalysis.Analyzers.3.11.0/buildTransitive/config/analysislevelcorrectness_3_3_4_recommended.globalconfig will be ignored.
Assets/Packages/Microsoft.CodeAnalysis.Analyzers.3.11.0/buildTransitive/config already contains a globalconfig file: Assets/Packages/Microsoft.CodeAnalysis.Analyzers.3.11.0/buildTransitive/config/analysislevelmicrosoftcodeanalysisperformance_2_9_8_default_warnaserror.globalconfig will be ignored.
Assets/Packages/Microsoft.CodeAnalysis.Analyzers.3.11.0/buildTransitive/config already contains a globalconfig file: Assets/Packages/Microsoft.CodeAnalysis.Analyzers.3.11.0/buildTransitive/config/analysislevelmicrosoftcodeanalysisdocumentation_3_3_recommended.globalconfig will be ignored.
Assets/Packages/Microsoft.CodeAnalysis.Analyzers.3.11.0/buildTransitive/config already contains a globalconfig file: Assets/Packages/Microsoft.CodeAnalysis.Analyzers.3.11.0/buildTransitive/config/analysislevellibrary_2_9_8_none.globalconfig will be ignored.
Assets/Packages/Microsoft.CodeAnalysis.Analyzers.3.11.0/buildTransitive/config already contains a globalconfig file: Assets/Packages/Microsoft.CodeAnalysis.Analyzers.3.11.0/buildTransitive/config/analysislevelmicrosoftcodeanalysisdesign_3_3_4_all_warnaserror.globalconfig will be ignored.
Assets/Packages/Microsoft.CodeAnalysis.Analyzers.3.11.0/buildTransitive/config already contains a globalconfig file: Assets/Packages/Microsoft.CodeAnalysis.Analyzers.3.11.0/buildTransitive/config/analysislevelmicrosoftcodeanalysisreleasetracking_4_3_all.globalconfig will be ignored.
Assets/Packages/Microsoft.CodeAnalysis.Analyzers.3.11.0/buildTransitive/config already contains a globalconfig file: Assets/Packages/Microsoft.CodeAnalysis.Analyzers.3.11.0/buildTransitive/config/analysislevelmicrosoftcodeanalysislocalization_2_9_8_recommended.globalconfig will be ignored.
Assets/Packages/Microsoft.CodeAnalysis.Analyzers.3.11.0/buildTransitive/config already contains a globalconfig file: Assets/Packages/Microsoft.CodeAnalysis.Analyzers.3.11.0/buildTransitive/config/analysislevelmicrosoftcodeanalysislocalization_3_3_4_none.globalconfig will be ignored.
Assets/Packages/Microsoft.CodeAnalysis.Analyzers.3.11.0/buildTransitive/config already contains a globalconfig file: Assets/Packages/Microsoft.CodeAnalysis.Analyzers.3.11.0/buildTransitive/config/analysislevelmicrosoftcodeanalysisdocumentation_2_9_8_none.globalconfig will be ignored.
Assets/Packages/Microsoft.CodeAnalysis.Analyzers.3.11.0/buildTransitive/config already contains a globalconfig file: Assets/Packages/Microsoft.CodeAnalysis.Analyzers.3.11.0/buildTransitive/config/analysislevelmicrosoftcodeanalysisdesign_4_3_all.globalconfig will be ignored.
Assets/Packages/Microsoft.CodeAnalysis.Analyzers.3.11.0/buildTransitive/config already contains a globalconfig file: Assets/Packages/Microsoft.CodeAnalysis.Analyzers.3.11.0/buildTransitive/config/analysislevelmicrosoftcodeanalysiscorrectness_3_all_warnaserror.globalconfig will be ignored.
Assets/Packages/Microsoft.CodeAnalysis.Analyzers.3.11.0/buildTransitive/config already contains a globalconfig file: Assets/Packages/Microsoft.CodeAnalysis.Analyzers.3.11.0/buildTransitive/config/analysislevelmicrosoftcodeanalysiscorrectness_3_all.globalconfig will be ignored.
Assets/Packages/Microsoft.CodeAnalysis.Analyzers.3.11.0/buildTransitive/config already contains a globalconfig file: Assets/Packages/Microsoft.CodeAnalysis.Analyzers.3.11.0/buildTransitive/config/analysislevelmicrosoftcodeanalysiscorrectness_3_3_3_none.globalconfig will be ignored.
Assets/Packages/Microsoft.CodeAnalysis.Analyzers.3.11.0/buildTransitive/config already contains a globalconfig file: Assets/Packages/Microsoft.CodeAnalysis.Analyzers.3.11.0/buildTransitive/config/analysislevelmicrosoftcodeanalysiscompatibility_3_3_4_none_warnaserror.globalconfig will be ignored.
Assets/Packages/Microsoft.CodeAnalysis.Analyzers.3.11.0/buildTransitive/config already contains a globalconfig file: Assets/Packages/Microsoft.CodeAnalysis.Analyzers.3.11.0/buildTransitive/config/analysislevelmicrosoftcodeanalysislocalization_3_recommended_warnaserror.globalconfig will be ignored.
Assets/Packages/Microsoft.CodeAnalysis.Analyzers.3.11.0/buildTransitive/config already contains a globalconfig file: Assets/Packages/Microsoft.CodeAnalysis.Analyzers.3.11.0/buildTransitive/config/analysislevelmicrosoftcodeanalysislocalization_3_3_4_recommended_warnaserror.globalconfig will be ignored.
Assets/Packages/Microsoft.CodeAnalysis.Analyzers.3.11.0/buildTransitive/config already contains a globalconfig file: Assets/Packages/Microsoft.CodeAnalysis.Analyzers.3.11.0/buildTransitive/config/analysislevelmicrosoftcodeanalysisreleasetracking_3_3_4_none.globalconfig will be ignored.
Assets/Packages/Microsoft.CodeAnalysis.Analyzers.3.11.0/buildTransitive/config already contains a globalconfig file: Assets/Packages/Microsoft.CodeAnalysis.Analyzers.3.11.0/buildTransitive/config/analysislevel_3_3_4_all.globalconfig will be ignored.
Assets/Packages/Microsoft.CodeAnalysis.Analyzers.3.11.0/buildTransitive/config already contains a globalconfig file: Assets/Packages/Microsoft.CodeAnalysis.Analyzers.3.11.0/buildTransitive/config/analysislevellibrary_3_none.globalconfig will be ignored.
Assets/Packages/Microsoft.CodeAnalysis.Analyzers.3.11.0/buildTransitive/config already contains a globalconfig file: Assets/Packages/Microsoft.CodeAnalysis.Analyzers.3.11.0/buildTransitive/config/analysislevelmicrosoftcodeanalysisperformance_3_recommended_warnaserror.globalconfig will be ignored.
Assets/Packages/Microsoft.CodeAnalysis.Analyzers.3.11.0/buildTransitive/config already contains a globalconfig file: Assets/Packages/Microsoft.CodeAnalysis.Analyzers.3.11.0/buildTransitive/config/analysislevelmicrosoftcodeanalysisdocumentation_3_3_minimum.globalconfig will be ignored.
Assets/Packages/Microsoft.CodeAnalysis.Analyzers.3.11.0/buildTransitive/config already contains a globalconfig file: Assets/Packages/Microsoft.CodeAnalysis.Analyzers.3.11.0/buildTransitive/config/analysislevelmicrosoftcodeanalysisdocumentation_2_9_8_none_warnaserror.globalconfig will be ignored.
Assets/Packages/Microsoft.CodeAnalysis.Analyzers.3.11.0/buildTransitive/config already contains a globalconfig file: Assets/Packages/Microsoft.CodeAnalysis.Analyzers.3.11.0/buildTransitive/config/analysislevel_3_3_recommended.globalconfig will be ignored.
Assets/Packages/Microsoft.CodeAnalysis.Analyzers.3.11.0/buildTransitive/config already contains a globalconfig file: Assets/Packages/Microsoft.CodeAnalysis.Analyzers.3.11.0/buildTransitive/config/analysislevelcorrectness_3_3_4_all_warnaserror.globalconfig will be ignored.
Assets/Packages/Microsoft.CodeAnalysis.Analyzers.3.11.0/buildTransitive/config already contains a globalconfig file: Assets/Packages/Microsoft.CodeAnalysis.Analyzers.3.11.0/buildTransitive/config/analysislevelmicrosoftcodeanalysisperformance_4_3_recommended.globalconfig will be ignored.
Assets/Packages/Microsoft.CodeAnalysis.Analyzers.3.11.0/buildTransitive/config already contains a globalconfig file: Assets/Packages/Microsoft.CodeAnalysis.Analyzers.3.11.0/buildTransitive/config/analysislevelmicrosoftcodeanalysiscompatibility_3_3_3_default_warnaserror.globalconfig will be ignored.
Assets/Packages/Microsoft.CodeAnalysis.Analyzers.3.11.0/buildTransitive/config already contains a globalconfig file: Assets/Packages/Microsoft.CodeAnalysis.Analyzers.3.11.0/buildTransitive/config/analysislevelmicrosoftcodeanalysisreleasetracking_3_3_recommended_warnaserror.globalconfig will be ignored.
Assets/Packages/Microsoft.CodeAnalysis.Analyzers.3.11.0/buildTransitive/config already contains a globalconfig file: Assets/Packages/Microsoft.CodeAnalysis.Analyzers.3.11.0/buildTransitive/config/analysislevelmicrosoftcodeanalysiscorrectness_4_3_minimum.globalconfig will be ignored.
Assets/Packages/Microsoft.CodeAnalysis.Analyzers.3.11.0/buildTransitive/config already contains a globalconfig file: Assets/Packages/Microsoft.CodeAnalysis.Analyzers.3.11.0/buildTransitive/config/analysislevelmicrosoftcodeanalysiscompatibility_3_3_none_warnaserror.globalconfig will be ignored.
Assets/Packages/Microsoft.CodeAnalysis.Analyzers.3.11.0/buildTransitive/config already contains a globalconfig file: Assets/Packages/Microsoft.CodeAnalysis.Analyzers.3.11.0/buildTransitive/config/analysislevellibrary_3_3_minimum_warnaserror.globalconfig will be ignored.
Assets/Packages/Microsoft.CodeAnalysis.Analyzers.3.11.0/buildTransitive/config already contains a globalconfig file: Assets/Packages/Microsoft.CodeAnalysis.Analyzers.3.11.0/buildTransitive/config/analysislevel_2_9_8_recommended_warnaserror.globalconfig will be ignored.
Assets/Packages/Microsoft.CodeAnalysis.Analyzers.3.11.0/buildTransitive/config already contains a globalconfig file: Assets/Packages/Microsoft.CodeAnalysis.Analyzers.3.11.0/buildTransitive/config/analysislevel_3_3_4_default_warnaserror.globalconfig will be ignored.
Assets/Packages/Microsoft.CodeAnalysis.Analyzers.3.11.0/buildTransitive/config already contains a globalconfig file: Assets/Packages/Microsoft.CodeAnalysis.Analyzers.3.11.0/buildTransitive/config/analysislevelmicrosoftcodeanalysisdocumentation_2_9_8_minimum.globalconfig will be ignored.
Assets/Packages/Microsoft.CodeAnalysis.Analyzers.3.11.0/buildTransitive/config already contains a globalconfig file: Assets/Packages/Microsoft.CodeAnalysis.Analyzers.3.11.0/buildTransitive/config/analysislevelmicrosoftcodeanalysiscompatibility_3_recommended_warnaserror.globalconfig will be ignored.
Assets/Packages/Microsoft.CodeAnalysis.Analyzers.3.11.0/buildTransitive/config already contains a globalconfig file: Assets/Packages/Microsoft.CodeAnalysis.Analyzers.3.11.0/buildTransitive/config/analysislevelcorrectness_4_3_minimum_warnaserror.globalconfig will be ignored.
Assets/Packages/Microsoft.CodeAnalysis.Analyzers.3.11.0/buildTransitive/config already contains a globalconfig file: Assets/Packages/Microsoft.CodeAnalysis.Analyzers.3.11.0/buildTransitive/config/analysislevellibrary_4_3_default.globalconfig will be ignored.
Assets/Packages/Microsoft.CodeAnalysis.Analyzers.3.11.0/buildTransitive/config already contains a globalconfig file: Assets/Packages/Microsoft.CodeAnalysis.Analyzers.3.11.0/buildTransitive/config/analysislevelmicrosoftcodeanalysiscompatibility_2_9_8_default.globalconfig will be ignored.
Assets/Packages/Microsoft.CodeAnalysis.Analyzers.3.11.0/buildTransitive/config already contains a globalconfig file: Assets/Packages/Microsoft.CodeAnalysis.Analyzers.3.11.0/buildTransitive/config/analysislevelmicrosoftcodeanalysiscorrectness_3_3_default_warnaserror.globalconfig will be ignored.
Assets/Packages/Microsoft.CodeAnalysis.Analyzers.3.11.0/buildTransitive/config already contains a globalconfig file: Assets/Packages/Microsoft.CodeAnalysis.Analyzers.3.11.0/buildTransitive/config/analysislevelmicrosoftcodeanalysisperformance_4_3_all.globalconfig will be ignored.
Assets/Packages/Microsoft.CodeAnalysis.Analyzers.3.11.0/buildTransitive/config already contains a globalconfig file: Assets/Packages/Microsoft.CodeAnalysis.Analyzers.3.11.0/buildTransitive/config/analysislevelmicrosoftcodeanalysiscompatibility_2_9_8_recommended_warnaserror.globalconfig will be ignored.
Assets/Packages/Microsoft.CodeAnalysis.Analyzers.3.11.0/buildTransitive/config already contains a globalconfig file: Assets/Packages/Microsoft.CodeAnalysis.Analyzers.3.11.0/buildTransitive/config/analysislevelmicrosoftcodeanalysiscompatibility_4_3_default.globalconfig will be ignored.
Assets/Packages/Microsoft.CodeAnalysis.Analyzers.3.11.0/buildTransitive/config already contains a globalconfig file: Assets/Packages/Microsoft.CodeAnalysis.Analyzers.3.11.0/buildTransitive/config/analysislevelmicrosoftcodeanalysisperformance_4_3_minimum.globalconfig will be ignored.
Assets/Packages/Microsoft.CodeAnalysis.Analyzers.3.11.0/buildTransitive/config already contains a globalconfig file: Assets/Packages/Microsoft.CodeAnalysis.Analyzers.3.11.0/buildTransitive/config/analysislevelmicrosoftcodeanalysislocalization_3_3_3_minimum.globalconfig will be ignored.
Assets/Packages/Microsoft.CodeAnalysis.Analyzers.3.11.0/buildTransitive/config already contains a globalconfig file: Assets/Packages/Microsoft.CodeAnalysis.Analyzers.3.11.0/buildTransitive/config/analysislevellibrary_3_minimum.globalconfig will be ignored.
Assets/Packages/Microsoft.CodeAnalysis.Analyzers.3.11.0/buildTransitive/config already contains a globalconfig file: Assets/Packages/Microsoft.CodeAnalysis.Analyzers.3.11.0/buildTransitive/config/analysislevelmicrosoftcodeanalysislocalization_4_3_all_warnaserror.globalconfig will be ignored.
Assets/Packages/Microsoft.CodeAnalysis.Analyzers.3.11.0/buildTransitive/config already contains a globalconfig file: Assets/Packages/Microsoft.CodeAnalysis.Analyzers.3.11.0/buildTransitive/config/analysislevelmicrosoftcodeanalysiscompatibility_2_9_8_minimum_warnaserror.globalconfig will be ignored.
Assets/Packages/Microsoft.CodeAnalysis.Analyzers.3.11.0/buildTransitive/config already contains a globalconfig file: Assets/Packages/Microsoft.CodeAnalysis.Analyzers.3.11.0/buildTransitive/config/analysislevel_3_3_none_warnaserror.globalconfig will be ignored.
Assets/Packages/Microsoft.CodeAnalysis.Analyzers.3.11.0/buildTransitive/config already contains a globalconfig file: Assets/Packages/Microsoft.CodeAnalysis.Analyzers.3.11.0/buildTransitive/config/analysislevelmicrosoftcodeanalysisperformance_3_minimum.globalconfig will be ignored.
Assets/Packages/Microsoft.CodeAnalysis.Analyzers.3.11.0/buildTransitive/config already contains a globalconfig file: Assets/Packages/Microsoft.CodeAnalysis.Analyzers.3.11.0/buildTransitive/config/analysislevelmicrosoftcodeanalysisdocumentation_4_3_none.globalconfig will be ignored.
Assets/Packages/Microsoft.CodeAnalysis.Analyzers.3.11.0/buildTransitive/config already contains a globalconfig file: Assets/Packages/Microsoft.CodeAnalysis.Analyzers.3.11.0/buildTransitive/config/analysislevelmicrosoftcodeanalysiscorrectness_3_3_4_recommended_warnaserror.globalconfig will be ignored.
Assets/Packages/Microsoft.CodeAnalysis.Analyzers.3.11.0/buildTransitive/config already contains a globalconfig file: Assets/Packages/Microsoft.CodeAnalysis.Analyzers.3.11.0/buildTransitive/config/analysislevelmicrosoftcodeanalysisreleasetracking_3_3_4_recommended.globalconfig will be ignored.
Assets/Packages/Microsoft.CodeAnalysis.Analyzers.3.11.0/buildTransitive/config already contains a globalconfig file: Assets/Packages/Microsoft.CodeAnalysis.Analyzers.3.11.0/buildTransitive/config/analysislevel_3_3_3_recommended.globalconfig will be ignored.
Assets/Packages/Microsoft.CodeAnalysis.Analyzers.3.11.0/buildTransitive/config already contains a globalconfig file: Assets/Packages/Microsoft.CodeAnalysis.Analyzers.3.11.0/buildTransitive/config/analysislevellibrary_3_3_4_all_warnaserror.globalconfig will be ignored.
Assets/Packages/Microsoft.CodeAnalysis.Analyzers.3.11.0/buildTransitive/config already contains a globalconfig file: Assets/Packages/Microsoft.CodeAnalysis.Analyzers.3.11.0/buildTransitive/config/analysislevellibrary_2_9_8_default.globalconfig will be ignored.
Assets/Packages/Microsoft.CodeAnalysis.Analyzers.3.11.0/buildTransitive/config already contains a globalconfig file: Assets/Packages/Microsoft.CodeAnalysis.Analyzers.3.11.0/buildTransitive/config/analysislevelcorrectness_3_none.globalconfig will be ignored.
Assets/Packages/Microsoft.CodeAnalysis.Analyzers.3.11.0/buildTransitive/config already contains a globalconfig file: Assets/Packages/Microsoft.CodeAnalysis.Analyzers.3.11.0/buildTransitive/config/analysislevelmicrosoftcodeanalysislocalization_3_3_4_all.globalconfig will be ignored.
Assets/Packages/Microsoft.CodeAnalysis.Analyzers.3.11.0/buildTransitive/config already contains a globalconfig file: Assets/Packages/Microsoft.CodeAnalysis.Analyzers.3.11.0/buildTransitive/config/analysislevelcorrectness_3_3_3_default_warnaserror.globalconfig will be ignored.
Assets/Packages/Microsoft.CodeAnalysis.Analyzers.3.11.0/buildTransitive/config already contains a globalconfig file: Assets/Packages/Microsoft.CodeAnalysis.Analyzers.3.11.0/buildTransitive/config/analysislevelmicrosoftcodeanalysisdesign_3_3_3_recommended.globalconfig will be ignored.
Assets/Packages/Microsoft.CodeAnalysis.Analyzers.3.11.0/buildTransitive/config already contains a globalconfig file: Assets/Packages/Microsoft.CodeAnalysis.Analyzers.3.11.0/buildTransitive/config/analysislevelmicrosoftcodeanalysisdocumentation_3_3_4_none_warnaserror.globalconfig will be ignored.
Assets/Packages/Microsoft.CodeAnalysis.Analyzers.3.11.0/buildTransitive/config already contains a globalconfig file: Assets/Packages/Microsoft.CodeAnalysis.Analyzers.3.11.0/buildTransitive/config/analysislevelmicrosoftcodeanalysisperformance_2_9_8_all_warnaserror.globalconfig will be ignored.
Assets/Packages/Microsoft.CodeAnalysis.Analyzers.3.11.0/buildTransitive/config already contains a globalconfig file: Assets/Packages/Microsoft.CodeAnalysis.Analyzers.3.11.0/buildTransitive/config/analysislevelmicrosoftcodeanalysisdocumentation_3_3_none_warnaserror.globalconfig will be ignored.
Assets/Packages/Microsoft.CodeAnalysis.Analyzers.3.11.0/buildTransitive/config already contains a globalconfig file: Assets/Packages/Microsoft.CodeAnalysis.Analyzers.3.11.0/buildTransitive/config/analysislevelcorrectness_4_3_default_warnaserror.globalconfig will be ignored.
Assets/Packages/Microsoft.CodeAnalysis.Analyzers.3.11.0/buildTransitive/config already contains a globalconfig file: Assets/Packages/Microsoft.CodeAnalysis.Analyzers.3.11.0/buildTransitive/config/analysislevelmicrosoftcodeanalysislocalization_3_3_3_none.globalconfig will be ignored.
Assets/Packages/Microsoft.CodeAnalysis.Analyzers.3.11.0/buildTransitive/config already contains a globalconfig file: Assets/Packages/Microsoft.CodeAnalysis.Analyzers.3.11.0/buildTransitive/config/analysislevel_3_none_warnaserror.globalconfig will be ignored.
Assets/Packages/Microsoft.CodeAnalysis.Analyzers.3.11.0/buildTransitive/config already contains a globalconfig file: Assets/Packages/Microsoft.CodeAnalysis.Analyzers.3.11.0/buildTransitive/config/analysislevelmicrosoftcodeanalysisreleasetracking_3_3_minimum_warnaserror.globalconfig will be ignored.
Assets/Packages/Microsoft.CodeAnalysis.Analyzers.3.11.0/buildTransitive/config already contains a globalconfig file: Assets/Packages/Microsoft.CodeAnalysis.Analyzers.3.11.0/buildTransitive/config/analysislevellibrary_4_3_all.globalconfig will be ignored.
Assets/Packages/Microsoft.CodeAnalysis.Analyzers.3.11.0/buildTransitive/config already contains a globalconfig file: Assets/Packages/Microsoft.CodeAnalysis.Analyzers.3.11.0/buildTransitive/config/analysislevelmicrosoftcodeanalysisdocumentation_2_9_8_recommended_warnaserror.globalconfig will be ignored.
Assets/Packages/Microsoft.CodeAnalysis.Analyzers.3.11.0/buildTransitive/config already contains a globalconfig file: Assets/Packages/Microsoft.CodeAnalysis.Analyzers.3.11.0/buildTransitive/config/analysislevelmicrosoftcodeanalysisperformance_3_3_3_all_warnaserror.globalconfig will be ignored.
Assets/Packages/Microsoft.CodeAnalysis.Analyzers.3.11.0/buildTransitive/config already contains a globalconfig file: Assets/Packages/Microsoft.CodeAnalysis.Analyzers.3.11.0/buildTransitive/config/analysislevelmicrosoftcodeanalysiscompatibility_3_all_warnaserror.globalconfig will be ignored.
Assets/Packages/Microsoft.CodeAnalysis.Analyzers.3.11.0/buildTransitive/config already contains a globalconfig file: Assets/Packages/Microsoft.CodeAnalysis.Analyzers.3.11.0/buildTransitive/config/analysislevelmicrosoftcodeanalysisperformance_3_3_4_minimum.globalconfig will be ignored.
Assets/Packages/Microsoft.CodeAnalysis.Analyzers.3.11.0/buildTransitive/config already contains a globalconfig file: Assets/Packages/Microsoft.CodeAnalysis.Analyzers.3.11.0/buildTransitive/config/analysislevellibrary_3_3_none_warnaserror.globalconfig will be ignored.
Assets/Packages/Microsoft.CodeAnalysis.Analyzers.3.11.0/buildTransitive/config already contains a globalconfig file: Assets/Packages/Microsoft.CodeAnalysis.Analyzers.3.11.0/buildTransitive/config/analysislevelmicrosoftcodeanalysiscorrectness_3_3_3_minimum.globalconfig will be ignored.
Assets/Packages/Microsoft.CodeAnalysis.Analyzers.3.11.0/buildTransitive/config already contains a globalconfig file: Assets/Packages/Microsoft.CodeAnalysis.Analyzers.3.11.0/buildTransitive/config/analysislevelcorrectness_2_9_8_all.globalconfig will be ignored.
Assets/Packages/Microsoft.CodeAnalysis.Analyzers.3.11.0/buildTransitive/config already contains a globalconfig file: Assets/Packages/Microsoft.CodeAnalysis.Analyzers.3.11.0/buildTransitive/config/analysislevelmicrosoftcodeanalysiscorrectness_3_none_warnaserror.globalconfig will be ignored.
Assets/Packages/Microsoft.CodeAnalysis.Analyzers.3.11.0/buildTransitive/config already contains a globalconfig file: Assets/Packages/Microsoft.CodeAnalysis.Analyzers.3.11.0/buildTransitive/config/analysislevelmicrosoftcodeanalysisdesign_2_9_8_minimum_warnaserror.globalconfig will be ignored.
Assets/Packages/Microsoft.CodeAnalysis.Analyzers.3.11.0/buildTransitive/config already contains a globalconfig file: Assets/Packages/Microsoft.CodeAnalysis.Analyzers.3.11.0/buildTransitive/config/analysislevelmicrosoftcodeanalysislocalization_2_9_8_none_warnaserror.globalconfig will be ignored.
Assets/Packages/Microsoft.CodeAnalysis.Analyzers.3.11.0/buildTransitive/config already contains a globalconfig file: Assets/Packages/Microsoft.CodeAnalysis.Analyzers.3.11.0/buildTransitive/config/analysislevellibrary_3_3_3_default_warnaserror.globalconfig will be ignored.
Assets/Packages/Microsoft.CodeAnalysis.Analyzers.3.11.0/buildTransitive/config already contains a globalconfig file: Assets/Packages/Microsoft.CodeAnalysis.Analyzers.3.11.0/buildTransitive/config/analysislevelmicrosoftcodeanalysisdocumentation_3_minimum_warnaserror.globalconfig will be ignored.
Assets/Packages/Microsoft.CodeAnalysis.Analyzers.3.11.0/buildTransitive/config already contains a globalconfig file: Assets/Packages/Microsoft.CodeAnalysis.Analyzers.3.11.0/buildTransitive/config/analysislevelcorrectness_3_3_3_recommended.globalconfig will be ignored.
Assets/Packages/Microsoft.CodeAnalysis.Analyzers.3.11.0/buildTransitive/config already contains a globalconfig file: Assets/Packages/Microsoft.CodeAnalysis.Analyzers.3.11.0/buildTransitive/config/analysislevelmicrosoftcodeanalysislocalization_3_3_none_warnaserror.globalconfig will be ignored.
Assets/Packages/Microsoft.CodeAnalysis.Analyzers.3.11.0/buildTransitive/config already contains a globalconfig file: Assets/Packages/Microsoft.CodeAnalysis.Analyzers.3.11.0/buildTransitive/config/analysislevelmicrosoftcodeanalysislocalization_2_9_8_recommended_warnaserror.globalconfig will be ignored.
Assets/Packages/Microsoft.CodeAnalysis.Analyzers.3.11.0/buildTransitive/config already contains a globalconfig file: Assets/Packages/Microsoft.CodeAnalysis.Analyzers.3.11.0/buildTransitive/config/analysislevelmicrosoftcodeanalysislocalization_3_3_none.globalconfig will be ignored.
Assets/Packages/Microsoft.CodeAnalysis.Analyzers.3.11.0/buildTransitive/config already contains a globalconfig file: Assets/Packages/Microsoft.CodeAnalysis.Analyzers.3.11.0/buildTransitive/config/analysislevelmicrosoftcodeanalysiscorrectness_3_default.globalconfig will be ignored.
Assets/Packages/Microsoft.CodeAnalysis.Analyzers.3.11.0/buildTransitive/config already contains a globalconfig file: Assets/Packages/Microsoft.CodeAnalysis.Analyzers.3.11.0/buildTransitive/config/analysislevelmicrosoftcodeanalysiscompatibility_4_3_minimum.globalconfig will be ignored.
Assets/Packages/Microsoft.CodeAnalysis.Analyzers.3.11.0/buildTransitive/config already contains a globalconfig file: Assets/Packages/Microsoft.CodeAnalysis.Analyzers.3.11.0/buildTransitive/config/analysislevelmicrosoftcodeanalysisreleasetracking_3_3_3_none.globalconfig will be ignored.
Assets/Packages/Microsoft.CodeAnalysis.Analyzers.3.11.0/buildTransitive/config already contains a globalconfig file: Assets/Packages/Microsoft.CodeAnalysis.Analyzers.3.11.0/buildTransitive/config/analysislevellibrary_3_none_warnaserror.globalconfig will be ignored.
Assets/Packages/Microsoft.CodeAnalysis.Analyzers.3.11.0/buildTransitive/config already contains a globalconfig file: Assets/Packages/Microsoft.CodeAnalysis.Analyzers.3.11.0/buildTransitive/config/analysislevel_3_recommended_warnaserror.globalconfig will be ignored.
Assets/Packages/Microsoft.CodeAnalysis.Analyzers.3.11.0/buildTransitive/config already contains a globalconfig file: Assets/Packages/Microsoft.CodeAnalysis.Analyzers.3.11.0/buildTransitive/config/analysislevelmicrosoftcodeanalysiscompatibility_3_3_3_recommended_warnaserror.globalconfig will be ignored.
Assets/Packages/Microsoft.CodeAnalysis.Analyzers.3.11.0/buildTransitive/config already contains a globalconfig file: Assets/Packages/Microsoft.CodeAnalysis.Analyzers.3.11.0/buildTransitive/config/analysislevelmicrosoftcodeanalysislocalization_3_3_default_warnaserror.globalconfig will be ignored.
Assets/Packages/Microsoft.CodeAnalysis.Analyzers.3.11.0/buildTransitive/config already contains a globalconfig file: Assets/Packages/Microsoft.CodeAnalysis.Analyzers.3.11.0/buildTransitive/config/analysislevelmicrosoftcodeanalysisreleasetracking_3_3_3_minimum_warnaserror.globalconfig will be ignored.
Assets/Packages/Microsoft.CodeAnalysis.Analyzers.3.11.0/buildTransitive/config already contains a globalconfig file: Assets/Packages/Microsoft.CodeAnalysis.Analyzers.3.11.0/buildTransitive/config/analysislevelmicrosoftcodeanalysiscorrectness_2_9_8_all.globalconfig will be ignored.
Assets/Packages/Microsoft.CodeAnalysis.Analyzers.3.11.0/buildTransitive/config already contains a globalconfig file: Assets/Packages/Microsoft.CodeAnalysis.Analyzers.3.11.0/buildTransitive/config/analysislevelmicrosoftcodeanalysisperformance_3_3_all_warnaserror.globalconfig will be ignored.
Assets/Packages/Microsoft.CodeAnalysis.Analyzers.3.11.0/buildTransitive/config already contains a globalconfig file: Assets/Packages/Microsoft.CodeAnalysis.Analyzers.3.11.0/buildTransitive/config/analysislevelmicrosoftcodeanalysisperformance_3_3_4_none_warnaserror.globalconfig will be ignored.
Assets/Packages/Microsoft.CodeAnalysis.Analyzers.3.11.0/buildTransitive/config already contains a globalconfig file: Assets/Packages/Microsoft.CodeAnalysis.Analyzers.3.11.0/buildTransitive/config/analysislevelmicrosoftcodeanalysisreleasetracking_2_9_8_minimum.globalconfig will be ignored.
Assets/Packages/Microsoft.CodeAnalysis.Analyzers.3.11.0/buildTransitive/config already contains a globalconfig file: Assets/Packages/Microsoft.CodeAnalysis.Analyzers.3.11.0/buildTransitive/config/analysislevelmicrosoftcodeanalysisperformance_3_default.globalconfig will be ignored.
Assets/Packages/Microsoft.CodeAnalysis.Analyzers.3.11.0/buildTransitive/config already contains a globalconfig file: Assets/Packages/Microsoft.CodeAnalysis.Analyzers.3.11.0/buildTransitive/config/analysislevelcorrectness_4_3_all_warnaserror.globalconfig will be ignored.
Assets/Packages/Microsoft.CodeAnalysis.Analyzers.3.11.0/buildTransitive/config already contains a globalconfig file: Assets/Packages/Microsoft.CodeAnalysis.Analyzers.3.11.0/buildTransitive/config/analysislevelmicrosoftcodeanalysiscompatibility_3_3_4_recommended_warnaserror.globalconfig will be ignored.
Assets/Packages/Microsoft.CodeAnalysis.Analyzers.3.11.0/buildTransitive/config already contains a globalconfig file: Assets/Packages/Microsoft.CodeAnalysis.Analyzers.3.11.0/buildTransitive/config/analysislevelmicrosoftcodeanalysisdocumentation_2_9_8_recommended.globalconfig will be ignored.
Assets/Packages/Microsoft.CodeAnalysis.Analyzers.3.11.0/buildTransitive/config already contains a globalconfig file: Assets/Packages/Microsoft.CodeAnalysis.Analyzers.3.11.0/buildTransitive/config/analysislevellibrary_4_3_none_warnaserror.globalconfig will be ignored.
Assets/Packages/Microsoft.CodeAnalysis.Analyzers.3.11.0/buildTransitive/config already contains a globalconfig file: Assets/Packages/Microsoft.CodeAnalysis.Analyzers.3.11.0/buildTransitive/config/analysislevelmicrosoftcodeanalysisreleasetracking_3_3_4_all.globalconfig will be ignored.
Assets/Packages/Microsoft.CodeAnalysis.Analyzers.3.11.0/buildTransitive/config already contains a globalconfig file: Assets/Packages/Microsoft.CodeAnalysis.Analyzers.3.11.0/buildTransitive/config/analysislevelmicrosoftcodeanalysisperformance_3_none_warnaserror.globalconfig will be ignored.
Assets/Packages/Microsoft.CodeAnalysis.Analyzers.3.11.0/buildTransitive/config already contains a globalconfig file: Assets/Packages/Microsoft.CodeAnalysis.Analyzers.3.11.0/buildTransitive/config/analysislevelmicrosoftcodeanalysisdesign_2_9_8_all_warnaserror.globalconfig will be ignored.
Assets/Packages/Microsoft.CodeAnalysis.Analyzers.3.11.0/buildTransitive/config already contains a globalconfig file: Assets/Packages/Microsoft.CodeAnalysis.Analyzers.3.11.0/buildTransitive/config/analysislevelmicrosoftcodeanalysisperformance_3_3_default_warnaserror.globalconfig will be ignored.
Assets/Packages/Microsoft.CodeAnalysis.Analyzers.3.11.0/buildTransitive/config already contains a globalconfig file: Assets/Packages/Microsoft.CodeAnalysis.Analyzers.3.11.0/buildTransitive/config/analysislevelmicrosoftcodeanalysiscompatibility_3_default.globalconfig will be ignored.
Assets/Packages/Microsoft.CodeAnalysis.Analyzers.3.11.0/buildTransitive/config already contains a globalconfig file: Assets/Packages/Microsoft.CodeAnalysis.Analyzers.3.11.0/buildTransitive/config/analysislevelmicrosoftcodeanalysisdesign_3_3_3_default.globalconfig will be ignored.
Assets/Packages/Microsoft.CodeAnalysis.Analyzers.3.11.0/buildTransitive/config already contains a globalconfig file: Assets/Packages/Microsoft.CodeAnalysis.Analyzers.3.11.0/buildTransitive/config/analysislevelmicrosoftcodeanalysisperformance_3_3_3_minimum.globalconfig will be ignored.
Assets/Packages/Microsoft.CodeAnalysis.Analyzers.3.11.0/buildTransitive/config already contains a globalconfig file: Assets/Packages/Microsoft.CodeAnalysis.Analyzers.3.11.0/buildTransitive/config/analysislevel_3_3_4_recommended.globalconfig will be ignored.
Assets/Packages/Microsoft.CodeAnalysis.Analyzers.3.11.0/buildTransitive/config already contains a globalconfig file: Assets/Packages/Microsoft.CodeAnalysis.Analyzers.3.11.0/buildTransitive/config/analysislevelmicrosoftcodeanalysisperformance_3_3_3_default_warnaserror.globalconfig will be ignored.
Assets/Packages/Microsoft.CodeAnalysis.Analyzers.3.11.0/buildTransitive/config already contains a globalconfig file: Assets/Packages/Microsoft.CodeAnalysis.Analyzers.3.11.0/buildTransitive/config/analysislevelmicrosoftcodeanalysisdocumentation_4_3_default.globalconfig will be ignored.
Assets/Packages/Microsoft.CodeAnalysis.Analyzers.3.11.0/buildTransitive/config already contains a globalconfig file: Assets/Packages/Microsoft.CodeAnalysis.Analyzers.3.11.0/buildTransitive/config/analysislevelmicrosoftcodeanalysisdocumentation_3_3_3_default.globalconfig will be ignored.
Assets/Packages/Microsoft.CodeAnalysis.Analyzers.3.11.0/buildTransitive/config already contains a globalconfig file: Assets/Packages/Microsoft.CodeAnalysis.Analyzers.3.11.0/buildTransitive/config/analysislevelmicrosoftcodeanalysiscorrectness_3_3_all.globalconfig will be ignored.
Assets/Packages/Microsoft.CodeAnalysis.Analyzers.3.11.0/buildTransitive/config already contains a globalconfig file: Assets/Packages/Microsoft.CodeAnalysis.Analyzers.3.11.0/buildTransitive/config/analysislevelmicrosoftcodeanalysisreleasetracking_3_none_warnaserror.globalconfig will be ignored.
Assets/Packages/Microsoft.CodeAnalysis.Analyzers.3.11.0/buildTransitive/config already contains a globalconfig file: Assets/Packages/Microsoft.CodeAnalysis.Analyzers.3.11.0/buildTransitive/config/analysislevelcorrectness_2_9_8_recommended.globalconfig will be ignored.
Assets/Packages/Microsoft.CodeAnalysis.Analyzers.3.11.0/buildTransitive/config already contains a globalconfig file: Assets/Packages/Microsoft.CodeAnalysis.Analyzers.3.11.0/buildTransitive/config/analysislevelmicrosoftcodeanalysiscorrectness_3_3_3_all.globalconfig will be ignored.
Assets/Packages/Microsoft.CodeAnalysis.Analyzers.3.11.0/buildTransitive/config already contains a globalconfig file: Assets/Packages/Microsoft.CodeAnalysis.Analyzers.3.11.0/buildTransitive/config/analysislevelmicrosoftcodeanalysisdesign_4_3_none_warnaserror.globalconfig will be ignored.
Assets/Packages/Microsoft.CodeAnalysis.Analyzers.3.11.0/buildTransitive/config already contains a globalconfig file: Assets/Packages/Microsoft.CodeAnalysis.Analyzers.3.11.0/buildTransitive/config/analysislevelmicrosoftcodeanalysisperformance_3_3_4_minimum_warnaserror.globalconfig will be ignored.
Assets/Packages/Microsoft.CodeAnalysis.Analyzers.3.11.0/buildTransitive/config already contains a globalconfig file: Assets/Packages/Microsoft.CodeAnalysis.Analyzers.3.11.0/buildTransitive/config/analysislevelmicrosoftcodeanalysisdocumentation_3_all.globalconfig will be ignored.
Assets/Packages/Microsoft.CodeAnalysis.Analyzers.3.11.0/buildTransitive/config already contains a globalconfig file: Assets/Packages/Microsoft.CodeAnalysis.Analyzers.3.11.0/buildTransitive/config/analysislevelmicrosoftcodeanalysisdesign_3_3_3_none_warnaserror.globalconfig will be ignored.
Assets/Packages/Microsoft.CodeAnalysis.Analyzers.3.11.0/buildTransitive/config already contains a globalconfig file: Assets/Packages/Microsoft.CodeAnalysis.Analyzers.3.11.0/buildTransitive/config/analysislevelmicrosoftcodeanalysiscorrectness_3_recommended_warnaserror.globalconfig will be ignored.
Assets/Packages/Microsoft.CodeAnalysis.Analyzers.3.11.0/buildTransitive/config already contains a globalconfig file: Assets/Packages/Microsoft.CodeAnalysis.Analyzers.3.11.0/buildTransitive/config/analysislevelmicrosoftcodeanalysisreleasetracking_3_3_3_none_warnaserror.globalconfig will be ignored.
Assets/Packages/Microsoft.CodeAnalysis.Analyzers.3.11.0/buildTransitive/config already contains a globalconfig file: Assets/Packages/Microsoft.CodeAnalysis.Analyzers.3.11.0/buildTransitive/config/analysislevellibrary_2_9_8_minimum_warnaserror.globalconfig will be ignored.
Assets/Packages/Microsoft.CodeAnalysis.Analyzers.3.11.0/buildTransitive/config already contains a globalconfig file: Assets/Packages/Microsoft.CodeAnalysis.Analyzers.3.11.0/buildTransitive/config/analysislevel_3_3_all.globalconfig will be ignored.
Assets/Packages/Microsoft.CodeAnalysis.Analyzers.3.11.0/buildTransitive/config already contains a globalconfig file: Assets/Packages/Microsoft.CodeAnalysis.Analyzers.3.11.0/buildTransitive/config/analysislevelmicrosoftcodeanalysisreleasetracking_3_3_4_all_warnaserror.globalconfig will be ignored.
Assets/Packages/Microsoft.CodeAnalysis.Analyzers.3.11.0/buildTransitive/config already contains a globalconfig file: Assets/Packages/Microsoft.CodeAnalysis.Analyzers.3.11.0/buildTransitive/config/analysislevelmicrosoftcodeanalysisperformance_2_9_8_none.globalconfig will be ignored.
Assets/Packages/Microsoft.CodeAnalysis.Analyzers.3.11.0/buildTransitive/config already contains a globalconfig file: Assets/Packages/Microsoft.CodeAnalysis.Analyzers.3.11.0/buildTransitive/config/analysislevelmicrosoftcodeanalysiscorrectness_3_none.globalconfig will be ignored.
Assets/Packages/Microsoft.CodeAnalysis.Analyzers.3.11.0/buildTransitive/config already contains a globalconfig file: Assets/Packages/Microsoft.CodeAnalysis.Analyzers.3.11.0/buildTransitive/config/analysislevelmicrosoftcodeanalysislocalization_3_3_recommended_warnaserror.globalconfig will be ignored.
Assets/Packages/Microsoft.CodeAnalysis.Analyzers.3.11.0/buildTransitive/config already contains a globalconfig file: Assets/Packages/Microsoft.CodeAnalysis.Analyzers.3.11.0/buildTransitive/config/analysislevelmicrosoftcodeanalysiscompatibility_3_3_minimum.globalconfig will be ignored.
Assets/Packages/Microsoft.CodeAnalysis.Analyzers.3.11.0/buildTransitive/config already contains a globalconfig file: Assets/Packages/Microsoft.CodeAnalysis.Analyzers.3.11.0/buildTransitive/config/analysislevelmicrosoftcodeanalysisreleasetracking_2_9_8_recommended.globalconfig will be ignored.
Assets/Packages/Microsoft.CodeAnalysis.Analyzers.3.11.0/buildTransitive/config already contains a globalconfig file: Assets/Packages/Microsoft.CodeAnalysis.Analyzers.3.11.0/buildTransitive/config/analysislevelmicrosoftcodeanalysisdocumentation_3_3_3_minimum_warnaserror.globalconfig will be ignored.
Assets/Packages/Microsoft.CodeAnalysis.Analyzers.3.11.0/buildTransitive/config already contains a globalconfig file: Assets/Packages/Microsoft.CodeAnalysis.Analyzers.3.11.0/buildTransitive/config/analysislevelmicrosoftcodeanalysisreleasetracking_3_3_default_warnaserror.globalconfig will be ignored.
Assets/Packages/Microsoft.CodeAnalysis.Analyzers.3.11.0/buildTransitive/config already contains a globalconfig file: Assets/Packages/Microsoft.CodeAnalysis.Analyzers.3.11.0/buildTransitive/config/analysislevelmicrosoftcodeanalysisreleasetracking_3_minimum_warnaserror.globalconfig will be ignored.
Assets/Packages/Microsoft.CodeAnalysis.Analyzers.3.11.0/buildTransitive/config already contains a globalconfig file: Assets/Packages/Microsoft.CodeAnalysis.Analyzers.3.11.0/buildTransitive/config/analysislevelmicrosoftcodeanalysisdocumentation_2_9_8_default_warnaserror.globalconfig will be ignored.
Assets/Packages/Microsoft.CodeAnalysis.Analyzers.3.11.0/buildTransitive/config already contains a globalconfig file: Assets/Packages/Microsoft.CodeAnalysis.Analyzers.3.11.0/buildTransitive/config/analysislevel_4_3_minimum_warnaserror.globalconfig will be ignored.
Assets/Packages/Microsoft.CodeAnalysis.Analyzers.3.11.0/buildTransitive/config already contains a globalconfig file: Assets/Packages/Microsoft.CodeAnalysis.Analyzers.3.11.0/buildTransitive/config/analysislevel_3_3_3_none.globalconfig will be ignored.
Assets/Packages/Microsoft.CodeAnalysis.Analyzers.3.11.0/buildTransitive/config already contains a globalconfig file: Assets/Packages/Microsoft.CodeAnalysis.Analyzers.3.11.0/buildTransitive/config/analysislevelmicrosoftcodeanalysiscompatibility_3_recommended.globalconfig will be ignored.
Assets/Packages/Microsoft.CodeAnalysis.Analyzers.3.11.0/buildTransitive/config already contains a globalconfig file: Assets/Packages/Microsoft.CodeAnalysis.Analyzers.3.11.0/buildTransitive/config/analysislevelmicrosoftcodeanalysiscompatibility_3_default_warnaserror.globalconfig will be ignored.
Assets/Packages/Microsoft.CodeAnalysis.Analyzers.3.11.0/buildTransitive/config already contains a globalconfig file: Assets/Packages/Microsoft.CodeAnalysis.Analyzers.3.11.0/buildTransitive/config/analysislevel_4_3_none.globalconfig will be ignored.
Assets/Packages/Microsoft.CodeAnalysis.Analyzers.3.11.0/buildTransitive/config already contains a globalconfig file: Assets/Packages/Microsoft.CodeAnalysis.Analyzers.3.11.0/buildTransitive/config/analysislevelmicrosoftcodeanalysisreleasetracking_3_minimum.globalconfig will be ignored.
Assets/Packages/Microsoft.CodeAnalysis.Analyzers.3.11.0/buildTransitive/config already contains a globalconfig file: Assets/Packages/Microsoft.CodeAnalysis.Analyzers.3.11.0/buildTransitive/config/analysislevelmicrosoftcodeanalysisdocumentation_3_minimum.globalconfig will be ignored.
Assets/Packages/Microsoft.CodeAnalysis.Analyzers.3.11.0/buildTransitive/config already contains a globalconfig file: Assets/Packages/Microsoft.CodeAnalysis.Analyzers.3.11.0/buildTransitive/config/analysislevelmicrosoftcodeanalysisperformance_3_none.globalconfig will be ignored.
Assets/Packages/Microsoft.CodeAnalysis.Analyzers.3.11.0/buildTransitive/config already contains a globalconfig file: Assets/Packages/Microsoft.CodeAnalysis.Analyzers.3.11.0/buildTransitive/config/analysislevelmicrosoftcodeanalysisdocumentation_3_all_warnaserror.globalconfig will be ignored.
Assets/Packages/Microsoft.CodeAnalysis.Analyzers.3.11.0/buildTransitive/config already contains a globalconfig file: Assets/Packages/Microsoft.CodeAnalysis.Analyzers.3.11.0/buildTransitive/config/analysislevelcorrectness_3_3_3_none_warnaserror.globalconfig will be ignored.
Assets/Packages/Microsoft.CodeAnalysis.Analyzers.3.11.0/buildTransitive/config already contains a globalconfig file: Assets/Packages/Microsoft.CodeAnalysis.Analyzers.3.11.0/buildTransitive/config/analysislevelmicrosoftcodeanalysiscorrectness_3_3_4_recommended.globalconfig will be ignored.
Assets/Packages/Microsoft.CodeAnalysis.Analyzers.3.11.0/buildTransitive/config already contains a globalconfig file: Assets/Packages/Microsoft.CodeAnalysis.Analyzers.3.11.0/buildTransitive/config/analysislevellibrary_2_9_8_all.globalconfig will be ignored.
Assets/Packages/Microsoft.CodeAnalysis.Analyzers.3.11.0/buildTransitive/config already contains a globalconfig file: Assets/Packages/Microsoft.CodeAnalysis.Analyzers.3.11.0/buildTransitive/config/analysislevelcorrectness_3_3_4_minimum.globalconfig will be ignored.
Assets/Packages/Microsoft.CodeAnalysis.Analyzers.3.11.0/buildTransitive/config already contains a globalconfig file: Assets/Packages/Microsoft.CodeAnalysis.Analyzers.3.11.0/buildTransitive/config/analysislevel_2_9_8_none.globalconfig will be ignored.
Assets/Packages/Microsoft.CodeAnalysis.Analyzers.3.11.0/buildTransitive/config already contains a globalconfig file: Assets/Packages/Microsoft.CodeAnalysis.Analyzers.3.11.0/buildTransitive/config/analysislevellibrary_2_9_8_all_warnaserror.globalconfig will be ignored.
Assets/Packages/Microsoft.CodeAnalysis.Analyzers.3.11.0/buildTransitive/config already contains a globalconfig file: Assets/Packages/Microsoft.CodeAnalysis.Analyzers.3.11.0/buildTransitive/config/analysislevelcorrectness_3_3_none.globalconfig will be ignored.
Assets/Packages/Microsoft.CodeAnalysis.Analyzers.3.11.0/buildTransitive/config already contains a globalconfig file: Assets/Packages/Microsoft.CodeAnalysis.Analyzers.3.11.0/buildTransitive/config/analysislevelmicrosoftcodeanalysiscompatibility_3_3_recommended_warnaserror.globalconfig will be ignored.
Assets/Packages/Microsoft.CodeAnalysis.Analyzers.3.11.0/buildTransitive/config already contains a globalconfig file: Assets/Packages/Microsoft.CodeAnalysis.Analyzers.3.11.0/buildTransitive/config/analysislevelmicrosoftcodeanalysiscompatibility_4_3_default_warnaserror.globalconfig will be ignored.
Assets/Packages/Microsoft.CodeAnalysis.Analyzers.3.11.0/buildTransitive/config already contains a globalconfig file: Assets/Packages/Microsoft.CodeAnalysis.Analyzers.3.11.0/buildTransitive/config/analysislevellibrary_3_all_warnaserror.globalconfig will be ignored.
Assets/Packages/Microsoft.CodeAnalysis.Analyzers.3.11.0/buildTransitive/config already contains a globalconfig file: Assets/Packages/Microsoft.CodeAnalysis.Analyzers.3.11.0/buildTransitive/config/analysislevelmicrosoftcodeanalysisdesign_4_3_recommended_warnaserror.globalconfig will be ignored.
Assets/Packages/Microsoft.CodeAnalysis.Analyzers.3.11.0/buildTransitive/config already contains a globalconfig file: Assets/Packages/Microsoft.CodeAnalysis.Analyzers.3.11.0/buildTransitive/config/analysislevelcorrectness_2_9_8_minimum.globalconfig will be ignored.
Assets/Packages/Microsoft.CodeAnalysis.Analyzers.3.11.0/buildTransitive/config already contains a globalconfig file: Assets/Packages/Microsoft.CodeAnalysis.Analyzers.3.11.0/buildTransitive/config/analysislevellibrary_3_3_recommended.globalconfig will be ignored.
Assets/Packages/Microsoft.CodeAnalysis.Analyzers.3.11.0/buildTransitive/config already contains a globalconfig file: Assets/Packages/Microsoft.CodeAnalysis.Analyzers.3.11.0/buildTransitive/config/analysislevelmicrosoftcodeanalysiscorrectness_3_3_recommended_warnaserror.globalconfig will be ignored.
Assets/Packages/Microsoft.CodeAnalysis.Analyzers.3.11.0/buildTransitive/config already contains a globalconfig file: Assets/Packages/Microsoft.CodeAnalysis.Analyzers.3.11.0/buildTransitive/config/analysislevelmicrosoftcodeanalysisdesign_3_3_all.globalconfig will be ignored.
Assets/Packages/Microsoft.CodeAnalysis.Analyzers.3.11.0/buildTransitive/config already contains a globalconfig file: Assets/Packages/Microsoft.CodeAnalysis.Analyzers.3.11.0/buildTransitive/config/analysislevelmicrosoftcodeanalysisdocumentation_3_3_none.globalconfig will be ignored.
Assets/Packages/Microsoft.CodeAnalysis.Analyzers.3.11.0/buildTransitive/config already contains a globalconfig file: Assets/Packages/Microsoft.CodeAnalysis.Analyzers.3.11.0/buildTransitive/config/analysislevel_3_3_all_warnaserror.globalconfig will be ignored.
Assets/Packages/Microsoft.CodeAnalysis.Analyzers.3.11.0/buildTransitive/config already contains a globalconfig file: Assets/Packages/Microsoft.CodeAnalysis.Analyzers.3.11.0/buildTransitive/config/analysislevelmicrosoftcodeanalysiscorrectness_3_3_minimum_warnaserror.globalconfig will be ignored.
Assets/Packages/Microsoft.CodeAnalysis.Analyzers.3.11.0/buildTransitive/config already contains a globalconfig file: Assets/Packages/Microsoft.CodeAnalysis.Analyzers.3.11.0/buildTransitive/config/analysislevelmicrosoftcodeanalysisdocumentation_3_3_3_recommended_warnaserror.globalconfig will be ignored.
Assets/Packages/Microsoft.CodeAnalysis.Analyzers.3.11.0/buildTransitive/config already contains a globalconfig file: Assets/Packages/Microsoft.CodeAnalysis.Analyzers.3.11.0/buildTransitive/config/analysislevelmicrosoftcodeanalysislocalization_4_3_default_warnaserror.globalconfig will be ignored.
Assets/Packages/Microsoft.CodeAnalysis.Analyzers.3.11.0/buildTransitive/config already contains a globalconfig file: Assets/Packages/Microsoft.CodeAnalysis.Analyzers.3.11.0/buildTransitive/config/analysislevellibrary_2_9_8_none_warnaserror.globalconfig will be ignored.
Assets/Packages/Microsoft.CodeAnalysis.Analyzers.3.11.0/buildTransitive/config already contains a globalconfig file: Assets/Packages/Microsoft.CodeAnalysis.Analyzers.3.11.0/buildTransitive/config/analysislevelmicrosoftcodeanalysisreleasetracking_3_3_3_all.globalconfig will be ignored.
Assets/Packages/Microsoft.CodeAnalysis.Analyzers.3.11.0/buildTransitive/config already contains a globalconfig file: Assets/Packages/Microsoft.CodeAnalysis.Analyzers.3.11.0/buildTransitive/config/analysislevelcorrectness_3_default_warnaserror.globalconfig will be ignored.
Assets/Packages/Microsoft.CodeAnalysis.Analyzers.3.11.0/buildTransitive/config already contains a globalconfig file: Assets/Packages/Microsoft.CodeAnalysis.Analyzers.3.11.0/buildTransitive/config/analysislevelmicrosoftcodeanalysisreleasetracking_4_3_minimum.globalconfig will be ignored.
Assets/Packages/Microsoft.CodeAnalysis.Analyzers.3.11.0/buildTransitive/config already contains a globalconfig file: Assets/Packages/Microsoft.CodeAnalysis.Analyzers.3.11.0/buildTransitive/config/analysislevelmicrosoftcodeanalysisdesign_2_9_8_minimum.globalconfig will be ignored.
Assets/Packages/Microsoft.CodeAnalysis.Analyzers.3.11.0/buildTransitive/config already contains a globalconfig file: Assets/Packages/Microsoft.CodeAnalysis.Analyzers.3.11.0/buildTransitive/config/analysislevelmicrosoftcodeanalysisdocumentation_4_3_none_warnaserror.globalconfig will be ignored.
Assets/Packages/Microsoft.CodeAnalysis.Analyzers.3.11.0/buildTransitive/config already contains a globalconfig file: Assets/Packages/Microsoft.CodeAnalysis.Analyzers.3.11.0/buildTransitive/config/analysislevelmicrosoftcodeanalysiscompatibility_4_3_all_warnaserror.globalconfig will be ignored.
Assets/Packages/Microsoft.CodeAnalysis.Analyzers.3.11.0/buildTransitive/config already contains a globalconfig file: Assets/Packages/Microsoft.CodeAnalysis.Analyzers.3.11.0/buildTransitive/config/analysislevellibrary_3_3_minimum.globalconfig will be ignored.
Assets/Packages/Microsoft.CodeAnalysis.Analyzers.3.11.0/buildTransitive/config already contains a globalconfig file: Assets/Packages/Microsoft.CodeAnalysis.Analyzers.3.11.0/buildTransitive/config/analysislevelmicrosoftcodeanalysisdesign_3_3_3_all_warnaserror.globalconfig will be ignored.
Assets/Packages/Microsoft.CodeAnalysis.Analyzers.3.11.0/buildTransitive/config already contains a globalconfig file: Assets/Packages/Microsoft.CodeAnalysis.Analyzers.3.11.0/buildTransitive/config/analysislevelmicrosoftcodeanalysisdesign_3_all.globalconfig will be ignored.
Assets/Packages/Microsoft.CodeAnalysis.Analyzers.3.11.0/buildTransitive/config already contains a globalconfig file: Assets/Packages/Microsoft.CodeAnalysis.Analyzers.3.11.0/buildTransitive/config/analysislevel_4_3_default.globalconfig will be ignored.
Assets/Packages/Microsoft.CodeAnalysis.Analyzers.3.11.0/buildTransitive/config already contains a globalconfig file: Assets/Packages/Microsoft.CodeAnalysis.Analyzers.3.11.0/buildTransitive/config/analysislevelmicrosoftcodeanalysisdesign_4_3_all_warnaserror.globalconfig will be ignored.
Assets/Packages/Microsoft.CodeAnalysis.Analyzers.3.11.0/buildTransitive/config already contains a globalconfig file: Assets/Packages/Microsoft.CodeAnalysis.Analyzers.3.11.0/buildTransitive/config/analysislevelmicrosoftcodeanalysisdocumentation_3_none_warnaserror.globalconfig will be ignored.
Assets/Packages/Microsoft.CodeAnalysis.Analyzers.3.11.0/buildTransitive/config already contains a globalconfig file: Assets/Packages/Microsoft.CodeAnalysis.Analyzers.3.11.0/buildTransitive/config/analysislevelmicrosoftcodeanalysisperformance_2_9_8_default.globalconfig will be ignored.
Assets/Packages/Microsoft.CodeAnalysis.Analyzers.3.11.0/buildTransitive/config already contains a globalconfig file: Assets/Packages/Microsoft.CodeAnalysis.Analyzers.3.11.0/buildTransitive/config/analysislevelmicrosoftcodeanalysislocalization_3_3_minimum.globalconfig will be ignored.
Assets/Packages/Microsoft.CodeAnalysis.Analyzers.3.11.0/buildTransitive/config already contains a globalconfig file: Assets/Packages/Microsoft.CodeAnalysis.Analyzers.3.11.0/buildTransitive/config/analysislevelmicrosoftcodeanalysislocalization_3_minimum.globalconfig will be ignored.
Assets/Packages/Microsoft.CodeAnalysis.Analyzers.3.11.0/buildTransitive/config already contains a globalconfig file: Assets/Packages/Microsoft.CodeAnalysis.Analyzers.3.11.0/buildTransitive/config/analysislevelmicrosoftcodeanalysisperformance_3_3_4_all_warnaserror.globalconfig will be ignored.
Assets/Packages/Microsoft.CodeAnalysis.Analyzers.3.11.0/buildTransitive/config already contains a globalconfig file: Assets/Packages/Microsoft.CodeAnalysis.Analyzers.3.11.0/buildTransitive/config/analysislevelmicrosoftcodeanalysislocalization_3_3_4_all_warnaserror.globalconfig will be ignored.
Assets/Packages/Microsoft.CodeAnalysis.Analyzers.3.11.0/buildTransitive/config already contains a globalconfig file: Assets/Packages/Microsoft.CodeAnalysis.Analyzers.3.11.0/buildTransitive/config/analysislevelmicrosoftcodeanalysiscompatibility_3_3_3_minimum.globalconfig will be ignored.
Assets/Packages/Microsoft.CodeAnalysis.Analyzers.3.11.0/buildTransitive/config already contains a globalconfig file: Assets/Packages/Microsoft.CodeAnalysis.Analyzers.3.11.0/buildTransitive/config/analysislevelcorrectness_4_3_default.globalconfig will be ignored.
Assets/Packages/Microsoft.CodeAnalysis.Analyzers.3.11.0/buildTransitive/config already contains a globalconfig file: Assets/Packages/Microsoft.CodeAnalysis.Analyzers.3.11.0/buildTransitive/config/analysislevelcorrectness_3_all_warnaserror.globalconfig will be ignored.
Assets/Packages/Microsoft.CodeAnalysis.Analyzers.3.11.0/buildTransitive/config already contains a globalconfig file: Assets/Packages/Microsoft.CodeAnalysis.Analyzers.3.11.0/buildTransitive/config/analysislevellibrary_3_3_4_default_warnaserror.globalconfig will be ignored.
Assets/Packages/Microsoft.CodeAnalysis.Analyzers.3.11.0/buildTransitive/config already contains a globalconfig file: Assets/Packages/Microsoft.CodeAnalysis.Analyzers.3.11.0/buildTransitive/config/analysislevelmicrosoftcodeanalysisdesign_3_3_4_recommended_warnaserror.globalconfig will be ignored.
Assets/Packages/Microsoft.CodeAnalysis.Analyzers.3.11.0/buildTransitive/config already contains a globalconfig file: Assets/Packages/Microsoft.CodeAnalysis.Analyzers.3.11.0/buildTransitive/config/analysislevelmicrosoftcodeanalysislocalization_3_all.globalconfig will be ignored.
Assets/Packages/Microsoft.CodeAnalysis.Analyzers.3.11.0/buildTransitive/config already contains a globalconfig file: Assets/Packages/Microsoft.CodeAnalysis.Analyzers.3.11.0/buildTransitive/config/analysislevelmicrosoftcodeanalysiscorrectness_3_3_3_recommended_warnaserror.globalconfig will be ignored.
Assets/Packages/Microsoft.CodeAnalysis.Analyzers.3.11.0/buildTransitive/config already contains a globalconfig file: Assets/Packages/Microsoft.CodeAnalysis.Analyzers.3.11.0/buildTransitive/config/analysislevellibrary_3_3_3_none.globalconfig will be ignored.
Assets/Packages/Microsoft.CodeAnalysis.Analyzers.3.11.0/buildTransitive/config already contains a globalconfig file: Assets/Packages/Microsoft.CodeAnalysis.Analyzers.3.11.0/buildTransitive/config/analysislevel_3_3_default.globalconfig will be ignored.
Assets/Packages/Microsoft.CodeAnalysis.Analyzers.3.11.0/buildTransitive/config already contains a globalconfig file: Assets/Packages/Microsoft.CodeAnalysis.Analyzers.3.11.0/buildTransitive/config/analysislevellibrary_3_3_3_none_warnaserror.globalconfig will be ignored.
Assets/Packages/Microsoft.CodeAnalysis.Analyzers.3.11.0/buildTransitive/config already contains a globalconfig file: Assets/Packages/Microsoft.CodeAnalysis.Analyzers.3.11.0/buildTransitive/config/analysislevelmicrosoftcodeanalysisdesign_3_default_warnaserror.globalconfig will be ignored.
Assets/Packages/Microsoft.CodeAnalysis.Analyzers.3.11.0/buildTransitive/config already contains a globalconfig file: Assets/Packages/Microsoft.CodeAnalysis.Analyzers.3.11.0/buildTransitive/config/analysislevelmicrosoftcodeanalysiscorrectness_4_3_default_warnaserror.globalconfig will be ignored.
Assets/Packages/Microsoft.CodeAnalysis.Analyzers.3.11.0/buildTransitive/config already contains a globalconfig file: Assets/Packages/Microsoft.CodeAnalysis.Analyzers.3.11.0/buildTransitive/config/analysislevelmicrosoftcodeanalysisdocumentation_3_3_3_none.globalconfig will be ignored.
Assets/Packages/Microsoft.CodeAnalysis.Analyzers.3.11.0/buildTransitive/config already contains a globalconfig file: Assets/Packages/Microsoft.CodeAnalysis.Analyzers.3.11.0/buildTransitive/config/analysislevellibrary_4_3_default_warnaserror.globalconfig will be ignored.
Assets/Packages/Microsoft.CodeAnalysis.Analyzers.3.11.0/buildTransitive/config already contains a globalconfig file: Assets/Packages/Microsoft.CodeAnalysis.Analyzers.3.11.0/buildTransitive/config/analysislevelcorrectness_3_3_recommended.globalconfig will be ignored.
Assets/Packages/Microsoft.CodeAnalysis.Analyzers.3.11.0/buildTransitive/config already contains a globalconfig file: Assets/Packages/Microsoft.CodeAnalysis.Analyzers.3.11.0/buildTransitive/config/analysislevelmicrosoftcodeanalysislocalization_3_3_3_default_warnaserror.globalconfig will be ignored.
Assets/Packages/Microsoft.CodeAnalysis.Analyzers.3.11.0/buildTransitive/config already contains a globalconfig file: Assets/Packages/Microsoft.CodeAnalysis.Analyzers.3.11.0/buildTransitive/config/analysislevel_3_3_3_recommended_warnaserror.globalconfig will be ignored.
Assets/Packages/Microsoft.CodeAnalysis.Analyzers.3.11.0/buildTransitive/config already contains a globalconfig file: Assets/Packages/Microsoft.CodeAnalysis.Analyzers.3.11.0/buildTransitive/config/analysislevelmicrosoftcodeanalysisreleasetracking_2_9_8_minimum_warnaserror.globalconfig will be ignored.
Assets/Packages/Microsoft.CodeAnalysis.Analyzers.3.11.0/buildTransitive/config already contains a globalconfig file: Assets/Packages/Microsoft.CodeAnalysis.Analyzers.3.11.0/buildTransitive/config/analysislevelmicrosoftcodeanalysiscompatibility_4_3_recommended_warnaserror.globalconfig will be ignored.
Assets/Packages/Microsoft.CodeAnalysis.Analyzers.3.11.0/buildTransitive/config already contains a globalconfig file: Assets/Packages/Microsoft.CodeAnalysis.Analyzers.3.11.0/buildTransitive/config/analysislevelmicrosoftcodeanalysiscorrectness_2_9_8_all_warnaserror.globalconfig will be ignored.
Assets/Packages/Microsoft.CodeAnalysis.Analyzers.3.11.0/buildTransitive/config already contains a globalconfig file: Assets/Packages/Microsoft.CodeAnalysis.Analyzers.3.11.0/buildTransitive/config/analysislevelmicrosoftcodeanalysiscorrectness_3_3_4_none_warnaserror.globalconfig will be ignored.
Assets/Packages/Microsoft.CodeAnalysis.Analyzers.3.11.0/buildTransitive/config already contains a globalconfig file: Assets/Packages/Microsoft.CodeAnalysis.Analyzers.3.11.0/buildTransitive/config/analysislevelmicrosoftcodeanalysiscorrectness_3_3_4_minimum_warnaserror.globalconfig will be ignored.
Assets/Packages/Microsoft.CodeAnalysis.Analyzers.3.11.0/buildTransitive/config already contains a globalconfig file: Assets/Packages/Microsoft.CodeAnalysis.Analyzers.3.11.0/buildTransitive/config/analysislevelmicrosoftcodeanalysisreleasetracking_3_recommended.globalconfig will be ignored.
Assets/Packages/Microsoft.CodeAnalysis.Analyzers.3.11.0/buildTransitive/config already contains a globalconfig file: Assets/Packages/Microsoft.CodeAnalysis.Analyzers.3.11.0/buildTransitive/config/analysislevelmicrosoftcodeanalysiscorrectness_2_9_8_default_warnaserror.globalconfig will be ignored.
Assets/Packages/Microsoft.CodeAnalysis.Analyzers.3.11.0/buildTransitive/config already contains a globalconfig file: Assets/Packages/Microsoft.CodeAnalysis.Analyzers.3.11.0/buildTransitive/config/analysislevelmicrosoftcodeanalysisdesign_2_9_8_recommended.globalconfig will be ignored.
Assets/Packages/Microsoft.CodeAnalysis.Analyzers.3.11.0/buildTransitive/config already contains a globalconfig file: Assets/Packages/Microsoft.CodeAnalysis.Analyzers.3.11.0/buildTransitive/config/analysislevellibrary_3_3_recommended_warnaserror.globalconfig will be ignored.
Assets/Packages/Microsoft.CodeAnalysis.Analyzers.3.11.0/buildTransitive/config already contains a globalconfig file: Assets/Packages/Microsoft.CodeAnalysis.Analyzers.3.11.0/buildTransitive/config/analysislevelmicrosoftcodeanalysiscompatibility_3_3_4_all.globalconfig will be ignored.
Assets/Packages/Microsoft.CodeAnalysis.Analyzers.3.11.0/buildTransitive/config already contains a globalconfig file: Assets/Packages/Microsoft.CodeAnalysis.Analyzers.3.11.0/buildTransitive/config/analysislevelmicrosoftcodeanalysiscorrectness_2_9_8_recommended_warnaserror.globalconfig will be ignored.
Assets/Packages/Microsoft.CodeAnalysis.Analyzers.3.11.0/buildTransitive/config already contains a globalconfig file: Assets/Packages/Microsoft.CodeAnalysis.Analyzers.3.11.0/buildTransitive/config/analysislevelcorrectness_3_3_3_none.globalconfig will be ignored.
Assets/Packages/Microsoft.CodeAnalysis.Analyzers.3.11.0/buildTransitive/config already contains a globalconfig file: Assets/Packages/Microsoft.CodeAnalysis.Analyzers.3.11.0/buildTransitive/config/analysislevelcorrectness_4_3_all.globalconfig will be ignored.
Assets/Packages/Microsoft.CodeAnalysis.Analyzers.3.11.0/buildTransitive/config already contains a globalconfig file: Assets/Packages/Microsoft.CodeAnalysis.Analyzers.3.11.0/buildTransitive/config/analysislevelcorrectness_2_9_8_all_warnaserror.globalconfig will be ignored.
Assets/Packages/Microsoft.CodeAnalysis.Analyzers.3.11.0/buildTransitive/config already contains a globalconfig file: Assets/Packages/Microsoft.CodeAnalysis.Analyzers.3.11.0/buildTransitive/config/analysislevelmicrosoftcodeanalysisdocumentation_3_3_4_recommended_warnaserror.globalconfig will be ignored.
Assets/Packages/Microsoft.CodeAnalysis.Analyzers.3.11.0/buildTransitive/config already contains a globalconfig file: Assets/Packages/Microsoft.CodeAnalysis.Analyzers.3.11.0/buildTransitive/config/analysislevelmicrosoftcodeanalysisdesign_3_3_4_recommended.globalconfig will be ignored.
Assets/Packages/Microsoft.CodeAnalysis.Analyzers.3.11.0/buildTransitive/config already contains a globalconfig file: Assets/Packages/Microsoft.CodeAnalysis.Analyzers.3.11.0/buildTransitive/config/analysislevelmicrosoftcodeanalysiscorrectness_4_3_none.globalconfig will be ignored.
Assets/Packages/Microsoft.CodeAnalysis.Analyzers.3.11.0/buildTransitive/config already contains a globalconfig file: Assets/Packages/Microsoft.CodeAnalysis.Analyzers.3.11.0/buildTransitive/config/analysislevelmicrosoftcodeanalysislocalization_3_3_3_recommended.globalconfig will be ignored.
Assets/Packages/Microsoft.CodeAnalysis.Analyzers.3.11.0/buildTransitive/config already contains a globalconfig file: Assets/Packages/Microsoft.CodeAnalysis.Analyzers.3.11.0/buildTransitive/config/analysislevelcorrectness_3_3_4_default_warnaserror.globalconfig will be ignored.
Assets/Packages/Microsoft.CodeAnalysis.Analyzers.3.11.0/buildTransitive/config already contains a globalconfig file: Assets/Packages/Microsoft.CodeAnalysis.Analyzers.3.11.0/buildTransitive/config/analysislevelcorrectness_3_3_4_default.globalconfig will be ignored.
Assets/Packages/Microsoft.CodeAnalysis.Analyzers.3.11.0/buildTransitive/config already contains a globalconfig file: Assets/Packages/Microsoft.CodeAnalysis.Analyzers.3.11.0/buildTransitive/config/analysislevelmicrosoftcodeanalysisdesign_4_3_default_warnaserror.globalconfig will be ignored.
Assets/Packages/Microsoft.CodeAnalysis.Analyzers.3.11.0/buildTransitive/config already contains a globalconfig file: Assets/Packages/Microsoft.CodeAnalysis.Analyzers.3.11.0/buildTransitive/config/analysislevelmicrosoftcodeanalysisdesign_3_3_4_minimum_warnaserror.globalconfig will be ignored.
Assets/Packages/Microsoft.CodeAnalysis.Analyzers.3.11.0/buildTransitive/config already contains a globalconfig file: Assets/Packages/Microsoft.CodeAnalysis.Analyzers.3.11.0/buildTransitive/config/analysislevelmicrosoftcodeanalysiscompatibility_3_minimum_warnaserror.globalconfig will be ignored.
Assets/Packages/Microsoft.CodeAnalysis.Analyzers.3.11.0/buildTransitive/config already contains a globalconfig file: Assets/Packages/Microsoft.CodeAnalysis.Analyzers.3.11.0/buildTransitive/config/analysislevelmicrosoftcodeanalysiscorrectness_4_3_none_warnaserror.globalconfig will be ignored.
Assets/Packages/Microsoft.CodeAnalysis.Analyzers.3.11.0/buildTransitive/config already contains a globalconfig file: Assets/Packages/Microsoft.CodeAnalysis.Analyzers.3.11.0/buildTransitive/config/analysislevel_4_3_minimum.globalconfig will be ignored.
Assets/Packages/Microsoft.CodeAnalysis.Analyzers.3.11.0/buildTransitive/config already contains a globalconfig file: Assets/Packages/Microsoft.CodeAnalysis.Analyzers.3.11.0/buildTransitive/config/analysislevelmicrosoftcodeanalysisreleasetracking_4_3_default_warnaserror.globalconfig will be ignored.
Assets/Packages/Microsoft.CodeAnalysis.Analyzers.3.11.0/buildTransitive/config already contains a globalconfig file: Assets/Packages/Microsoft.CodeAnalysis.Analyzers.3.11.0/buildTransitive/config/analysislevelmicrosoftcodeanalysisdesign_3_3_none.globalconfig will be ignored.
Assets/Packages/Microsoft.CodeAnalysis.Analyzers.3.11.0/buildTransitive/config already contains a globalconfig file: Assets/Packages/Microsoft.CodeAnalysis.Analyzers.3.11.0/buildTransitive/config/analysislevellibrary_3_3_4_default.globalconfig will be ignored.
Assets/Packages/Microsoft.CodeAnalysis.Analyzers.3.11.0/buildTransitive/config already contains a globalconfig file: Assets/Packages/Microsoft.CodeAnalysis.Analyzers.3.11.0/buildTransitive/config/analysislevelcorrectness_3_recommended_warnaserror.globalconfig will be ignored.
Assets/Packages/Microsoft.CodeAnalysis.Analyzers.3.11.0/buildTransitive/config already contains a globalconfig file: Assets/Packages/Microsoft.CodeAnalysis.Analyzers.3.11.0/buildTransitive/config/analysislevelmicrosoftcodeanalysiscorrectness_3_3_4_default.globalconfig will be ignored.
Assets/Packages/Microsoft.CodeAnalysis.Analyzers.3.11.0/buildTransitive/config already contains a globalconfig file: Assets/Packages/Microsoft.CodeAnalysis.Analyzers.3.11.0/buildTransitive/config/analysislevelmicrosoftcodeanalysiscorrectness_3_default_warnaserror.globalconfig will be ignored.
Assets/Packages/Microsoft.CodeAnalysis.Analyzers.3.11.0/buildTransitive/config already contains a globalconfig file: Assets/Packages/Microsoft.CodeAnalysis.Analyzers.3.11.0/buildTransitive/config/analysislevelmicrosoftcodeanalysislocalization_4_3_none.globalconfig will be ignored.
Assets/Packages/Microsoft.CodeAnalysis.Analyzers.3.11.0/buildTransitive/config already contains a globalconfig file: Assets/Packages/Microsoft.CodeAnalysis.Analyzers.3.11.0/buildTransitive/config/analysislevel_2_9_8_none_warnaserror.globalconfig will be ignored.
Assets/Packages/Microsoft.CodeAnalysis.Analyzers.3.11.0/buildTransitive/config already contains a globalconfig file: Assets/Packages/Microsoft.CodeAnalysis.Analyzers.3.11.0/buildTransitive/config/analysislevelcorrectness_2_9_8_default_warnaserror.globalconfig will be ignored.
Assets/Packages/Microsoft.CodeAnalysis.Analyzers.3.11.0/buildTransitive/config already contains a globalconfig file: Assets/Packages/Microsoft.CodeAnalysis.Analyzers.3.11.0/buildTransitive/config/analysislevelmicrosoftcodeanalysisreleasetracking_4_3_none.globalconfig will be ignored.
Assets/Packages/Microsoft.CodeAnalysis.Analyzers.3.11.0/buildTransitive/config already contains a globalconfig file: Assets/Packages/Microsoft.CodeAnalysis.Analyzers.3.11.0/buildTransitive/config/analysislevel_2_9_8_minimum_warnaserror.globalconfig will be ignored.
Assets/Packages/Microsoft.CodeAnalysis.Analyzers.3.11.0/buildTransitive/config already contains a globalconfig file: Assets/Packages/Microsoft.CodeAnalysis.Analyzers.3.11.0/buildTransitive/config/analysislevelmicrosoftcodeanalysisdesign_3_3_all_warnaserror.globalconfig will be ignored.
Assets/Packages/Microsoft.CodeAnalysis.Analyzers.3.11.0/buildTransitive/config already contains a globalconfig file: Assets/Packages/Microsoft.CodeAnalysis.Analyzers.3.11.0/buildTransitive/config/analysislevelmicrosoftcodeanalysiscorrectness_4_3_recommended.globalconfig will be ignored.
Assets/Packages/Microsoft.CodeAnalysis.Analyzers.3.11.0/buildTransitive/config already contains a globalconfig file: Assets/Packages/Microsoft.CodeAnalysis.Analyzers.3.11.0/buildTransitive/config/analysislevelmicrosoftcodeanalysisdocumentation_4_3_default_warnaserror.globalconfig will be ignored.
Assets/Packages/Microsoft.CodeAnalysis.Analyzers.3.11.0/buildTransitive/config already contains a globalconfig file: Assets/Packages/Microsoft.CodeAnalysis.Analyzers.3.11.0/buildTransitive/config/analysislevel_4_3_recommended_warnaserror.globalconfig will be ignored.
Assets/Packages/Microsoft.CodeAnalysis.Analyzers.3.11.0/buildTransitive/config already contains a globalconfig file: Assets/Packages/Microsoft.CodeAnalysis.Analyzers.3.11.0/buildTransitive/config/analysislevelcorrectness_4_3_recommended.globalconfig will be ignored.
Assets/Packages/Microsoft.CodeAnalysis.Analyzers.3.11.0/buildTransitive/config already contains a globalconfig file: Assets/Packages/Microsoft.CodeAnalysis.Analyzers.3.11.0/buildTransitive/config/analysislevelmicrosoftcodeanalysislocalization_3_3_all.globalconfig will be ignored.
Assets/Packages/Microsoft.CodeAnalysis.Analyzers.3.11.0/buildTransitive/config already contains a globalconfig file: Assets/Packages/Microsoft.CodeAnalysis.Analyzers.3.11.0/buildTransitive/config/analysislevelmicrosoftcodeanalysisreleasetracking_2_9_8_recommended_warnaserror.globalconfig will be ignored.
Assets/Packages/Microsoft.CodeAnalysis.Analyzers.3.11.0/buildTransitive/config already contains a globalconfig file: Assets/Packages/Microsoft.CodeAnalysis.Analyzers.3.11.0/buildTransitive/config/analysislevelmicrosoftcodeanalysislocalization_4_3_none_warnaserror.globalconfig will be ignored.
Assets/Packages/Microsoft.CodeAnalysis.Analyzers.3.11.0/buildTransitive/config already contains a globalconfig file: Assets/Packages/Microsoft.CodeAnalysis.Analyzers.3.11.0/buildTransitive/config/analysislevelcorrectness_3_3_4_none.globalconfig will be ignored.
Assets/Packages/Microsoft.CodeAnalysis.Analyzers.3.11.0/buildTransitive/config already contains a globalconfig file: Assets/Packages/Microsoft.CodeAnalysis.Analyzers.3.11.0/buildTransitive/config/analysislevelmicrosoftcodeanalysiscorrectness_3_3_all_warnaserror.globalconfig will be ignored.
Assets/Packages/Microsoft.CodeAnalysis.Analyzers.3.11.0/buildTransitive/config already contains a globalconfig file: Assets/Packages/Microsoft.CodeAnalysis.Analyzers.3.11.0/buildTransitive/config/analysislevellibrary_3_3_3_minimum.globalconfig will be ignored.
Assets/Packages/Microsoft.CodeAnalysis.Analyzers.3.11.0/buildTransitive/config already contains a globalconfig file: Assets/Packages/Microsoft.CodeAnalysis.Analyzers.3.11.0/buildTransitive/config/analysislevellibrary_3_default.globalconfig will be ignored.
Assets/Packages/Microsoft.CodeAnalysis.Analyzers.3.11.0/buildTransitive/config already contains a globalconfig file: Assets/Packages/Microsoft.CodeAnalysis.Analyzers.3.11.0/buildTransitive/config/analysislevelmicrosoftcodeanalysisdesign_3_recommended_warnaserror.globalconfig will be ignored.
Assets/Packages/Microsoft.CodeAnalysis.Analyzers.3.11.0/buildTransitive/config already contains a globalconfig file: Assets/Packages/Microsoft.CodeAnalysis.Analyzers.3.11.0/buildTransitive/config/analysislevel_2_9_8_default_warnaserror.globalconfig will be ignored.
Assets/Packages/Microsoft.CodeAnalysis.Analyzers.3.11.0/buildTransitive/config already contains a globalconfig file: Assets/Packages/Microsoft.CodeAnalysis.Analyzers.3.11.0/buildTransitive/config/analysislevelmicrosoftcodeanalysiscompatibility_3_3_4_recommended.globalconfig will be ignored.
Assets/Packages/Microsoft.CodeAnalysis.Analyzers.3.11.0/buildTransitive/config already contains a globalconfig file: Assets/Packages/Microsoft.CodeAnalysis.Analyzers.3.11.0/buildTransitive/config/analysislevellibrary_3_3_default.globalconfig will be ignored.
Assets/Packages/Microsoft.CodeAnalysis.Analyzers.3.11.0/buildTransitive/config already contains a globalconfig file: Assets/Packages/Microsoft.CodeAnalysis.Analyzers.3.11.0/buildTransitive/config/analysislevellibrary_3_minimum_warnaserror.globalconfig will be ignored.
Assets/Packages/Microsoft.CodeAnalysis.Analyzers.3.11.0/buildTransitive/config already contains a globalconfig file: Assets/Packages/Microsoft.CodeAnalysis.Analyzers.3.11.0/buildTransitive/config/analysislevelmicrosoftcodeanalysislocalization_3_3_4_recommended.globalconfig will be ignored.
Assets/Packages/Microsoft.CodeAnalysis.Analyzers.3.11.0/buildTransitive/config already contains a globalconfig file: Assets/Packages/Microsoft.CodeAnalysis.Analyzers.3.11.0/buildTransitive/config/analysislevelmicrosoftcodeanalysisreleasetracking_3_3_default.globalconfig will be ignored.
Assets/Packages/Microsoft.CodeAnalysis.Analyzers.3.11.0/buildTransitive/config already contains a globalconfig file: Assets/Packages/Microsoft.CodeAnalysis.Analyzers.3.11.0/buildTransitive/config/analysislevelmicrosoftcodeanalysisdesign_3_3_4_none.globalconfig will be ignored.
Assets/Packages/Microsoft.CodeAnalysis.Analyzers.3.11.0/buildTransitive/config already contains a globalconfig file: Assets/Packages/Microsoft.CodeAnalysis.Analyzers.3.11.0/buildTransitive/config/analysislevelmicrosoftcodeanalysisperformance_3_3_recommended.globalconfig will be ignored.
Assets/Packages/Microsoft.CodeAnalysis.Analyzers.3.11.0/buildTransitive/config already contains a globalconfig file: Assets/Packages/Microsoft.CodeAnalysis.Analyzers.3.11.0/buildTransitive/config/analysislevelmicrosoftcodeanalysiscorrectness_3_3_4_minimum.globalconfig will be ignored.
Assets/Packages/Microsoft.CodeAnalysis.Analyzers.3.11.0/buildTransitive/config already contains a globalconfig file: Assets/Packages/Microsoft.CodeAnalysis.Analyzers.3.11.0/buildTransitive/config/analysislevelcorrectness_3_3_4_all.globalconfig will be ignored.
Assets/Packages/Microsoft.CodeAnalysis.Analyzers.3.11.0/buildTransitive/config already contains a globalconfig file: Assets/Packages/Microsoft.CodeAnalysis.Analyzers.3.11.0/buildTransitive/config/analysislevel_3_3_3_default_warnaserror.globalconfig will be ignored.
Assets/Packages/Microsoft.CodeAnalysis.Analyzers.3.11.0/buildTransitive/config already contains a globalconfig file: Assets/Packages/Microsoft.CodeAnalysis.Analyzers.3.11.0/buildTransitive/config/analysislevelmicrosoftcodeanalysisperformance_3_minimum_warnaserror.globalconfig will be ignored.
Assets/Packages/Microsoft.CodeAnalysis.Analyzers.3.11.0/buildTransitive/config already contains a globalconfig file: Assets/Packages/Microsoft.CodeAnalysis.Analyzers.3.11.0/buildTransitive/config/analysislevelmicrosoftcodeanalysisreleasetracking_2_9_8_all.globalconfig will be ignored.
Assets/Packages/Microsoft.CodeAnalysis.Analyzers.3.11.0/buildTransitive/config already contains a globalconfig file: Assets/Packages/Microsoft.CodeAnalysis.Analyzers.3.11.0/buildTransitive/config/analysislevelcorrectness_4_3_none.globalconfig will be ignored.
Assets/Packages/Microsoft.CodeAnalysis.Analyzers.3.11.0/buildTransitive/config already contains a globalconfig file: Assets/Packages/Microsoft.CodeAnalysis.Analyzers.3.11.0/buildTransitive/config/analysislevellibrary_3_recommended.globalconfig will be ignored.
Assets/Packages/Microsoft.CodeAnalysis.Analyzers.3.11.0/buildTransitive/config already contains a globalconfig file: Assets/Packages/Microsoft.CodeAnalysis.Analyzers.3.11.0/buildTransitive/config/analysislevelmicrosoftcodeanalysisreleasetracking_3_3_3_default.globalconfig will be ignored.
Assets/Packages/Microsoft.CodeAnalysis.Analyzers.3.11.0/buildTransitive/config already contains a globalconfig file: Assets/Packages/Microsoft.CodeAnalysis.Analyzers.3.11.0/buildTransitive/config/analysislevelmicrosoftcodeanalysisperformance_3_3_3_minimum_warnaserror.globalconfig will be ignored.
Assets/Packages/Microsoft.CodeAnalysis.Analyzers.3.11.0/buildTransitive/config already contains a globalconfig file: Assets/Packages/Microsoft.CodeAnalysis.Analyzers.3.11.0/buildTransitive/config/analysislevelmicrosoftcodeanalysisperformance_2_9_8_all.globalconfig will be ignored.
Assets/Packages/Microsoft.CodeAnalysis.Analyzers.3.11.0/buildTransitive/config already contains a globalconfig file: Assets/Packages/Microsoft.CodeAnalysis.Analyzers.3.11.0/buildTransitive/config/analysislevelmicrosoftcodeanalysislocalization_4_3_default.globalconfig will be ignored.
Assets/Packages/Microsoft.CodeAnalysis.Analyzers.3.11.0/buildTransitive/config already contains a globalconfig file: Assets/Packages/Microsoft.CodeAnalysis.Analyzers.3.11.0/buildTransitive/config/analysislevel_2_9_8_recommended.globalconfig will be ignored.
Assets/Packages/Microsoft.CodeAnalysis.Analyzers.3.11.0/buildTransitive/config already contains a globalconfig file: Assets/Packages/Microsoft.CodeAnalysis.Analyzers.3.11.0/buildTransitive/config/analysislevelmicrosoftcodeanalysisdesign_4_3_none.globalconfig will be ignored.
Assets/Packages/Microsoft.CodeAnalysis.Analyzers.3.11.0/buildTransitive/config already contains a globalconfig file: Assets/Packages/Microsoft.CodeAnalysis.Analyzers.3.11.0/buildTransitive/config/analysislevelmicrosoftcodeanalysiscorrectness_4_3_all.globalconfig will be ignored.
Assets/Packages/Microsoft.CodeAnalysis.Analyzers.3.11.0/buildTransitive/config already contains a globalconfig file: Assets/Packages/Microsoft.CodeAnalysis.Analyzers.3.11.0/buildTransitive/config/analysislevelmicrosoftcodeanalysiscorrectness_3_3_3_default.globalconfig will be ignored.
Assets/Packages/Microsoft.CodeAnalysis.Analyzers.3.11.0/buildTransitive/config already contains a globalconfig file: Assets/Packages/Microsoft.CodeAnalysis.Analyzers.3.11.0/buildTransitive/config/analysislevelmicrosoftcodeanalysisperformance_4_3_all_warnaserror.globalconfig will be ignored.
Assets/Packages/Microsoft.CodeAnalysis.Analyzers.3.11.0/buildTransitive/config already contains a globalconfig file: Assets/Packages/Microsoft.CodeAnalysis.Analyzers.3.11.0/buildTransitive/config/analysislevel_3_3_4_all_warnaserror.globalconfig will be ignored.
Assets/Packages/Microsoft.CodeAnalysis.Analyzers.3.11.0/buildTransitive/config already contains a globalconfig file: Assets/Packages/Microsoft.CodeAnalysis.Analyzers.3.11.0/buildTransitive/config/analysislevelmicrosoftcodeanalysisdocumentation_4_3_recommended_warnaserror.globalconfig will be ignored.
Assets/Packages/Microsoft.CodeAnalysis.Analyzers.3.11.0/buildTransitive/config already contains a globalconfig file: Assets/Packages/Microsoft.CodeAnalysis.Analyzers.3.11.0/buildTransitive/config/analysislevelmicrosoftcodeanalysiscorrectness_4_3_all_warnaserror.globalconfig will be ignored.
Assets/Packages/Microsoft.CodeAnalysis.Analyzers.3.11.0/buildTransitive/config already contains a globalconfig file: Assets/Packages/Microsoft.CodeAnalysis.Analyzers.3.11.0/buildTransitive/config/analysislevelcorrectness_2_9_8_recommended_warnaserror.globalconfig will be ignored.
Assets/Packages/Microsoft.CodeAnalysis.Analyzers.3.11.0/buildTransitive/config already contains a globalconfig file: Assets/Packages/Microsoft.CodeAnalysis.Analyzers.3.11.0/buildTransitive/config/analysislevelmicrosoftcodeanalysiscompatibility_2_9_8_none.globalconfig will be ignored.
Assets/Packages/Microsoft.CodeAnalysis.Analyzers.3.11.0/buildTransitive/config already contains a globalconfig file: Assets/Packages/Microsoft.CodeAnalysis.Analyzers.3.11.0/buildTransitive/config/analysislevelcorrectness_3_3_all_warnaserror.globalconfig will be ignored.
Assets/Packages/Microsoft.CodeAnalysis.Analyzers.3.11.0/buildTransitive/config already contains a globalconfig file: Assets/Packages/Microsoft.CodeAnalysis.Analyzers.3.11.0/buildTransitive/config/analysislevelmicrosoftcodeanalysisdocumentation_3_3_4_default.globalconfig will be ignored.
Assets/Packages/Microsoft.CodeAnalysis.Analyzers.3.11.0/buildTransitive/config already contains a globalconfig file: Assets/Packages/Microsoft.CodeAnalysis.Analyzers.3.11.0/buildTransitive/config/analysislevelcorrectness_2_9_8_none.globalconfig will be ignored.
Assets/Packages/Microsoft.CodeAnalysis.Analyzers.3.11.0/buildTransitive/config already contains a globalconfig file: Assets/Packages/Microsoft.CodeAnalysis.Analyzers.3.11.0/buildTransitive/config/analysislevelmicrosoftcodeanalysisdocumentation_3_3_all_warnaserror.globalconfig will be ignored.
Assets/Packages/Microsoft.CodeAnalysis.Analyzers.3.11.0/buildTransitive/config already contains a globalconfig file: Assets/Packages/Microsoft.CodeAnalysis.Analyzers.3.11.0/buildTransitive/config/analysislevelmicrosoftcodeanalysiscompatibility_4_3_all.globalconfig will be ignored.
Assets/Packages/Microsoft.CodeAnalysis.Analyzers.3.11.0/buildTransitive/config already contains a globalconfig file: Assets/Packages/Microsoft.CodeAnalysis.Analyzers.3.11.0/buildTransitive/config/analysislevelmicrosoftcodeanalysisdocumentation_3_3_3_all.globalconfig will be ignored.
Assets/Packages/Microsoft.CodeAnalysis.Analyzers.3.11.0/buildTransitive/config already contains a globalconfig file: Assets/Packages/Microsoft.CodeAnalysis.Analyzers.3.11.0/buildTransitive/config/analysislevelmicrosoftcodeanalysisperformance_4_3_none.globalconfig will be ignored.
Assets/Packages/Microsoft.CodeAnalysis.Analyzers.3.11.0/buildTransitive/config already contains a globalconfig file: Assets/Packages/Microsoft.CodeAnalysis.Analyzers.3.11.0/buildTransitive/config/analysislevel_3_recommended.globalconfig will be ignored.
Assets/Packages/Microsoft.CodeAnalysis.Analyzers.3.11.0/buildTransitive/config already contains a globalconfig file: Assets/Packages/Microsoft.CodeAnalysis.Analyzers.3.11.0/buildTransitive/config/analysislevelmicrosoftcodeanalysisdesign_3_3_3_none.globalconfig will be ignored.
Assets/Packages/Microsoft.CodeAnalysis.Analyzers.3.11.0/buildTransitive/config already contains a globalconfig file: Assets/Packages/Microsoft.CodeAnalysis.Analyzers.3.11.0/buildTransitive/config/analysislevelmicrosoftcodeanalysisdocumentation_3_3_4_default_warnaserror.globalconfig will be ignored.
Assets/Packages/Microsoft.CodeAnalysis.Analyzers.3.11.0/buildTransitive/config already contains a globalconfig file: Assets/Packages/Microsoft.CodeAnalysis.Analyzers.3.11.0/buildTransitive/config/analysislevelmicrosoftcodeanalysisperformance_3_all_warnaserror.globalconfig will be ignored.
Assets/Packages/Microsoft.CodeAnalysis.Analyzers.3.11.0/buildTransitive/config already contains a globalconfig file: Assets/Packages/Microsoft.CodeAnalysis.Analyzers.3.11.0/buildTransitive/config/analysislevel_4_3_default_warnaserror.globalconfig will be ignored.
Assets/Packages/Microsoft.CodeAnalysis.Analyzers.3.11.0/buildTransitive/config already contains a globalconfig file: Assets/Packages/Microsoft.CodeAnalysis.Analyzers.3.11.0/buildTransitive/config/analysislevellibrary_3_3_none.globalconfig will be ignored.
Assets/Packages/Microsoft.CodeAnalysis.Analyzers.3.11.0/buildTransitive/config already contains a globalconfig file: Assets/Packages/Microsoft.CodeAnalysis.Analyzers.3.11.0/buildTransitive/config/analysislevelmicrosoftcodeanalysiscompatibility_2_9_8_all.globalconfig will be ignored.
Assets/Packages/Microsoft.CodeAnalysis.Analyzers.3.11.0/buildTransitive/config already contains a globalconfig file: Assets/Packages/Microsoft.CodeAnalysis.Analyzers.3.11.0/buildTransitive/config/analysislevelmicrosoftcodeanalysisdocumentation_3_default_warnaserror.globalconfig will be ignored.
Assets/Packages/Microsoft.CodeAnalysis.Analyzers.3.11.0/buildTransitive/config already contains a globalconfig file: Assets/Packages/Microsoft.CodeAnalysis.Analyzers.3.11.0/buildTransitive/config/analysislevelcorrectness_3_3_minimum_warnaserror.globalconfig will be ignored.
Assets/Packages/Microsoft.CodeAnalysis.Analyzers.3.11.0/buildTransitive/config already contains a globalconfig file: Assets/Packages/Microsoft.CodeAnalysis.Analyzers.3.11.0/buildTransitive/config/analysislevelmicrosoftcodeanalysisdocumentation_3_3_all.globalconfig will be ignored.
Assets/Packages/Microsoft.CodeAnalysis.Analyzers.3.11.0/buildTransitive/config already contains a globalconfig file: Assets/Packages/Microsoft.CodeAnalysis.Analyzers.3.11.0/buildTransitive/config/analysislevelcorrectness_3_3_3_minimum.globalconfig will be ignored.
Assets/Packages/Microsoft.CodeAnalysis.Analyzers.3.11.0/buildTransitive/config already contains a globalconfig file: Assets/Packages/Microsoft.CodeAnalysis.Analyzers.3.11.0/buildTransitive/config/analysislevelmicrosoftcodeanalysislocalization_2_9_8_default_warnaserror.globalconfig will be ignored.
Assets/Packages/Microsoft.CodeAnalysis.Analyzers.3.11.0/buildTransitive/config already contains a globalconfig file: Assets/Packages/Microsoft.CodeAnalysis.Analyzers.3.11.0/buildTransitive/config/analysislevelcorrectness_3_3_3_all_warnaserror.globalconfig will be ignored.
Assets/Packages/Microsoft.CodeAnalysis.Analyzers.3.11.0/buildTransitive/config already contains a globalconfig file: Assets/Packages/Microsoft.CodeAnalysis.Analyzers.3.11.0/buildTransitive/config/analysislevelmicrosoftcodeanalysiscorrectness_3_3_4_none.globalconfig will be ignored.
Assets/Packages/Microsoft.CodeAnalysis.Analyzers.3.11.0/buildTransitive/config already contains a globalconfig file: Assets/Packages/Microsoft.CodeAnalysis.Analyzers.3.11.0/buildTransitive/config/analysislevelmicrosoftcodeanalysiscorrectness_4_3_minimum_warnaserror.globalconfig will be ignored.
Assets/Packages/Microsoft.CodeAnalysis.Analyzers.3.11.0/buildTransitive/config already contains a globalconfig file: Assets/Packages/Microsoft.CodeAnalysis.Analyzers.3.11.0/buildTransitive/config/analysislevelmicrosoftcodeanalysisdesign_3_3_default_warnaserror.globalconfig will be ignored.
Assets/Packages/Microsoft.CodeAnalysis.Analyzers.3.11.0/buildTransitive/config already contains a globalconfig file: Assets/Packages/Microsoft.CodeAnalysis.Analyzers.3.11.0/buildTransitive/config/analysislevelmicrosoftcodeanalysislocalization_3_none_warnaserror.globalconfig will be ignored.
Assets/Packages/Microsoft.CodeAnalysis.Analyzers.3.11.0/buildTransitive/config already contains a globalconfig file: Assets/Packages/Microsoft.CodeAnalysis.Analyzers.3.11.0/buildTransitive/config/analysislevelmicrosoftcodeanalysisdesign_3_3_minimum_warnaserror.globalconfig will be ignored.
Assets/Packages/Microsoft.CodeAnalysis.Analyzers.3.11.0/buildTransitive/config already contains a globalconfig file: Assets/Packages/Microsoft.CodeAnalysis.Analyzers.3.11.0/buildTransitive/config/analysislevelmicrosoftcodeanalysisreleasetracking_2_9_8_none_warnaserror.globalconfig will be ignored.
Assets/Packages/Microsoft.CodeAnalysis.Analyzers.3.11.0/buildTransitive/config already contains a globalconfig file: Assets/Packages/Microsoft.CodeAnalysis.Analyzers.3.11.0/buildTransitive/config/analysislevellibrary_4_3_recommended_warnaserror.globalconfig will be ignored.
Assets/Packages/Microsoft.CodeAnalysis.Analyzers.3.11.0/buildTransitive/config already contains a globalconfig file: Assets/Packages/Microsoft.CodeAnalysis.Analyzers.3.11.0/buildTransitive/config/analysislevelmicrosoftcodeanalysiscorrectness_2_9_8_none_warnaserror.globalconfig will be ignored.
Assets/Packages/Microsoft.CodeAnalysis.Analyzers.3.11.0/buildTransitive/config already contains a globalconfig file: Assets/Packages/Microsoft.CodeAnalysis.Analyzers.3.11.0/buildTransitive/config/analysislevelmicrosoftcodeanalysisdesign_3_3_none_warnaserror.globalconfig will be ignored.
Assets/Packages/Microsoft.CodeAnalysis.Analyzers.3.11.0/buildTransitive/config already contains a globalconfig file: Assets/Packages/Microsoft.CodeAnalysis.Analyzers.3.11.0/buildTransitive/config/analysislevellibrary_3_all.globalconfig will be ignored.
Assets/Packages/Microsoft.CodeAnalysis.Analyzers.3.11.0/buildTransitive/config already contains a globalconfig file: Assets/Packages/Microsoft.CodeAnalysis.Analyzers.3.11.0/buildTransitive/config/analysislevelmicrosoftcodeanalysislocalization_3_3_3_all_warnaserror.globalconfig will be ignored.
Assets/Packages/Microsoft.CodeAnalysis.Analyzers.3.11.0/buildTransitive/config already contains a globalconfig file: Assets/Packages/Microsoft.CodeAnalysis.Analyzers.3.11.0/buildTransitive/config/analysislevelmicrosoftcodeanalysiscompatibility_3_3_recommended.globalconfig will be ignored.
Assets/Packages/Microsoft.CodeAnalysis.Analyzers.3.11.0/buildTransitive/config already contains a globalconfig file: Assets/Packages/Microsoft.CodeAnalysis.Analyzers.3.11.0/buildTransitive/config/analysislevelmicrosoftcodeanalysislocalization_3_3_recommended.globalconfig will be ignored.
Assets/Packages/Microsoft.CodeAnalysis.Analyzers.3.11.0/buildTransitive/config already contains a globalconfig file: Assets/Packages/Microsoft.CodeAnalysis.Analyzers.3.11.0/buildTransitive/config/analysislevelmicrosoftcodeanalysiscompatibility_3_3_4_default_warnaserror.globalconfig will be ignored.
Assets/Packages/Microsoft.CodeAnalysis.Analyzers.3.11.0/buildTransitive/config already contains a globalconfig file: Assets/Packages/Microsoft.CodeAnalysis.Analyzers.3.11.0/buildTransitive/config/analysislevel_3_3_4_recommended_warnaserror.globalconfig will be ignored.
Assets/Packages/Microsoft.CodeAnalysis.Analyzers.3.11.0/buildTransitive/config already contains a globalconfig file: Assets/Packages/Microsoft.CodeAnalysis.Analyzers.3.11.0/buildTransitive/config/analysislevelmicrosoftcodeanalysiscompatibility_3_3_all.globalconfig will be ignored.
Assets/Packages/Microsoft.CodeAnalysis.Analyzers.3.11.0/buildTransitive/config already contains a globalconfig file: Assets/Packages/Microsoft.CodeAnalysis.Analyzers.3.11.0/buildTransitive/config/analysislevelmicrosoftcodeanalysisreleasetracking_4_3_none_warnaserror.globalconfig will be ignored.
Assets/Packages/Microsoft.CodeAnalysis.Analyzers.3.11.0/buildTransitive/config already contains a globalconfig file: Assets/Packages/Microsoft.CodeAnalysis.Analyzers.3.11.0/buildTransitive/config/analysislevelmicrosoftcodeanalysisdocumentation_3_3_3_recommended.globalconfig will be ignored.
Assets/Packages/Microsoft.CodeAnalysis.Analyzers.3.11.0/buildTransitive/config already contains a globalconfig file: Assets/Packages/Microsoft.CodeAnalysis.Analyzers.3.11.0/buildTransitive/config/analysislevelmicrosoftcodeanalysisdocumentation_2_9_8_minimum_warnaserror.globalconfig will be ignored.
Assets/Packages/Microsoft.CodeAnalysis.Analyzers.3.11.0/buildTransitive/config already contains a globalconfig file: Assets/Packages/Microsoft.CodeAnalysis.Analyzers.3.11.0/buildTransitive/config/analysislevelmicrosoftcodeanalysisdocumentation_2_9_8_all_warnaserror.globalconfig will be ignored.
Assets/Packages/Microsoft.CodeAnalysis.Analyzers.3.11.0/buildTransitive/config already contains a globalconfig file: Assets/Packages/Microsoft.CodeAnalysis.Analyzers.3.11.0/buildTransitive/config/analysislevelmicrosoftcodeanalysisdesign_2_9_8_default_warnaserror.globalconfig will be ignored.
Assets/Packages/Microsoft.CodeAnalysis.Analyzers.3.11.0/buildTransitive/config already contains a globalconfig file: Assets/Packages/Microsoft.CodeAnalysis.Analyzers.3.11.0/buildTransitive/config/analysislevelmicrosoftcodeanalysisperformance_3_3_4_none.globalconfig will be ignored.
Assets/Packages/Microsoft.CodeAnalysis.Analyzers.3.11.0/buildTransitive/config already contains a globalconfig file: Assets/Packages/Microsoft.CodeAnalysis.Analyzers.3.11.0/buildTransitive/config/analysislevelmicrosoftcodeanalysisperformance_3_3_4_recommended.globalconfig will be ignored.
Assets/Packages/Microsoft.CodeAnalysis.Analyzers.3.11.0/buildTransitive/config already contains a globalconfig file: Assets/Packages/Microsoft.CodeAnalysis.Analyzers.3.11.0/buildTransitive/config/analysislevelmicrosoftcodeanalysisdesign_3_3_recommended_warnaserror.globalconfig will be ignored.
Assets/Packages/Microsoft.CodeAnalysis.Analyzers.3.11.0/buildTransitive/config already contains a globalconfig file: Assets/Packages/Microsoft.CodeAnalysis.Analyzers.3.11.0/buildTransitive/config/analysislevelmicrosoftcodeanalysisdocumentation_3_3_4_none.globalconfig will be ignored.
Assets/Packages/Microsoft.CodeAnalysis.Analyzers.3.11.0/buildTransitive/config already contains a globalconfig file: Assets/Packages/Microsoft.CodeAnalysis.Analyzers.3.11.0/buildTransitive/config/analysislevelmicrosoftcodeanalysisreleasetracking_3_3_4_minimum.globalconfig will be ignored.
Assets/Packages/Microsoft.CodeAnalysis.Analyzers.3.11.0/buildTransitive/config already contains a globalconfig file: Assets/Packages/Microsoft.CodeAnalysis.Analyzers.3.11.0/buildTransitive/config/analysislevel_3_3_recommended_warnaserror.globalconfig will be ignored.
Assets/Packages/Microsoft.CodeAnalysis.Analyzers.3.11.0/buildTransitive/config already contains a globalconfig file: Assets/Packages/Microsoft.CodeAnalysis.Analyzers.3.11.0/buildTransitive/config/analysislevelcorrectness_3_3_3_minimum_warnaserror.globalconfig will be ignored.
Assets/Packages/Microsoft.CodeAnalysis.Analyzers.3.11.0/buildTransitive/config already contains a globalconfig file: Assets/Packages/Microsoft.CodeAnalysis.Analyzers.3.11.0/buildTransitive/config/analysislevelmicrosoftcodeanalysiscorrectness_4_3_default.globalconfig will be ignored.
Assets/Packages/Microsoft.CodeAnalysis.Analyzers.3.11.0/buildTransitive/config already contains a globalconfig file: Assets/Packages/Microsoft.CodeAnalysis.Analyzers.3.11.0/buildTransitive/config/analysislevelmicrosoftcodeanalysisdocumentation_3_3_3_default_warnaserror.globalconfig will be ignored.
Assets/Packages/Microsoft.CodeAnalysis.Analyzers.3.11.0/buildTransitive/config already contains a globalconfig file: Assets/Packages/Microsoft.CodeAnalysis.Analyzers.3.11.0/buildTransitive/config/analysislevelcorrectness_3_recommended.globalconfig will be ignored.
Assets/Packages/Microsoft.CodeAnalysis.Analyzers.3.11.0/buildTransitive/config already contains a globalconfig file: Assets/Packages/Microsoft.CodeAnalysis.Analyzers.3.11.0/buildTransitive/config/analysislevelmicrosoftcodeanalysisreleasetracking_2_9_8_default.globalconfig will be ignored.
Assets/Packages/Microsoft.CodeAnalysis.Analyzers.3.11.0/buildTransitive/config already contains a globalconfig file: Assets/Packages/Microsoft.CodeAnalysis.Analyzers.3.11.0/buildTransitive/config/analysislevelmicrosoftcodeanalysisperformance_3_3_4_default_warnaserror.globalconfig will be ignored.
Assets/Packages/Microsoft.CodeAnalysis.Analyzers.3.11.0/buildTransitive/config already contains a globalconfig file: Assets/Packages/Microsoft.CodeAnalysis.Analyzers.3.11.0/buildTransitive/config/analysislevelmicrosoftcodeanalysisdesign_3_3_minimum.globalconfig will be ignored.
Assets/Packages/Microsoft.CodeAnalysis.Analyzers.3.11.0/buildTransitive/config already contains a globalconfig file: Assets/Packages/Microsoft.CodeAnalysis.Analyzers.3.11.0/buildTransitive/config/analysislevelcorrectness_3_3_minimum.globalconfig will be ignored.
Assets/Packages/Microsoft.CodeAnalysis.Analyzers.3.11.0/buildTransitive/config already contains a globalconfig file: Assets/Packages/Microsoft.CodeAnalysis.Analyzers.3.11.0/buildTransitive/config/analysislevelmicrosoftcodeanalysisdesign_4_3_minimum_warnaserror.globalconfig will be ignored.
Assets/Packages/Microsoft.CodeAnalysis.Analyzers.3.11.0/buildTransitive/config already contains a globalconfig file: Assets/Packages/Microsoft.CodeAnalysis.Analyzers.3.11.0/buildTransitive/config/analysislevellibrary_3_3_default_warnaserror.globalconfig will be ignored.
Assets/Packages/Microsoft.CodeAnalysis.Analyzers.3.11.0/buildTransitive/config already contains a globalconfig file: Assets/Packages/Microsoft.CodeAnalysis.Analyzers.3.11.0/buildTransitive/config/analysislevelmicrosoftcodeanalysisperformance_4_3_none_warnaserror.globalconfig will be ignored.
Assets/Packages/Microsoft.CodeAnalysis.Analyzers.3.11.0/buildTransitive/config already contains a globalconfig file: Assets/Packages/Microsoft.CodeAnalysis.Analyzers.3.11.0/buildTransitive/config/analysislevelmicrosoftcodeanalysisreleasetracking_2_9_8_default_warnaserror.globalconfig will be ignored.
Assets/Packages/Microsoft.CodeAnalysis.Analyzers.3.11.0/buildTransitive/config already contains a globalconfig file: Assets/Packages/Microsoft.CodeAnalysis.Analyzers.3.11.0/buildTransitive/config/analysislevelmicrosoftcodeanalysisdesign_3_3_3_minimum.globalconfig will be ignored.
Assets/Packages/Microsoft.CodeAnalysis.Analyzers.3.11.0/buildTransitive/config already contains a globalconfig file: Assets/Packages/Microsoft.CodeAnalysis.Analyzers.3.11.0/buildTransitive/config/analysislevelmicrosoftcodeanalysiscompatibility_3_3_3_minimum_warnaserror.globalconfig will be ignored.
Assets/Packages/Microsoft.CodeAnalysis.Analyzers.3.11.0/buildTransitive/config already contains a globalconfig file: Assets/Packages/Microsoft.CodeAnalysis.Analyzers.3.11.0/buildTransitive/config/analysislevelmicrosoftcodeanalysisreleasetracking_4_3_recommended.globalconfig will be ignored.
Assets/Packages/Microsoft.CodeAnalysis.Analyzers.3.11.0/buildTransitive/config already contains a globalconfig file: Assets/Packages/Microsoft.CodeAnalysis.Analyzers.3.11.0/buildTransitive/config/analysislevelmicrosoftcodeanalysisreleasetracking_3_3_3_default_warnaserror.globalconfig will be ignored.
Assets/Packages/Microsoft.CodeAnalysis.Analyzers.3.11.0/buildTransitive/config already contains a globalconfig file: Assets/Packages/Microsoft.CodeAnalysis.Analyzers.3.11.0/buildTransitive/config/analysislevel_2_9_8_all.globalconfig will be ignored.
Assets/Packages/Microsoft.CodeAnalysis.Analyzers.3.11.0/buildTransitive/config already contains a globalconfig file: Assets/Packages/Microsoft.CodeAnalysis.Analyzers.3.11.0/buildTransitive/config/analysislevelmicrosoftcodeanalysiscompatibility_3_3_default.globalconfig will be ignored.
Assets/Packages/Microsoft.CodeAnalysis.Analyzers.3.11.0/buildTransitive/config already contains a globalconfig file: Assets/Packages/Microsoft.CodeAnalysis.Analyzers.3.11.0/buildTransitive/config/analysislevelmicrosoftcodeanalysisdesign_3_none.globalconfig will be ignored.
Assets/Packages/Microsoft.CodeAnalysis.Analyzers.3.11.0/buildTransitive/config already contains a globalconfig file: Assets/Packages/Microsoft.CodeAnalysis.Analyzers.3.11.0/buildTransitive/config/analysislevelmicrosoftcodeanalysisperformance_3_3_minimum_warnaserror.globalconfig will be ignored.
Assets/Packages/Microsoft.CodeAnalysis.Analyzers.3.11.0/buildTransitive/config already contains a globalconfig file: Assets/Packages/Microsoft.CodeAnalysis.Analyzers.3.11.0/buildTransitive/config/analysislevel_4_3_none_warnaserror.globalconfig will be ignored.
Assets/Packages/Microsoft.CodeAnalysis.Analyzers.3.11.0/buildTransitive/config already contains a globalconfig file: Assets/Packages/Microsoft.CodeAnalysis.Analyzers.3.11.0/buildTransitive/config/analysislevelmicrosoftcodeanalysiscompatibility_2_9_8_default_warnaserror.globalconfig will be ignored.
Assets/Packages/Microsoft.CodeAnalysis.Analyzers.3.11.0/buildTransitive/config already contains a globalconfig file: Assets/Packages/Microsoft.CodeAnalysis.Analyzers.3.11.0/buildTransitive/config/analysislevelcorrectness_2_9_8_none_warnaserror.globalconfig will be ignored.
Assets/Packages/Microsoft.CodeAnalysis.Analyzers.3.11.0/buildTransitive/config already contains a globalconfig file: Assets/Packages/Microsoft.CodeAnalysis.Analyzers.3.11.0/buildTransitive/config/analysislevelmicrosoftcodeanalysisreleasetracking_3_default_warnaserror.globalconfig will be ignored.
Assets/Packages/Microsoft.CodeAnalysis.Analyzers.3.11.0/buildTransitive/config already contains a globalconfig file: Assets/Packages/Microsoft.CodeAnalysis.Analyzers.3.11.0/buildTransitive/config/analysislevelmicrosoftcodeanalysisdesign_3_3_3_all.globalconfig will be ignored.
Assets/Packages/Microsoft.CodeAnalysis.Analyzers.3.11.0/buildTransitive/config already contains a globalconfig file: Assets/Packages/Microsoft.CodeAnalysis.Analyzers.3.11.0/buildTransitive/config/analysislevel_3_3_4_minimum_warnaserror.globalconfig will be ignored.
Assets/Packages/Microsoft.CodeAnalysis.Analyzers.3.11.0/buildTransitive/config already contains a globalconfig file: Assets/Packages/Microsoft.CodeAnalysis.Analyzers.3.11.0/buildTransitive/config/analysislevel_3_minimum_warnaserror.globalconfig will be ignored.
Assets/Packages/Microsoft.CodeAnalysis.Analyzers.3.11.0/buildTransitive/config already contains a globalconfig file: Assets/Packages/Microsoft.CodeAnalysis.Analyzers.3.11.0/buildTransitive/config/analysislevelmicrosoftcodeanalysiscompatibility_3_3_all_warnaserror.globalconfig will be ignored.
Assets/Packages/Microsoft.CodeAnalysis.Analyzers.3.11.0/buildTransitive/config already contains a globalconfig file: Assets/Packages/Microsoft.CodeAnalysis.Analyzers.3.11.0/buildTransitive/config/analysislevelmicrosoftcodeanalysisdesign_3_default.globalconfig will be ignored.
Assets/Packages/Microsoft.CodeAnalysis.Analyzers.3.11.0/buildTransitive/config already contains a globalconfig file: Assets/Packages/Microsoft.CodeAnalysis.Analyzers.3.11.0/buildTransitive/config/analysislevelmicrosoftcodeanalysiscompatibility_2_9_8_all_warnaserror.globalconfig will be ignored.
Assets/Packages/Microsoft.CodeAnalysis.Analyzers.3.11.0/buildTransitive/config already contains a globalconfig file: Assets/Packages/Microsoft.CodeAnalysis.Analyzers.3.11.0/buildTransitive/config/analysislevelmicrosoftcodeanalysisdesign_3_3_4_none_warnaserror.globalconfig will be ignored.
Assets/Packages/Microsoft.CodeAnalysis.Analyzers.3.11.0/buildTransitive/config already contains a globalconfig file: Assets/Packages/Microsoft.CodeAnalysis.Analyzers.3.11.0/buildTransitive/config/analysislevelcorrectness_3_3_4_none_warnaserror.globalconfig will be ignored.
Assets/Packages/Microsoft.CodeAnalysis.Analyzers.3.11.0/buildTransitive/config already contains a globalconfig file: Assets/Packages/Microsoft.CodeAnalysis.Analyzers.3.11.0/buildTransitive/config/analysislevelmicrosoftcodeanalysisreleasetracking_3_3_4_default_warnaserror.globalconfig will be ignored.
Assets/Packages/Microsoft.CodeAnalysis.Analyzers.3.11.0/buildTransitive/config already contains a globalconfig file: Assets/Packages/Microsoft.CodeAnalysis.Analyzers.3.11.0/buildTransitive/config/analysislevelmicrosoftcodeanalysisdesign_4_3_recommended.globalconfig will be ignored.
Assets/Packages/Microsoft.CodeAnalysis.Analyzers.3.11.0/buildTransitive/config already contains a globalconfig file: Assets/Packages/Microsoft.CodeAnalysis.Analyzers.3.11.0/buildTransitive/config/analysislevelmicrosoftcodeanalysislocalization_4_3_minimum.globalconfig will be ignored.
Assets/Packages/Microsoft.CodeAnalysis.Analyzers.3.11.0/buildTransitive/config already contains a globalconfig file: Assets/Packages/Microsoft.CodeAnalysis.Analyzers.3.11.0/buildTransitive/config/analysislevelcorrectness_3_3_recommended_warnaserror.globalconfig will be ignored.
Assets/Packages/Microsoft.CodeAnalysis.Analyzers.3.11.0/buildTransitive/config already contains a globalconfig file: Assets/Packages/Microsoft.CodeAnalysis.Analyzers.3.11.0/buildTransitive/config/analysislevelmicrosoftcodeanalysisdocumentation_2_9_8_all.globalconfig will be ignored.
Assets/Packages/Microsoft.CodeAnalysis.Analyzers.3.11.0/buildTransitive/config already contains a globalconfig file: Assets/Packages/Microsoft.CodeAnalysis.Analyzers.3.11.0/buildTransitive/config/analysislevelmicrosoftcodeanalysisdesign_2_9_8_all.globalconfig will be ignored.
Assets/Packages/Microsoft.CodeAnalysis.Analyzers.3.11.0/buildTransitive/config already contains a globalconfig file: Assets/Packages/Microsoft.CodeAnalysis.Analyzers.3.11.0/buildTransitive/config/analysislevellibrary_4_3_minimum_warnaserror.globalconfig will be ignored.
Assets/Packages/Microsoft.CodeAnalysis.Analyzers.3.11.0/buildTransitive/config already contains a globalconfig file: Assets/Packages/Microsoft.CodeAnalysis.Analyzers.3.11.0/buildTransitive/config/analysislevelmicrosoftcodeanalysisdocumentation_3_3_recommended_warnaserror.globalconfig will be ignored.
Assets/Packages/Microsoft.CodeAnalysis.Analyzers.3.11.0/buildTransitive/config already contains a globalconfig file: Assets/Packages/Microsoft.CodeAnalysis.Analyzers.3.11.0/buildTransitive/config/analysislevelmicrosoftcodeanalysisperformance_3_default_warnaserror.globalconfig will be ignored.
Assets/Packages/Microsoft.CodeAnalysis.Analyzers.3.11.0/buildTransitive/config already contains a globalconfig file: Assets/Packages/Microsoft.CodeAnalysis.Analyzers.3.11.0/buildTransitive/config/analysislevel_2_9_8_all_warnaserror.globalconfig will be ignored.
Assets/Packages/Microsoft.CodeAnalysis.Analyzers.3.11.0/buildTransitive/config already contains a globalconfig file: Assets/Packages/Microsoft.CodeAnalysis.Analyzers.3.11.0/buildTransitive/config/analysislevel_3_3_none.globalconfig will be ignored.
Assets/Packages/Microsoft.CodeAnalysis.Analyzers.3.11.0/buildTransitive/config already contains a globalconfig file: Assets/Packages/Microsoft.CodeAnalysis.Analyzers.3.11.0/buildTransitive/config/analysislevelmicrosoftcodeanalysiscompatibility_3_3_3_all.globalconfig will be ignored.
Assets/Packages/Microsoft.CodeAnalysis.Analyzers.3.11.0/buildTransitive/config already contains a globalconfig file: Assets/Packages/Microsoft.CodeAnalysis.Analyzers.3.11.0/buildTransitive/config/analysislevelmicrosoftcodeanalysiscompatibility_2_9_8_none_warnaserror.globalconfig will be ignored.
Assets/Packages/Microsoft.CodeAnalysis.Analyzers.3.11.0/buildTransitive/config already contains a globalconfig file: Assets/Packages/Microsoft.CodeAnalysis.Analyzers.3.11.0/buildTransitive/config/analysislevelmicrosoftcodeanalysislocalization_3_all_warnaserror.globalconfig will be ignored.
Assets/Packages/Microsoft.CodeAnalysis.Analyzers.3.11.0/buildTransitive/config already contains a globalconfig file: Assets/Packages/Microsoft.CodeAnalysis.Analyzers.3.11.0/buildTransitive/config/analysislevelmicrosoftcodeanalysisdocumentation_3_default.globalconfig will be ignored.
Assets/Packages/Microsoft.CodeAnalysis.Analyzers.3.11.0/buildTransitive/config already contains a globalconfig file: Assets/Packages/Microsoft.CodeAnalysis.Analyzers.3.11.0/buildTransitive/config/analysislevelmicrosoftcodeanalysisreleasetracking_3_none.globalconfig will be ignored.
Assets/Packages/Microsoft.CodeAnalysis.Analyzers.3.11.0/buildTransitive/config already contains a globalconfig file: Assets/Packages/Microsoft.CodeAnalysis.Analyzers.3.11.0/buildTransitive/config/analysislevelmicrosoftcodeanalysislocalization_3_3_all_warnaserror.globalconfig will be ignored.
Assets/Packages/Microsoft.CodeAnalysis.Analyzers.3.11.0/buildTransitive/config already contains a globalconfig file: Assets/Packages/Microsoft.CodeAnalysis.Analyzers.3.11.0/buildTransitive/config/analysislevelmicrosoftcodeanalysiscompatibility_3_3_4_default.globalconfig will be ignored.
Assets/Packages/Microsoft.CodeAnalysis.Analyzers.3.11.0/buildTransitive/config already contains a globalconfig file: Assets/Packages/Microsoft.CodeAnalysis.Analyzers.3.11.0/buildTransitive/config/analysislevelmicrosoftcodeanalysiscompatibility_3_none.globalconfig will be ignored.
Assets/Packages/Microsoft.CodeAnalysis.Analyzers.3.11.0/buildTransitive/config already contains a globalconfig file: Assets/Packages/Microsoft.CodeAnalysis.Analyzers.3.11.0/buildTransitive/config/analysislevelmicrosoftcodeanalysiscorrectness_3_3_none_warnaserror.globalconfig will be ignored.
Assets/Packages/Microsoft.CodeAnalysis.Analyzers.3.11.0/buildTransitive/config already contains a globalconfig file: Assets/Packages/Microsoft.CodeAnalysis.Analyzers.3.11.0/buildTransitive/config/analysislevelmicrosoftcodeanalysiscompatibility_3_3_3_all_warnaserror.globalconfig will be ignored.
Assets/Packages/Microsoft.CodeAnalysis.Analyzers.3.11.0/buildTransitive/config already contains a globalconfig file: Assets/Packages/Microsoft.CodeAnalysis.Analyzers.3.11.0/buildTransitive/config/analysislevelmicrosoftcodeanalysisperformance_4_3_default_warnaserror.globalconfig will be ignored.
Assets/Packages/Microsoft.CodeAnalysis.Analyzers.3.11.0/buildTransitive/config already contains a globalconfig file: Assets/Packages/Microsoft.CodeAnalysis.Analyzers.3.11.0/buildTransitive/config/analysislevel_3_default.globalconfig will be ignored.
Assets/Packages/Microsoft.CodeAnalysis.Analyzers.3.11.0/buildTransitive/config already contains a globalconfig file: Assets/Packages/Microsoft.CodeAnalysis.Analyzers.3.11.0/buildTransitive/config/analysislevelmicrosoftcodeanalysisdocumentation_4_3_all_warnaserror.globalconfig will be ignored.
Assets/Packages/Microsoft.CodeAnalysis.Analyzers.3.11.0/buildTransitive/config already contains a globalconfig file: Assets/Packages/Microsoft.CodeAnalysis.Analyzers.3.11.0/buildTransitive/config/analysislevelmicrosoftcodeanalysisdocumentation_3_3_default.globalconfig will be ignored.
Assets/Packages/Microsoft.CodeAnalysis.Analyzers.3.11.0/buildTransitive/config already contains a globalconfig file: Assets/Packages/Microsoft.CodeAnalysis.Analyzers.3.11.0/buildTransitive/config/analysislevelcorrectness_3_default.globalconfig will be ignored.
Assets/Packages/Microsoft.CodeAnalysis.Analyzers.3.11.0/buildTransitive/config already contains a globalconfig file: Assets/Packages/Microsoft.CodeAnalysis.Analyzers.3.11.0/buildTransitive/config/analysislevelcorrectness_3_minimum_warnaserror.globalconfig will be ignored.
Assets/Packages/Microsoft.CodeAnalysis.Analyzers.3.11.0/buildTransitive/config already contains a globalconfig file: Assets/Packages/Microsoft.CodeAnalysis.Analyzers.3.11.0/buildTransitive/config/analysislevelmicrosoftcodeanalysislocalization_2_9_8_minimum_warnaserror.globalconfig will be ignored.
Assets/Packages/Microsoft.CodeAnalysis.Analyzers.3.11.0/buildTransitive/config already contains a globalconfig file: Assets/Packages/Microsoft.CodeAnalysis.Analyzers.3.11.0/buildTransitive/config/analysislevellibrary_3_3_3_recommended_warnaserror.globalconfig will be ignored.
Assets/Packages/Microsoft.CodeAnalysis.Analyzers.3.11.0/buildTransitive/config already contains a globalconfig file: Assets/Packages/Microsoft.CodeAnalysis.Analyzers.3.11.0/buildTransitive/config/analysislevelmicrosoftcodeanalysisreleasetracking_3_3_3_minimum.globalconfig will be ignored.
Assets/Packages/Microsoft.CodeAnalysis.Analyzers.3.11.0/buildTransitive/config already contains a globalconfig file: Assets/Packages/Microsoft.CodeAnalysis.Analyzers.3.11.0/buildTransitive/config/analysislevelmicrosoftcodeanalysiscompatibility_3_3_3_default.globalconfig will be ignored.
Assets/Packages/Microsoft.CodeAnalysis.Analyzers.3.11.0/buildTransitive/config already contains a globalconfig file: Assets/Packages/Microsoft.CodeAnalysis.Analyzers.3.11.0/buildTransitive/config/analysislevelmicrosoftcodeanalysisdesign_4_3_minimum.globalconfig will be ignored.
Assets/Packages/Microsoft.CodeAnalysis.Analyzers.3.11.0/buildTransitive/config already contains a globalconfig file: Assets/Packages/Microsoft.CodeAnalysis.Analyzers.3.11.0/buildTransitive/config/analysislevelmicrosoftcodeanalysisperformance_3_3_minimum.globalconfig will be ignored.
Assets/Packages/Microsoft.CodeAnalysis.Analyzers.3.11.0/buildTransitive/config already contains a globalconfig file: Assets/Packages/Microsoft.CodeAnalysis.Analyzers.3.11.0/buildTransitive/config/analysislevelmicrosoftcodeanalysiscompatibility_4_3_none_warnaserror.globalconfig will be ignored.
Assets/Packages/Microsoft.CodeAnalysis.Analyzers.3.11.0/buildTransitive/config already contains a globalconfig file: Assets/Packages/Microsoft.CodeAnalysis.Analyzers.3.11.0/buildTransitive/config/analysislevelmicrosoftcodeanalysiscompatibility_3_3_3_none_warnaserror.globalconfig will be ignored.
Assets/Packages/Microsoft.CodeAnalysis.Analyzers.3.11.0/buildTransitive/config already contains a globalconfig file: Assets/Packages/Microsoft.CodeAnalysis.Analyzers.3.11.0/buildTransitive/config/analysislevelmicrosoftcodeanalysisreleasetracking_3_3_recommended.globalconfig will be ignored.
Assets/Packages/Microsoft.CodeAnalysis.Analyzers.3.11.0/buildTransitive/config already contains a globalconfig file: Assets/Packages/Microsoft.CodeAnalysis.Analyzers.3.11.0/buildTransitive/config/analysislevellibrary_3_3_4_none.globalconfig will be ignored.
Assets/Packages/Microsoft.CodeAnalysis.Analyzers.3.11.0/buildTransitive/config already contains a globalconfig file: Assets/Packages/Microsoft.CodeAnalysis.Analyzers.3.11.0/buildTransitive/config/analysislevelcorrectness_4_3_none_warnaserror.globalconfig will be ignored.
Assets/Packages/Microsoft.CodeAnalysis.Analyzers.3.11.0/buildTransitive/config already contains a globalconfig file: Assets/Packages/Microsoft.CodeAnalysis.Analyzers.3.11.0/buildTransitive/config/analysislevelmicrosoftcodeanalysisdocumentation_4_3_minimum_warnaserror.globalconfig will be ignored.
Assets/Packages/Microsoft.CodeAnalysis.Analyzers.3.11.0/buildTransitive/config already contains a globalconfig file: Assets/Packages/Microsoft.CodeAnalysis.Analyzers.3.11.0/buildTransitive/config/analysislevellibrary_3_3_4_recommended.globalconfig will be ignored.
Assets/Packages/Microsoft.CodeAnalysis.Analyzers.3.11.0/buildTransitive/config already contains a globalconfig file: Assets/Packages/Microsoft.CodeAnalysis.Analyzers.3.11.0/buildTransitive/config/analysislevelmicrosoftcodeanalysisdesign_3_3_4_minimum.globalconfig will be ignored.
Assets/Packages/Microsoft.CodeAnalysis.Analyzers.3.11.0/buildTransitive/config already contains a globalconfig file: Assets/Packages/Microsoft.CodeAnalysis.Analyzers.3.11.0/buildTransitive/config/analysislevelmicrosoftcodeanalysisreleasetracking_4_3_default.globalconfig will be ignored.
Assets/Packages/Microsoft.CodeAnalysis.Analyzers.3.11.0/buildTransitive/config already contains a globalconfig file: Assets/Packages/Microsoft.CodeAnalysis.Analyzers.3.11.0/buildTransitive/config/analysislevelmicrosoftcodeanalysiscorrectness_3_3_3_none_warnaserror.globalconfig will be ignored.
Assets/Packages/Microsoft.CodeAnalysis.Analyzers.3.11.0/buildTransitive/config already contains a globalconfig file: Assets/Packages/Microsoft.CodeAnalysis.Analyzers.3.11.0/buildTransitive/config/analysislevel_3_3_4_none.globalconfig will be ignored.
Assets/Packages/Microsoft.CodeAnalysis.Analyzers.3.11.0/buildTransitive/config already contains a globalconfig file: Assets/Packages/Microsoft.CodeAnalysis.Analyzers.3.11.0/buildTransitive/config/analysislevelmicrosoftcodeanalysiscorrectness_3_3_minimum.globalconfig will be ignored.
Assets/Packages/Microsoft.CodeAnalysis.Analyzers.3.11.0/buildTransitive/config already contains a globalconfig file: Assets/Packages/Microsoft.CodeAnalysis.Analyzers.3.11.0/buildTransitive/config/analysislevel_3_3_4_minimum.globalconfig will be ignored.
Assets/Packages/Microsoft.CodeAnalysis.Analyzers.3.11.0/buildTransitive/config already contains a globalconfig file: Assets/Packages/Microsoft.CodeAnalysis.Analyzers.3.11.0/buildTransitive/config/analysislevelcorrectness_2_9_8_default.globalconfig will be ignored.
Assets/Packages/Microsoft.CodeAnalysis.Analyzers.3.11.0/buildTransitive/config already contains a globalconfig file: Assets/Packages/Microsoft.CodeAnalysis.Analyzers.3.11.0/buildTransitive/config/analysislevelmicrosoftcodeanalysisreleasetracking_3_3_3_recommended_warnaserror.globalconfig will be ignored.
Assets/Packages/Microsoft.CodeAnalysis.Analyzers.3.11.0/buildTransitive/config already contains a globalconfig file: Assets/Packages/Microsoft.CodeAnalysis.Analyzers.3.11.0/buildTransitive/config/analysislevelmicrosoftcodeanalysiscorrectness_3_3_none.globalconfig will be ignored.
Assets/Packages/Microsoft.CodeAnalysis.Analyzers.3.11.0/buildTransitive/config already contains a globalconfig file: Assets/Packages/Microsoft.CodeAnalysis.Analyzers.3.11.0/buildTransitive/config/analysislevellibrary_3_3_3_default.globalconfig will be ignored.
Assets/Packages/Microsoft.CodeAnalysis.Analyzers.3.11.0/buildTransitive/config already contains a globalconfig file: Assets/Packages/Microsoft.CodeAnalysis.Analyzers.3.11.0/buildTransitive/config/analysislevel_2_9_8_minimum.globalconfig will be ignored.
Assets/Packages/Microsoft.CodeAnalysis.Analyzers.3.11.0/buildTransitive/config already contains a globalconfig file: Assets/Packages/Microsoft.CodeAnalysis.Analyzers.3.11.0/buildTransitive/config/analysislevelmicrosoftcodeanalysisreleasetracking_3_all.globalconfig will be ignored.
Assets/Packages/Microsoft.CodeAnalysis.Analyzers.3.11.0/buildTransitive/config already contains a globalconfig file: Assets/Packages/Microsoft.CodeAnalysis.Analyzers.3.11.0/buildTransitive/config/analysislevelmicrosoftcodeanalysiscorrectness_3_3_3_recommended.globalconfig will be ignored.
Assets/Packages/Microsoft.CodeAnalysis.Analyzers.3.11.0/buildTransitive/config already contains a globalconfig file: Assets/Packages/Microsoft.CodeAnalysis.Analyzers.3.11.0/buildTransitive/config/analysislevelmicrosoftcodeanalysiscorrectness_4_3_recommended_warnaserror.globalconfig will be ignored.
Assets/Packages/Microsoft.CodeAnalysis.Analyzers.3.11.0/buildTransitive/config already contains a globalconfig file: Assets/Packages/Microsoft.CodeAnalysis.Analyzers.3.11.0/buildTransitive/config/analysislevellibrary_2_9_8_recommended_warnaserror.globalconfig will be ignored.
Assets/Packages/Microsoft.CodeAnalysis.Analyzers.3.11.0/buildTransitive/config already contains a globalconfig file: Assets/Packages/Microsoft.CodeAnalysis.Analyzers.3.11.0/buildTransitive/config/analysislevelmicrosoftcodeanalysislocalization_2_9_8_default.globalconfig will be ignored.
Assets/Packages/Microsoft.CodeAnalysis.Analyzers.3.11.0/buildTransitive/config already contains a globalconfig file: Assets/Packages/Microsoft.CodeAnalysis.Analyzers.3.11.0/buildTransitive/config/analysislevelmicrosoftcodeanalysisperformance_2_9_8_minimum.globalconfig will be ignored.
Assets/Packages/Microsoft.CodeAnalysis.Analyzers.3.11.0/buildTransitive/config already contains a globalconfig file: Assets/Packages/Microsoft.CodeAnalysis.Analyzers.3.11.0/buildTransitive/config/analysislevelmicrosoftcodeanalysisdesign_4_3_default.globalconfig will be ignored.
Assets/Packages/Microsoft.CodeAnalysis.Analyzers.3.11.0/buildTransitive/config already contains a globalconfig file: Assets/Packages/Microsoft.CodeAnalysis.Analyzers.3.11.0/buildTransitive/config/analysislevelmicrosoftcodeanalysisperformance_2_9_8_minimum_warnaserror.globalconfig will be ignored.
Assets/Packages/Microsoft.CodeAnalysis.Analyzers.3.11.0/buildTransitive/config already contains a globalconfig file: Assets/Packages/Microsoft.CodeAnalysis.Analyzers.3.11.0/buildTransitive/config/analysislevel_3_minimum.globalconfig will be ignored.
Assets/Packages/Microsoft.CodeAnalysis.Analyzers.3.11.0/buildTransitive/config already contains a globalconfig file: Assets/Packages/Microsoft.CodeAnalysis.Analyzers.3.11.0/buildTransitive/config/analysislevelmicrosoftcodeanalysiscorrectness_3_3_4_default_warnaserror.globalconfig will be ignored.
Assets/Packages/Microsoft.CodeAnalysis.Analyzers.3.11.0/buildTransitive/config already contains a globalconfig file: Assets/Packages/Microsoft.CodeAnalysis.Analyzers.3.11.0/buildTransitive/config/analysislevelmicrosoftcodeanalysisperformance_3_3_3_none.globalconfig will be ignored.
Assets/Packages/Microsoft.CodeAnalysis.Analyzers.3.11.0/buildTransitive/config already contains a globalconfig file: Assets/Packages/Microsoft.CodeAnalysis.Analyzers.3.11.0/buildTransitive/config/analysislevelmicrosoftcodeanalysisdocumentation_3_3_default_warnaserror.globalconfig will be ignored.
Assets/Packages/Microsoft.CodeAnalysis.Analyzers.3.11.0/buildTransitive/config already contains a globalconfig file: Assets/Packages/Microsoft.CodeAnalysis.Analyzers.3.11.0/buildTransitive/config/analysislevel_3_3_minimum_warnaserror.globalconfig will be ignored.
Assets/Packages/Microsoft.CodeAnalysis.Analyzers.3.11.0/buildTransitive/config already contains a globalconfig file: Assets/Packages/Microsoft.CodeAnalysis.Analyzers.3.11.0/buildTransitive/config/analysislevelmicrosoftcodeanalysisperformance_3_all.globalconfig will be ignored.
Assets/Packages/Microsoft.CodeAnalysis.Analyzers.3.11.0/buildTransitive/config already contains a globalconfig file: Assets/Packages/Microsoft.CodeAnalysis.Analyzers.3.11.0/buildTransitive/config/analysislevelmicrosoftcodeanalysislocalization_3_3_default.globalconfig will be ignored.
Assets/Packages/Microsoft.CodeAnalysis.Analyzers.3.11.0/buildTransitive/config already contains a globalconfig file: Assets/Packages/Microsoft.CodeAnalysis.Analyzers.3.11.0/buildTransitive/config/analysislevelmicrosoftcodeanalysislocalization_3_default_warnaserror.globalconfig will be ignored.
Assets/Packages/Microsoft.CodeAnalysis.Analyzers.3.11.0/buildTransitive/config already contains a globalconfig file: Assets/Packages/Microsoft.CodeAnalysis.Analyzers.3.11.0/buildTransitive/config/analysislevel_4_3_recommended.globalconfig will be ignored.
Assets/Packages/Microsoft.CodeAnalysis.Analyzers.3.11.0/buildTransitive/config already contains a globalconfig file: Assets/Packages/Microsoft.CodeAnalysis.Analyzers.3.11.0/buildTransitive/config/analysislevelmicrosoftcodeanalysislocalization_3_default.globalconfig will be ignored.
Assets/Packages/Microsoft.CodeAnalysis.Analyzers.3.11.0/buildTransitive/config already contains a globalconfig file: Assets/Packages/Microsoft.CodeAnalysis.Analyzers.3.11.0/buildTransitive/config/analysislevelmicrosoftcodeanalysisreleasetracking_4_3_recommended_warnaserror.globalconfig will be ignored.
Assets/Packages/Microsoft.CodeAnalysis.Analyzers.3.11.0/buildTransitive/config already contains a globalconfig file: Assets/Packages/Microsoft.CodeAnalysis.Analyzers.3.11.0/buildTransitive/config/analysislevelmicrosoftcodeanalysislocalization_4_3_recommended_warnaserror.globalconfig will be ignored.
Assets/Packages/Microsoft.CodeAnalysis.Analyzers.3.11.0/buildTransitive/config already contains a globalconfig file: Assets/Packages/Microsoft.CodeAnalysis.Analyzers.3.11.0/buildTransitive/config/analysislevelmicrosoftcodeanalysiscompatibility_3_minimum.globalconfig will be ignored.
Assets/Packages/Microsoft.CodeAnalysis.Analyzers.3.11.0/buildTransitive/config already contains a globalconfig file: Assets/Packages/Microsoft.CodeAnalysis.Analyzers.3.11.0/buildTransitive/config/analysislevelmicrosoftcodeanalysisdocumentation_3_3_minimum_warnaserror.globalconfig will be ignored.
Assets/Packages/Microsoft.CodeAnalysis.Analyzers.3.11.0/buildTransitive/config already contains a globalconfig file: Assets/Packages/Microsoft.CodeAnalysis.Analyzers.3.11.0/buildTransitive/config/analysislevelmicrosoftcodeanalysiscorrectness_3_3_3_minimum_warnaserror.globalconfig will be ignored.
Assets/Packages/Microsoft.CodeAnalysis.Analyzers.3.11.0/buildTransitive/config already contains a globalconfig file: Assets/Packages/Microsoft.CodeAnalysis.Analyzers.3.11.0/buildTransitive/config/analysislevelmicrosoftcodeanalysiscompatibility_3_3_default_warnaserror.globalconfig will be ignored.
Assets/Packages/Microsoft.CodeAnalysis.Analyzers.3.11.0/buildTransitive/config already contains a globalconfig file: Assets/Packages/Microsoft.CodeAnalysis.Analyzers.3.11.0/buildTransitive/config/analysislevelmicrosoftcodeanalysiscompatibility_3_none_warnaserror.globalconfig will be ignored.
Assets/Packages/Microsoft.CodeAnalysis.Analyzers.3.11.0/buildTransitive/config already contains a globalconfig file: Assets/Packages/Microsoft.CodeAnalysis.Analyzers.3.11.0/buildTransitive/config/analysislevelmicrosoftcodeanalysisperformance_3_3_4_recommended_warnaserror.globalconfig will be ignored.
Assets/Packages/Microsoft.CodeAnalysis.Analyzers.3.11.0/buildTransitive/config already contains a globalconfig file: Assets/Packages/Microsoft.CodeAnalysis.Analyzers.3.11.0/buildTransitive/config/analysislevelmicrosoftcodeanalysisreleasetracking_2_9_8_none.globalconfig will be ignored.
Assets/Packages/Microsoft.CodeAnalysis.Analyzers.3.11.0/buildTransitive/config already contains a globalconfig file: Assets/Packages/Microsoft.CodeAnalysis.Analyzers.3.11.0/buildTransitive/config/analysislevelmicrosoftcodeanalysislocalization_3_minimum_warnaserror.globalconfig will be ignored.
Assets/Packages/Microsoft.CodeAnalysis.Analyzers.3.11.0/buildTransitive/config already contains a globalconfig file: Assets/Packages/Microsoft.CodeAnalysis.Analyzers.3.11.0/buildTransitive/config/analysislevelcorrectness_3_3_none_warnaserror.globalconfig will be ignored.
Assets/Packages/Microsoft.CodeAnalysis.Analyzers.3.11.0/buildTransitive/config already contains a globalconfig file: Assets/Packages/Microsoft.CodeAnalysis.Analyzers.3.11.0/buildTransitive/config/analysislevelcorrectness_3_3_default.globalconfig will be ignored.
Assets/Packages/Microsoft.CodeAnalysis.Analyzers.3.11.0/buildTransitive/config already contains a globalconfig file: Assets/Packages/Microsoft.CodeAnalysis.Analyzers.3.11.0/buildTransitive/config/analysislevelmicrosoftcodeanalysisreleasetracking_3_3_all_warnaserror.globalconfig will be ignored.
Assets/Packages/Microsoft.CodeAnalysis.Analyzers.3.11.0/buildTransitive/config already contains a globalconfig file: Assets/Packages/Microsoft.CodeAnalysis.Analyzers.3.11.0/buildTransitive/config/analysislevellibrary_3_3_3_recommended.globalconfig will be ignored.
Assets/Packages/Microsoft.CodeAnalysis.Analyzers.3.11.0/buildTransitive/config already contains a globalconfig file: Assets/Packages/Microsoft.CodeAnalysis.Analyzers.3.11.0/buildTransitive/config/analysislevelmicrosoftcodeanalysiscompatibility_3_3_none.globalconfig will be ignored.
Assets/Packages/Microsoft.CodeAnalysis.Analyzers.3.11.0/buildTransitive/config already contains a globalconfig file: Assets/Packages/Microsoft.CodeAnalysis.Analyzers.3.11.0/buildTransitive/config/analysislevel_3_3_3_all.globalconfig will be ignored.
Assets/Packages/Microsoft.CodeAnalysis.Analyzers.3.11.0/buildTransitive/config already contains a globalconfig file: Assets/Packages/Microsoft.CodeAnalysis.Analyzers.3.11.0/buildTransitive/config/analysislevelmicrosoftcodeanalysislocalization_3_3_3_none_warnaserror.globalconfig will be ignored.
Assets/Packages/Microsoft.CodeAnalysis.Analyzers.3.11.0/buildTransitive/config already contains a globalconfig file: Assets/Packages/Microsoft.CodeAnalysis.Analyzers.3.11.0/buildTransitive/config/analysislevelmicrosoftcodeanalysisdesign_3_none_warnaserror.globalconfig will be ignored.
Assets/Packages/Microsoft.CodeAnalysis.Analyzers.3.11.0/buildTransitive/config already contains a globalconfig file: Assets/Packages/Microsoft.CodeAnalysis.Analyzers.3.11.0/buildTransitive/config/analysislevel_3_default_warnaserror.globalconfig will be ignored.
Assets/Packages/Microsoft.CodeAnalysis.Analyzers.3.11.0/buildTransitive/config already contains a globalconfig file: Assets/Packages/Microsoft.CodeAnalysis.Analyzers.3.11.0/buildTransitive/config/analysislevelmicrosoftcodeanalysiscompatibility_2_9_8_minimum.globalconfig will be ignored.
Assets/Packages/Microsoft.CodeAnalysis.Analyzers.3.11.0/buildTransitive/config already contains a globalconfig file: Assets/Packages/Microsoft.CodeAnalysis.Analyzers.3.11.0/buildTransitive/config/analysislevelmicrosoftcodeanalysisdocumentation_4_3_all.globalconfig will be ignored.
Assets/Packages/Microsoft.CodeAnalysis.Analyzers.3.11.0/buildTransitive/config already contains a globalconfig file: Assets/Packages/Microsoft.CodeAnalysis.Analyzers.3.11.0/buildTransitive/config/analysislevellibrary_2_9_8_default_warnaserror.globalconfig will be ignored.
Assets/Packages/Microsoft.CodeAnalysis.Analyzers.3.11.0/buildTransitive/config already contains a globalconfig file: Assets/Packages/Microsoft.CodeAnalysis.Analyzers.3.11.0/buildTransitive/config/analysislevelmicrosoftcodeanalysisperformance_2_9_8_recommended.globalconfig will be ignored.
Assets/Packages/Microsoft.CodeAnalysis.Analyzers.3.11.0/buildTransitive/config already contains a globalconfig file: Assets/Packages/Microsoft.CodeAnalysis.Analyzers.3.11.0/buildTransitive/config/analysislevelmicrosoftcodeanalysiscorrectness_2_9_8_none.globalconfig will be ignored.
Assets/Packages/Microsoft.CodeAnalysis.Analyzers.3.11.0/buildTransitive/config already contains a globalconfig file: Assets/Packages/Microsoft.CodeAnalysis.Analyzers.3.11.0/buildTransitive/config/analysislevelmicrosoftcodeanalysisreleasetracking_3_3_none_warnaserror.globalconfig will be ignored.
Assets/Packages/Microsoft.CodeAnalysis.Analyzers.3.11.0/buildTransitive/config already contains a globalconfig file: Assets/Packages/Microsoft.CodeAnalysis.Analyzers.3.11.0/buildTransitive/config/analysislevelmicrosoftcodeanalysiscorrectness_2_9_8_minimum_warnaserror.globalconfig will be ignored.
Assets/Packages/Microsoft.CodeAnalysis.Analyzers.3.11.0/buildTransitive/config already contains a globalconfig file: Assets/Packages/Microsoft.CodeAnalysis.Analyzers.3.11.0/buildTransitive/config/analysislevelmicrosoftcodeanalysiscorrectness_3_3_3_default_warnaserror.globalconfig will be ignored.
Assets/Packages/Microsoft.CodeAnalysis.Analyzers.3.11.0/buildTransitive/config already contains a globalconfig file: Assets/Packages/Microsoft.CodeAnalysis.Analyzers.3.11.0/buildTransitive/config/analysislevel_3_all_warnaserror.globalconfig will be ignored.
Assets/Packages/Microsoft.CodeAnalysis.Analyzers.3.11.0/buildTransitive/config already contains a globalconfig file: Assets/Packages/Microsoft.CodeAnalysis.Analyzers.3.11.0/buildTransitive/config/analysislevel_3_3_3_all_warnaserror.globalconfig will be ignored.
Assets/Packages/Microsoft.CodeAnalysis.Analyzers.3.11.0/buildTransitive/config already contains a globalconfig file: Assets/Packages/Microsoft.CodeAnalysis.Analyzers.3.11.0/buildTransitive/config/analysislevelmicrosoftcodeanalysislocalization_3_3_4_none_warnaserror.globalconfig will be ignored.
Assets/Packages/Microsoft.CodeAnalysis.Analyzers.3.11.0/buildTransitive/config already contains a globalconfig file: Assets/Packages/Microsoft.CodeAnalysis.Analyzers.3.11.0/buildTransitive/config/analysislevellibrary_3_3_all_warnaserror.globalconfig will be ignored.
Assets/Packages/Microsoft.CodeAnalysis.Analyzers.3.11.0/buildTransitive/config already contains a globalconfig file: Assets/Packages/Microsoft.CodeAnalysis.Analyzers.3.11.0/buildTransitive/config/analysislevelcorrectness_4_3_recommended_warnaserror.globalconfig will be ignored.
Assets/Packages/Microsoft.CodeAnalysis.Analyzers.3.11.0/buildTransitive/config already contains a globalconfig file: Assets/Packages/Microsoft.CodeAnalysis.Analyzers.3.11.0/buildTransitive/config/analysislevelcorrectness_3_all.globalconfig will be ignored.
Assets/Packages/Microsoft.CodeAnalysis.Analyzers.3.11.0/buildTransitive/config already contains a globalconfig file: Assets/Packages/Microsoft.CodeAnalysis.Analyzers.3.11.0/buildTransitive/config/analysislevelmicrosoftcodeanalysislocalization_2_9_8_all_warnaserror.globalconfig will be ignored.
Assets/Packages/Microsoft.CodeAnalysis.Analyzers.3.11.0/buildTransitive/config already contains a globalconfig file: Assets/Packages/Microsoft.CodeAnalysis.Analyzers.3.11.0/buildTransitive/config/analysislevelmicrosoftcodeanalysisreleasetracking_3_3_4_minimum_warnaserror.globalconfig will be ignored.
Assets/Packages/Microsoft.CodeAnalysis.Analyzers.3.11.0/buildTransitive/config already contains a globalconfig file: Assets/Packages/Microsoft.CodeAnalysis.Analyzers.3.11.0/buildTransitive/config/analysislevelmicrosoftcodeanalysislocalization_3_3_4_minimum_warnaserror.globalconfig will be ignored.
Assets/Packages/Microsoft.CodeAnalysis.Analyzers.3.11.0/buildTransitive/config already contains a globalconfig file: Assets/Packages/Microsoft.CodeAnalysis.Analyzers.3.11.0/buildTransitive/config/analysislevelmicrosoftcodeanalysiscorrectness_2_9_8_recommended.globalconfig will be ignored.
Assets/Packages/Microsoft.CodeAnalysis.Analyzers.3.11.0/buildTransitive/config already contains a globalconfig file: Assets/Packages/Microsoft.CodeAnalysis.Analyzers.3.11.0/buildTransitive/config/analysislevelmicrosoftcodeanalysisperformance_3_3_3_recommended_warnaserror.globalconfig will be ignored.
Assets/Packages/Microsoft.CodeAnalysis.Analyzers.3.11.0/buildTransitive/config already contains a globalconfig file: Assets/Packages/Microsoft.CodeAnalysis.Analyzers.3.11.0/buildTransitive/config/analysislevellibrary_3_3_3_all_warnaserror.globalconfig will be ignored.
Assets/Packages/Microsoft.CodeAnalysis.Analyzers.3.11.0/buildTransitive/config already contains a globalconfig file: Assets/Packages/Microsoft.CodeAnalysis.Analyzers.3.11.0/buildTransitive/config/analysislevelmicrosoftcodeanalysiscorrectness_3_minimum.globalconfig will be ignored.
Assets/Packages/Microsoft.CodeAnalysis.Analyzers.3.11.0/buildTransitive/config already contains a globalconfig file: Assets/Packages/Microsoft.CodeAnalysis.Analyzers.3.11.0/buildTransitive/config/analysislevelcorrectness_4_3_minimum.globalconfig will be ignored.
Assets/Packages/Microsoft.CodeAnalysis.Analyzers.3.11.0/buildTransitive/config already contains a globalconfig file: Assets/Packages/Microsoft.CodeAnalysis.Analyzers.3.11.0/buildTransitive/config/analysislevelmicrosoftcodeanalysislocalization_3_recommended.globalconfig will be ignored.
Assets/Packages/Microsoft.CodeAnalysis.Analyzers.3.11.0/buildTransitive/config already contains a globalconfig file: Assets/Packages/Microsoft.CodeAnalysis.Analyzers.3.11.0/buildTransitive/config/analysislevel_3_3_3_none_warnaserror.globalconfig will be ignored.
Assets/Packages/Microsoft.CodeAnalysis.Analyzers.3.11.0/buildTransitive/config already contains a globalconfig file: Assets/Packages/Microsoft.CodeAnalysis.Analyzers.3.11.0/buildTransitive/config/analysislevelcorrectness_3_3_4_recommended_warnaserror.globalconfig will be ignored.
Assets/Packages/Microsoft.CodeAnalysis.Analyzers.3.11.0/buildTransitive/config already contains a globalconfig file: Assets/Packages/Microsoft.CodeAnalysis.Analyzers.3.11.0/buildTransitive/config/analysislevelmicrosoftcodeanalysisperformance_3_3_3_recommended.globalconfig will be ignored.
Assets/Packages/Microsoft.CodeAnalysis.Analyzers.3.11.0/buildTransitive/config already contains a globalconfig file: Assets/Packages/Microsoft.CodeAnalysis.Analyzers.3.11.0/buildTransitive/config/analysislevelmicrosoftcodeanalysisdocumentation_2_9_8_default.globalconfig will be ignored.
Assets/Packages/Microsoft.CodeAnalysis.Analyzers.3.11.0/buildTransitive/config already contains a globalconfig file: Assets/Packages/Microsoft.CodeAnalysis.Analyzers.3.11.0/buildTransitive/config/analysislevel_4_3_all.globalconfig will be ignored.
Assets/Packages/Microsoft.CodeAnalysis.Analyzers.3.11.0/buildTransitive/config already contains a globalconfig file: Assets/Packages/Microsoft.CodeAnalysis.Analyzers.3.11.0/buildTransitive/config/analysislevelmicrosoftcodeanalysisdocumentation_3_none.globalconfig will be ignored.
Assets/Packages/Microsoft.CodeAnalysis.Analyzers.3.11.0/buildTransitive/config already contains a globalconfig file: Assets/Packages/Microsoft.CodeAnalysis.Analyzers.3.11.0/buildTransitive/config/analysislevelmicrosoftcodeanalysisreleasetracking_3_3_4_none_warnaserror.globalconfig will be ignored.
Assets/Packages/Microsoft.CodeAnalysis.Analyzers.3.11.0/buildTransitive/config already contains a globalconfig file: Assets/Packages/Microsoft.CodeAnalysis.Analyzers.3.11.0/buildTransitive/config/analysislevelmicrosoftcodeanalysisdocumentation_3_3_3_all_warnaserror.globalconfig will be ignored.
Assets/Packages/Microsoft.CodeAnalysis.Analyzers.3.11.0/buildTransitive/config already contains a globalconfig file: Assets/Packages/Microsoft.CodeAnalysis.Analyzers.3.11.0/buildTransitive/config/analysislevelmicrosoftcodeanalysisperformance_3_3_none.globalconfig will be ignored.
Assets/Packages/Microsoft.CodeAnalysis.Analyzers.3.11.0/buildTransitive/config already contains a globalconfig file: Assets/Packages/Microsoft.CodeAnalysis.Analyzers.3.11.0/buildTransitive/config/analysislevelmicrosoftcodeanalysisdocumentation_3_3_4_minimum_warnaserror.globalconfig will be ignored.
Assets/Packages/Microsoft.CodeAnalysis.Analyzers.3.11.0/buildTransitive/config already contains a globalconfig file: Assets/Packages/Microsoft.CodeAnalysis.Analyzers.3.11.0/buildTransitive/config/analysislevelmicrosoftcodeanalysiscompatibility_3_3_4_minimum.globalconfig will be ignored.
Assets/Packages/Microsoft.CodeAnalysis.Analyzers.3.11.0/buildTransitive/config already contains a globalconfig file: Assets/Packages/Microsoft.CodeAnalysis.Analyzers.3.11.0/buildTransitive/config/analysislevelmicrosoftcodeanalysisreleasetracking_3_all_warnaserror.globalconfig will be ignored.
Assets/Packages/Microsoft.CodeAnalysis.Analyzers.3.11.0/buildTransitive/config already contains a globalconfig file: Assets/Packages/Microsoft.CodeAnalysis.Analyzers.3.11.0/buildTransitive/config/analysislevellibrary_3_3_4_recommended_warnaserror.globalconfig will be ignored.
Assets/Packages/Microsoft.CodeAnalysis.Analyzers.3.11.0/buildTransitive/config already contains a globalconfig file: Assets/Packages/Microsoft.CodeAnalysis.Analyzers.3.11.0/buildTransitive/config/analysislevellibrary_2_9_8_minimum.globalconfig will be ignored.
Assets/Packages/Microsoft.CodeAnalysis.Analyzers.3.11.0/buildTransitive/config already contains a globalconfig file: Assets/Packages/Microsoft.CodeAnalysis.Analyzers.3.11.0/buildTransitive/config/analysislevelmicrosoftcodeanalysisreleasetracking_4_3_minimum_warnaserror.globalconfig will be ignored.
Assets/Packages/Microsoft.CodeAnalysis.Analyzers.3.11.0/buildTransitive/config already contains a globalconfig file: Assets/Packages/Microsoft.CodeAnalysis.Analyzers.3.11.0/buildTransitive/config/analysislevelmicrosoftcodeanalysisdocumentation_3_3_4_all_warnaserror.globalconfig will be ignored.
Assets/Packages/Microsoft.CodeAnalysis.Analyzers.3.11.0/buildTransitive/config already contains a globalconfig file: Assets/Packages/Microsoft.CodeAnalysis.Analyzers.3.11.0/buildTransitive/config/analysislevellibrary_3_3_4_minimum_warnaserror.globalconfig will be ignored.
Assets/Packages/Microsoft.CodeAnalysis.Analyzers.3.11.0/buildTransitive/config already contains a globalconfig file: Assets/Packages/Microsoft.CodeAnalysis.Analyzers.3.11.0/buildTransitive/config/analysislevelmicrosoftcodeanalysislocalization_2_9_8_minimum.globalconfig will be ignored.
Assets/Packages/Microsoft.CodeAnalysis.Analyzers.3.11.0/buildTransitive/config already contains a globalconfig file: Assets/Packages/Microsoft.CodeAnalysis.Analyzers.3.11.0/buildTransitive/config/analysislevelmicrosoftcodeanalysiscorrectness_3_minimum_warnaserror.globalconfig will be ignored.
Assets/Packages/Microsoft.CodeAnalysis.Analyzers.3.11.0/buildTransitive/config already contains a globalconfig file: Assets/Packages/Microsoft.CodeAnalysis.Analyzers.3.11.0/buildTransitive/config/analysislevelmicrosoftcodeanalysislocalization_3_none.globalconfig will be ignored.
Assets/Packages/Microsoft.CodeAnalysis.Analyzers.3.11.0/buildTransitive/config already contains a globalconfig file: Assets/Packages/Microsoft.CodeAnalysis.Analyzers.3.11.0/buildTransitive/config/analysislevellibrary_3_3_3_minimum_warnaserror.globalconfig will be ignored.
Begin MonoManager ReloadAssembly
Symbol file LoadedFromMemory is not a mono symbol file
Native extension for Android target not found
Native extension for OSXStandalone target not found
Refreshing native plugins compatible for Editor in 1.33 ms, found 3 plugins.
Preloading 0 native plugins for Editor in 0.00 ms.
[Package Manager] Server::EnsureServerProcessIsRunning -- launch failed, reason: Unity was launched with the -noUpm command-line argument
[Package Manager] Cannot connect to Unity Package Manager local server
Mono: successfully reloaded assembly
- Completed reload, in  3.996 seconds
Domain Reload Profiling:
	ReloadAssembly (3998ms)
		BeginReloadAssembly (401ms)
			ExecutionOrderSort (0ms)
			DisableScriptedObjects (37ms)
			BackupInstance (0ms)
			ReleaseScriptingObjects (0ms)
			CreateAndSetChildDomain (137ms)
		EndReloadAssembly (3420ms)
			LoadAssemblies (196ms)
			RebuildTransferFunctionScriptingTraits (0ms)
			SetupTypeCache (437ms)
			ReleaseScriptCaches (4ms)
			RebuildScriptCaches (37ms)
			SetupLoadedEditorAssemblies (2571ms)
				LogAssemblyErrors (0ms)
				InitializePlatformSupportModulesInManaged (37ms)
				SetLoadedEditorAssemblies (1ms)
				RefreshPlugins (1ms)
				BeforeProcessingInitializeOnLoad (83ms)
				ProcessInitializeOnLoadAttributes (1960ms)
				ProcessInitializeOnLoadMethodAttributes (488ms)
				AfterProcessingInitializeOnLoad (1ms)
				EditorAssembliesLoaded (0ms)
			ExecutionOrderSort2 (0ms)
			AwakeInstancesAfterBackupRestoration (10ms)
Platform modules already initialized, skipping
Refreshing native plugins compatible for Editor in 0.75 ms, found 3 plugins.
Preloading 0 native plugins for Editor in 0.00 ms.
Unloading 3991 Unused Serialized files (Serialized files now loaded: 0)
Unloading 723 unused Assets / (79.4 KB). Loaded Objects now: 3837.
Memory consumption went from 142.5 MB to 142.5 MB.
Total: 18.294250 ms (FindLiveObjects: 0.351667 ms CreateObjectMapping: 0.105875 ms MarkObjects: 17.670208 ms  DeleteObjects: 0.165750 ms)

AssetImportParameters requested are different than current active one (requested -> active):
  custom:video-decoder-ogg-theora: a1e56fd34408186e4bbccfd4996cb3dc -> 
  custom:container-muxer-webm: aa71ff27fc2769a1b78a27578f13a17b -> 
  custom:container-demuxer-webm: 4f35f7cbe854078d1ac9338744f61a02 -> 
  custom:video-encoder-webm-vp8: eb34c28f22e8b96e1ab97ce403110664 -> 
  custom:framework-osx-AVFoundation: e770b220cccbd017edd2c1fefb359320 -> 
  custom:CustomObjectIndexerAttribute: bc11b3a6c3213fcdd17b65e7da85e133 -> 
  custom:audio-encoder-webm-vorbis: bf7c407c2cedff20999df2af8eb42d56 -> 
  custom:SearchIndexIgnoredProperties: e643bd26f0fe6173181afceb89e7c659 -> 
  custom:container-demuxer-ogg: 62fdf1f143b41e24485cea50d1cbac27 -> 
  custom:video-decoder-webm-vp8: 9c59270c3fd7afecdb556c50c9e8de78 -> 
  custom:audio-decoder-ogg-vorbis: bf7c407c2cedff20999df2af8eb42d56 -> 
========================================================================
Received Import Request.
  Time since last request: 15046.206785 seconds.
  path: Assets/Scripts/Utilities/DebugUtils.cs
  artifactKey: Guid(b08092b8b7d6f496ca53fbb44ff714ca) Importer(815301076,1909f56bfc062723c751e8b465ee728b)
Number of updated assets reloaded before import = 0
Start importing Assets/Scripts/Utilities/DebugUtils.cs using Guid(b08092b8b7d6f496ca53fbb44ff714ca) Importer(815301076,1909f56bfc062723c751e8b465ee728b)  -> (artifact id: '5befa982bf8d4daf86022fdc3f74956b') in 0.472618 seconds 
Number of asset objects unloaded after import = 0
========================================================================
Received Import Request.
  Time since last request: 0.510835 seconds.
  path: Assets/Scripts/Utilities/ColorExtensions.cs
  artifactKey: Guid(63b34897264ee4f15a27b9802432c80a) Importer(815301076,1909f56bfc062723c751e8b465ee728b)
Number of updated assets reloaded before import = 0
Start importing Assets/Scripts/Utilities/ColorExtensions.cs using Guid(63b34897264ee4f15a27b9802432c80a) Importer(815301076,1909f56bfc062723c751e8b465ee728b)  -> (artifact id: '6fa33810df6b3ea5a33ae90a8a9a1c1e') in 0.002152 seconds 
Number of asset objects unloaded after import = 0
========================================================================
Received Import Request.
  Time since last request: 0.777296 seconds.
  path: Assets/Scripts/UI/PopupBase.cs
  artifactKey: Guid(01dc5d6517027463eaf5a841d7ca178d) Importer(815301076,1909f56bfc062723c751e8b465ee728b)
Number of updated assets reloaded before import = 0
Start importing Assets/Scripts/UI/PopupBase.cs using Guid(01dc5d6517027463eaf5a841d7ca178d) Importer(815301076,1909f56bfc062723c751e8b465ee728b)  -> (artifact id: '6a36f9d1f33b20605ed898f86353edc2') in 0.001741 seconds 
Number of asset objects unloaded after import = 0
========================================================================
Received Import Request.
  Time since last request: 0.412511 seconds.
  path: Assets/Scripts/UI/PopupManager.cs
  artifactKey: Guid(1d076d4f1afe14121ab210b6882151ff) Importer(815301076,1909f56bfc062723c751e8b465ee728b)
Number of updated assets reloaded before import = 0
Start importing Assets/Scripts/UI/PopupManager.cs using Guid(1d076d4f1afe14121ab210b6882151ff) Importer(815301076,1909f56bfc062723c751e8b465ee728b)  -> (artifact id: 'a627682fa6af9b5abda1a7e29705bfbb') in 0.001500 seconds 
Number of asset objects unloaded after import = 0
