Unity Editor version:    2021.3.45f2 (88f88f591b2e)
Branch:                  2021.3/respin/2021.3.45f2-0da89fac8e
Build type:              Release
Batch mode:              YES
macOS version:           Version 15.2 (Build 24C101)
Darwin version:          24.2.0
Architecture:            x86_64
Running under Rosetta:   YES
Available memory:        16384 MB
Using pre-set license
Pro License: YES

COMMAND LINE ARGUMENTS:
/Applications/Unity/Hub/Editor/2021.3.45f2/Unity.app/Contents/MacOS/Unity
-adb2
-batchMode
-noUpm
-name
AssetImportWorker1
-projectPath
/Users/mobione/wkspaces/Technical
-logFile
Logs/AssetImportWorker1.log
-srvPort
49411
Successfully changed project path to: /Users/mobione/wkspaces/Technical
/Users/mobione/wkspaces/Technical
[UnityMemory] Configuration Parameters - Can be set up in boot.config
    "memorysetup-bucket-allocator-granularity=16"
    "memorysetup-bucket-allocator-bucket-count=8"
    "memorysetup-bucket-allocator-block-size=33554432"
    "memorysetup-bucket-allocator-block-count=8"
    "memorysetup-main-allocator-block-size=16777216"
    "memorysetup-thread-allocator-block-size=16777216"
    "memorysetup-gfx-main-allocator-block-size=16777216"
    "memorysetup-gfx-thread-allocator-block-size=16777216"
    "memorysetup-cache-allocator-block-size=4194304"
    "memorysetup-typetree-allocator-block-size=2097152"
    "memorysetup-profiler-bucket-allocator-granularity=16"
    "memorysetup-profiler-bucket-allocator-bucket-count=8"
    "memorysetup-profiler-bucket-allocator-block-size=33554432"
    "memorysetup-profiler-bucket-allocator-block-count=8"
    "memorysetup-profiler-allocator-block-size=16777216"
    "memorysetup-profiler-editor-allocator-block-size=1048576"
    "memorysetup-temp-allocator-size-main=16777216"
    "memorysetup-job-temp-allocator-block-size=2097152"
    "memorysetup-job-temp-allocator-block-size-background=1048576"
    "memorysetup-job-temp-allocator-reduction-small-platforms=262144"
    "memorysetup-temp-allocator-size-background-worker=32768"
    "memorysetup-temp-allocator-size-job-worker=262144"
    "memorysetup-temp-allocator-size-preload-manager=33554432"
    "memorysetup-temp-allocator-size-nav-mesh-worker=65536"
    "memorysetup-temp-allocator-size-audio-worker=65536"
    "memorysetup-temp-allocator-size-cloud-worker=32768"
    "memorysetup-temp-allocator-size-gi-baking-worker=262144"
    "memorysetup-temp-allocator-size-gfx=262144"
Player connection [8706388480] Host "[IP] 192.168.1.114 [Port] 0 [Flags] 2 [Guid] 1286333208 [EditorId] 1286333208 [Version] 1048832 [Id] OSXEditor(0,MOBIONEs-Mac-mini-3.local) [Debug] 1 [PackageName] OSXEditor [ProjectName] Editor" joined multi-casting on [225.0.0.222:54997]...

Player connection [8706388480] Host "[IP] 192.168.1.114 [Port] 0 [Flags] 2 [Guid] 1286333208 [EditorId] 1286333208 [Version] 1048832 [Id] OSXEditor(0,MOBIONEs-Mac-mini-3.local) [Debug] 1 [PackageName] OSXEditor [ProjectName] Editor" joined alternative multi-casting on [225.0.0.222:34997]...

[Physics::Module] Initialized MultithreadedJobDispatcher with {0} workers.
Refreshing native plugins compatible for Editor in 45.48 ms, found 3 plugins.
Preloading 0 native plugins for Editor in 0.00 ms.
Initialize engine version: 2021.3.45f2 (88f88f591b2e)
[Subsystems] Discovering subsystems at path /Applications/Unity/Hub/Editor/2021.3.45f2/Unity.app/Contents/Resources/UnitySubsystems
[Subsystems] Discovering subsystems at path /Users/mobione/wkspaces/Technical/Assets
GfxDevice: creating device client; threaded=0; jobified=0
 preferred device: Apple M4 (high power)
Metal devices available: 1
0: Apple M4 (high power)
Using device Apple M4 (high power)
Initializing Metal device caps: Apple M4
Initialize mono
Mono path[0] = '/Applications/Unity/Hub/Editor/2021.3.45f2/Unity.app/Contents/Managed'
Mono path[1] = '/Applications/Unity/Hub/Editor/2021.3.45f2/Unity.app/Contents/MonoBleedingEdge/lib/mono/unityjit-macos'
Mono config path = '/Applications/Unity/Hub/Editor/2021.3.45f2/Unity.app/Contents/MonoBleedingEdge/etc'
Using monoOptions --debugger-agent=transport=dt_socket,embedding=1,server=y,suspend=n,address=127.0.0.1:56252
Begin MonoManager ReloadAssembly
Registering precompiled unity dll's ...
Register platform support module: /Applications/Unity/Hub/Editor/2021.3.45f2/Unity.app/Contents/PlaybackEngines/MacStandaloneSupport/UnityEditor.OSXStandalone.Extensions.dll
Register platform support module: /Applications/Unity/Hub/Editor/2021.3.45f2/PlaybackEngines/AndroidPlayer/UnityEditor.Android.Extensions.dll
Registered in 0.001242 seconds.
Native extension for Android target not found
Android Extension - Scanning For ADB Devices 166 ms
Native extension for OSXStandalone target not found
Refreshing native plugins compatible for Editor in 32.10 ms, found 3 plugins.
Preloading 0 native plugins for Editor in 0.00 ms.
Mono: successfully reloaded assembly
- Completed reload, in  1.252 seconds
Domain Reload Profiling:
	ReloadAssembly (1253ms)
		BeginReloadAssembly (151ms)
			ExecutionOrderSort (0ms)
			DisableScriptedObjects (0ms)
			BackupInstance (0ms)
			ReleaseScriptingObjects (0ms)
			CreateAndSetChildDomain (2ms)
		EndReloadAssembly (982ms)
			LoadAssemblies (150ms)
			RebuildTransferFunctionScriptingTraits (0ms)
			SetupTypeCache (75ms)
			ReleaseScriptCaches (0ms)
			RebuildScriptCaches (20ms)
			SetupLoadedEditorAssemblies (780ms)
				LogAssemblyErrors (0ms)
				InitializePlatformSupportModulesInManaged (392ms)
				SetLoadedEditorAssemblies (0ms)
				RefreshPlugins (32ms)
				BeforeProcessingInitializeOnLoad (3ms)
				ProcessInitializeOnLoadAttributes (232ms)
				ProcessInitializeOnLoadMethodAttributes (121ms)
				AfterProcessingInitializeOnLoad (0ms)
				EditorAssembliesLoaded (0ms)
			ExecutionOrderSort2 (0ms)
			AwakeInstancesAfterBackupRestoration (0ms)
Platform modules already initialized, skipping
Registering precompiled user dll's ...
Registered in 0.020849 seconds.
Assets/Packages/Microsoft.CodeAnalysis.Analyzers.3.11.0/rulesets already contains a ruleset file: Assets/Packages/Microsoft.CodeAnalysis.Analyzers.3.11.0/rulesets/AllRulesDisabled.ruleset. Assets/Packages/Microsoft.CodeAnalysis.Analyzers.3.11.0/rulesets/CorrectnessRulesDefault.ruleset will be ignored.
Assets/Packages/Microsoft.CodeAnalysis.Analyzers.3.11.0/rulesets already contains a ruleset file: Assets/Packages/Microsoft.CodeAnalysis.Analyzers.3.11.0/rulesets/AllRulesDisabled.ruleset. Assets/Packages/Microsoft.CodeAnalysis.Analyzers.3.11.0/rulesets/MicrosoftCodeAnalysisCompatibilityRulesEnabled.ruleset will be ignored.
Assets/Packages/Microsoft.CodeAnalysis.Analyzers.3.11.0/rulesets already contains a ruleset file: Assets/Packages/Microsoft.CodeAnalysis.Analyzers.3.11.0/rulesets/AllRulesDisabled.ruleset. Assets/Packages/Microsoft.CodeAnalysis.Analyzers.3.11.0/rulesets/LibraryRulesDefault.ruleset will be ignored.
Assets/Packages/Microsoft.CodeAnalysis.Analyzers.3.11.0/rulesets already contains a ruleset file: Assets/Packages/Microsoft.CodeAnalysis.Analyzers.3.11.0/rulesets/AllRulesDisabled.ruleset. Assets/Packages/Microsoft.CodeAnalysis.Analyzers.3.11.0/rulesets/MicrosoftCodeAnalysisPerformanceRulesDefault.ruleset will be ignored.
Assets/Packages/Microsoft.CodeAnalysis.Analyzers.3.11.0/rulesets already contains a ruleset file: Assets/Packages/Microsoft.CodeAnalysis.Analyzers.3.11.0/rulesets/AllRulesDisabled.ruleset. Assets/Packages/Microsoft.CodeAnalysis.Analyzers.3.11.0/rulesets/MicrosoftCodeAnalysisDesignRulesDefault.ruleset will be ignored.
Assets/Packages/Microsoft.CodeAnalysis.Analyzers.3.11.0/rulesets already contains a ruleset file: Assets/Packages/Microsoft.CodeAnalysis.Analyzers.3.11.0/rulesets/AllRulesDisabled.ruleset. Assets/Packages/Microsoft.CodeAnalysis.Analyzers.3.11.0/rulesets/MicrosoftCodeAnalysisLocalizationRulesEnabled.ruleset will be ignored.
Assets/Packages/Microsoft.CodeAnalysis.Analyzers.3.11.0/rulesets already contains a ruleset file: Assets/Packages/Microsoft.CodeAnalysis.Analyzers.3.11.0/rulesets/AllRulesDisabled.ruleset. Assets/Packages/Microsoft.CodeAnalysis.Analyzers.3.11.0/rulesets/PortedFromFxCopRulesDefault.ruleset will be ignored.
Assets/Packages/Microsoft.CodeAnalysis.Analyzers.3.11.0/rulesets already contains a ruleset file: Assets/Packages/Microsoft.CodeAnalysis.Analyzers.3.11.0/rulesets/AllRulesDisabled.ruleset. Assets/Packages/Microsoft.CodeAnalysis.Analyzers.3.11.0/rulesets/LibraryRulesEnabled.ruleset will be ignored.
Assets/Packages/Microsoft.CodeAnalysis.Analyzers.3.11.0/rulesets already contains a ruleset file: Assets/Packages/Microsoft.CodeAnalysis.Analyzers.3.11.0/rulesets/AllRulesDisabled.ruleset. Assets/Packages/Microsoft.CodeAnalysis.Analyzers.3.11.0/rulesets/MicrosoftCodeAnalysisDocumentationRulesEnabled.ruleset will be ignored.
Assets/Packages/Microsoft.CodeAnalysis.Analyzers.3.11.0/rulesets already contains a ruleset file: Assets/Packages/Microsoft.CodeAnalysis.Analyzers.3.11.0/rulesets/AllRulesDisabled.ruleset. Assets/Packages/Microsoft.CodeAnalysis.Analyzers.3.11.0/rulesets/MicrosoftCodeAnalysisCorrectnessRulesDefault.ruleset will be ignored.
Assets/Packages/Microsoft.CodeAnalysis.Analyzers.3.11.0/rulesets already contains a ruleset file: Assets/Packages/Microsoft.CodeAnalysis.Analyzers.3.11.0/rulesets/AllRulesDisabled.ruleset. Assets/Packages/Microsoft.CodeAnalysis.Analyzers.3.11.0/rulesets/DataflowRulesDefault.ruleset will be ignored.
Assets/Packages/Microsoft.CodeAnalysis.Analyzers.3.11.0/rulesets already contains a ruleset file: Assets/Packages/Microsoft.CodeAnalysis.Analyzers.3.11.0/rulesets/AllRulesDisabled.ruleset. Assets/Packages/Microsoft.CodeAnalysis.Analyzers.3.11.0/rulesets/CorrectnessRulesEnabled.ruleset will be ignored.
Assets/Packages/Microsoft.CodeAnalysis.Analyzers.3.11.0/rulesets already contains a ruleset file: Assets/Packages/Microsoft.CodeAnalysis.Analyzers.3.11.0/rulesets/AllRulesDisabled.ruleset. Assets/Packages/Microsoft.CodeAnalysis.Analyzers.3.11.0/rulesets/MicrosoftCodeAnalysisReleaseTrackingRulesDefault.ruleset will be ignored.
Assets/Packages/Microsoft.CodeAnalysis.Analyzers.3.11.0/rulesets already contains a ruleset file: Assets/Packages/Microsoft.CodeAnalysis.Analyzers.3.11.0/rulesets/AllRulesDisabled.ruleset. Assets/Packages/Microsoft.CodeAnalysis.Analyzers.3.11.0/rulesets/AllRulesEnabled.ruleset will be ignored.
Assets/Packages/Microsoft.CodeAnalysis.Analyzers.3.11.0/rulesets already contains a ruleset file: Assets/Packages/Microsoft.CodeAnalysis.Analyzers.3.11.0/rulesets/AllRulesDisabled.ruleset. Assets/Packages/Microsoft.CodeAnalysis.Analyzers.3.11.0/rulesets/AllRulesDefault.ruleset will be ignored.
Assets/Packages/Microsoft.CodeAnalysis.Analyzers.3.11.0/rulesets already contains a ruleset file: Assets/Packages/Microsoft.CodeAnalysis.Analyzers.3.11.0/rulesets/AllRulesDisabled.ruleset. Assets/Packages/Microsoft.CodeAnalysis.Analyzers.3.11.0/rulesets/MicrosoftCodeAnalysisCompatibilityRulesDefault.ruleset will be ignored.
Assets/Packages/Microsoft.CodeAnalysis.Analyzers.3.11.0/rulesets already contains a ruleset file: Assets/Packages/Microsoft.CodeAnalysis.Analyzers.3.11.0/rulesets/AllRulesDisabled.ruleset. Assets/Packages/Microsoft.CodeAnalysis.Analyzers.3.11.0/rulesets/PortedFromFxCopRulesEnabled.ruleset will be ignored.
Assets/Packages/Microsoft.CodeAnalysis.Analyzers.3.11.0/rulesets already contains a ruleset file: Assets/Packages/Microsoft.CodeAnalysis.Analyzers.3.11.0/rulesets/AllRulesDisabled.ruleset. Assets/Packages/Microsoft.CodeAnalysis.Analyzers.3.11.0/rulesets/MicrosoftCodeAnalysisDesignRulesEnabled.ruleset will be ignored.
Assets/Packages/Microsoft.CodeAnalysis.Analyzers.3.11.0/rulesets already contains a ruleset file: Assets/Packages/Microsoft.CodeAnalysis.Analyzers.3.11.0/rulesets/AllRulesDisabled.ruleset. Assets/Packages/Microsoft.CodeAnalysis.Analyzers.3.11.0/rulesets/MicrosoftCodeAnalysisPerformanceRulesEnabled.ruleset will be ignored.
Assets/Packages/Microsoft.CodeAnalysis.Analyzers.3.11.0/rulesets already contains a ruleset file: Assets/Packages/Microsoft.CodeAnalysis.Analyzers.3.11.0/rulesets/AllRulesDisabled.ruleset. Assets/Packages/Microsoft.CodeAnalysis.Analyzers.3.11.0/rulesets/DataflowRulesEnabled.ruleset will be ignored.
Assets/Packages/Microsoft.CodeAnalysis.Analyzers.3.11.0/rulesets already contains a ruleset file: Assets/Packages/Microsoft.CodeAnalysis.Analyzers.3.11.0/rulesets/AllRulesDisabled.ruleset. Assets/Packages/Microsoft.CodeAnalysis.Analyzers.3.11.0/rulesets/MicrosoftCodeAnalysisDocumentationRulesDefault.ruleset will be ignored.
Assets/Packages/Microsoft.CodeAnalysis.Analyzers.3.11.0/rulesets already contains a ruleset file: Assets/Packages/Microsoft.CodeAnalysis.Analyzers.3.11.0/rulesets/AllRulesDisabled.ruleset. Assets/Packages/Microsoft.CodeAnalysis.Analyzers.3.11.0/rulesets/MicrosoftCodeAnalysisLocalizationRulesDefault.ruleset will be ignored.
Assets/Packages/Microsoft.CodeAnalysis.Analyzers.3.11.0/rulesets already contains a ruleset file: Assets/Packages/Microsoft.CodeAnalysis.Analyzers.3.11.0/rulesets/AllRulesDisabled.ruleset. Assets/Packages/Microsoft.CodeAnalysis.Analyzers.3.11.0/rulesets/MicrosoftCodeAnalysisReleaseTrackingRulesEnabled.ruleset will be ignored.
Assets/Packages/Microsoft.CodeAnalysis.Analyzers.3.11.0/rulesets already contains a ruleset file: Assets/Packages/Microsoft.CodeAnalysis.Analyzers.3.11.0/rulesets/AllRulesDisabled.ruleset. Assets/Packages/Microsoft.CodeAnalysis.Analyzers.3.11.0/rulesets/MicrosoftCodeAnalysisCorrectnessRulesEnabled.ruleset will be ignored.
Assets/Packages/Microsoft.CodeAnalysis.Analyzers.3.11.0/buildTransitive/config already contains a globalconfig file: Assets/Packages/Microsoft.CodeAnalysis.Analyzers.3.11.0/buildTransitive/config/analysislevelmicrosoftcodeanalysisreleasetracking_3_3_minimum.globalconfig will be ignored.
Assets/Packages/Microsoft.CodeAnalysis.Analyzers.3.11.0/buildTransitive/config already contains a globalconfig file: Assets/Packages/Microsoft.CodeAnalysis.Analyzers.3.11.0/buildTransitive/config/analysislevel_3_3_default_warnaserror.globalconfig will be ignored.
Assets/Packages/Microsoft.CodeAnalysis.Analyzers.3.11.0/buildTransitive/config already contains a globalconfig file: Assets/Packages/Microsoft.CodeAnalysis.Analyzers.3.11.0/buildTransitive/config/analysislevelmicrosoftcodeanalysisdesign_3_3_recommended.globalconfig will be ignored.
Assets/Packages/Microsoft.CodeAnalysis.Analyzers.3.11.0/buildTransitive/config already contains a globalconfig file: Assets/Packages/Microsoft.CodeAnalysis.Analyzers.3.11.0/buildTransitive/config/analysislevelmicrosoftcodeanalysislocalization_3_3_3_default.globalconfig will be ignored.
Assets/Packages/Microsoft.CodeAnalysis.Analyzers.3.11.0/buildTransitive/config already contains a globalconfig file: Assets/Packages/Microsoft.CodeAnalysis.Analyzers.3.11.0/buildTransitive/config/analysislevellibrary_2_9_8_recommended.globalconfig will be ignored.
Assets/Packages/Microsoft.CodeAnalysis.Analyzers.3.11.0/buildTransitive/config already contains a globalconfig file: Assets/Packages/Microsoft.CodeAnalysis.Analyzers.3.11.0/buildTransitive/config/analysislevelmicrosoftcodeanalysisperformance_2_9_8_none_warnaserror.globalconfig will be ignored.
Assets/Packages/Microsoft.CodeAnalysis.Analyzers.3.11.0/buildTransitive/config already contains a globalconfig file: Assets/Packages/Microsoft.CodeAnalysis.Analyzers.3.11.0/buildTransitive/config/analysislevelmicrosoftcodeanalysisdocumentation_3_3_4_minimum.globalconfig will be ignored.
Assets/Packages/Microsoft.CodeAnalysis.Analyzers.3.11.0/buildTransitive/config already contains a globalconfig file: Assets/Packages/Microsoft.CodeAnalysis.Analyzers.3.11.0/buildTransitive/config/analysislevelmicrosoftcodeanalysisdocumentation_4_3_minimum.globalconfig will be ignored.
Assets/Packages/Microsoft.CodeAnalysis.Analyzers.3.11.0/buildTransitive/config already contains a globalconfig file: Assets/Packages/Microsoft.CodeAnalysis.Analyzers.3.11.0/buildTransitive/config/analysislevelmicrosoftcodeanalysisperformance_3_3_default.globalconfig will be ignored.
Assets/Packages/Microsoft.CodeAnalysis.Analyzers.3.11.0/buildTransitive/config already contains a globalconfig file: Assets/Packages/Microsoft.CodeAnalysis.Analyzers.3.11.0/buildTransitive/config/analysislevel_3_3_3_minimum_warnaserror.globalconfig will be ignored.
Assets/Packages/Microsoft.CodeAnalysis.Analyzers.3.11.0/buildTransitive/config already contains a globalconfig file: Assets/Packages/Microsoft.CodeAnalysis.Analyzers.3.11.0/buildTransitive/config/analysislevelmicrosoftcodeanalysisreleasetracking_4_3_all_warnaserror.globalconfig will be ignored.
Assets/Packages/Microsoft.CodeAnalysis.Analyzers.3.11.0/buildTransitive/config already contains a globalconfig file: Assets/Packages/Microsoft.CodeAnalysis.Analyzers.3.11.0/buildTransitive/config/analysislevelmicrosoftcodeanalysiscompatibility_3_3_3_recommended.globalconfig will be ignored.
Assets/Packages/Microsoft.CodeAnalysis.Analyzers.3.11.0/buildTransitive/config already contains a globalconfig file: Assets/Packages/Microsoft.CodeAnalysis.Analyzers.3.11.0/buildTransitive/config/analysislevelmicrosoftcodeanalysisperformance_3_3_recommended_warnaserror.globalconfig will be ignored.
Assets/Packages/Microsoft.CodeAnalysis.Analyzers.3.11.0/buildTransitive/config already contains a globalconfig file: Assets/Packages/Microsoft.CodeAnalysis.Analyzers.3.11.0/buildTransitive/config/analysislevelcorrectness_3_none_warnaserror.globalconfig will be ignored.
Assets/Packages/Microsoft.CodeAnalysis.Analyzers.3.11.0/buildTransitive/config already contains a globalconfig file: Assets/Packages/Microsoft.CodeAnalysis.Analyzers.3.11.0/buildTransitive/config/analysislevelcorrectness_3_3_all.globalconfig will be ignored.
Assets/Packages/Microsoft.CodeAnalysis.Analyzers.3.11.0/buildTransitive/config already contains a globalconfig file: Assets/Packages/Microsoft.CodeAnalysis.Analyzers.3.11.0/buildTransitive/config/analysislevelmicrosoftcodeanalysislocalization_2_9_8_all.globalconfig will be ignored.
Assets/Packages/Microsoft.CodeAnalysis.Analyzers.3.11.0/buildTransitive/config already contains a globalconfig file: Assets/Packages/Microsoft.CodeAnalysis.Analyzers.3.11.0/buildTransitive/config/analysislevellibrary_4_3_minimum.globalconfig will be ignored.
Assets/Packages/Microsoft.CodeAnalysis.Analyzers.3.11.0/buildTransitive/config already contains a globalconfig file: Assets/Packages/Microsoft.CodeAnalysis.Analyzers.3.11.0/buildTransitive/config/analysislevelmicrosoftcodeanalysiscompatibility_3_3_minimum_warnaserror.globalconfig will be ignored.
Assets/Packages/Microsoft.CodeAnalysis.Analyzers.3.11.0/buildTransitive/config already contains a globalconfig file: Assets/Packages/Microsoft.CodeAnalysis.Analyzers.3.11.0/buildTransitive/config/analysislevelmicrosoftcodeanalysiscompatibility_4_3_minimum_warnaserror.globalconfig will be ignored.
Assets/Packages/Microsoft.CodeAnalysis.Analyzers.3.11.0/buildTransitive/config already contains a globalconfig file: Assets/Packages/Microsoft.CodeAnalysis.Analyzers.3.11.0/buildTransitive/config/analysislevelmicrosoftcodeanalysisdesign_3_minimum.globalconfig will be ignored.
Assets/Packages/Microsoft.CodeAnalysis.Analyzers.3.11.0/buildTransitive/config already contains a globalconfig file: Assets/Packages/Microsoft.CodeAnalysis.Analyzers.3.11.0/buildTransitive/config/analysislevelmicrosoftcodeanalysisdocumentation_3_recommended_warnaserror.globalconfig will be ignored.
Assets/Packages/Microsoft.CodeAnalysis.Analyzers.3.11.0/buildTransitive/config already contains a globalconfig file: Assets/Packages/Microsoft.CodeAnalysis.Analyzers.3.11.0/buildTransitive/config/analysislevelmicrosoftcodeanalysiscorrectness_3_3_3_all_warnaserror.globalconfig will be ignored.
Assets/Packages/Microsoft.CodeAnalysis.Analyzers.3.11.0/buildTransitive/config already contains a globalconfig file: Assets/Packages/Microsoft.CodeAnalysis.Analyzers.3.11.0/buildTransitive/config/analysislevellibrary_4_3_all_warnaserror.globalconfig will be ignored.
Assets/Packages/Microsoft.CodeAnalysis.Analyzers.3.11.0/buildTransitive/config already contains a globalconfig file: Assets/Packages/Microsoft.CodeAnalysis.Analyzers.3.11.0/buildTransitive/config/analysislevelcorrectness_3_3_3_default.globalconfig will be ignored.
Assets/Packages/Microsoft.CodeAnalysis.Analyzers.3.11.0/buildTransitive/config already contains a globalconfig file: Assets/Packages/Microsoft.CodeAnalysis.Analyzers.3.11.0/buildTransitive/config/analysislevel_3_all.globalconfig will be ignored.
Assets/Packages/Microsoft.CodeAnalysis.Analyzers.3.11.0/buildTransitive/config already contains a globalconfig file: Assets/Packages/Microsoft.CodeAnalysis.Analyzers.3.11.0/buildTransitive/config/analysislevelmicrosoftcodeanalysisdesign_3_recommended.globalconfig will be ignored.
Assets/Packages/Microsoft.CodeAnalysis.Analyzers.3.11.0/buildTransitive/config already contains a globalconfig file: Assets/Packages/Microsoft.CodeAnalysis.Analyzers.3.11.0/buildTransitive/config/analysislevelmicrosoftcodeanalysisdesign_3_3_4_default.globalconfig will be ignored.
Assets/Packages/Microsoft.CodeAnalysis.Analyzers.3.11.0/buildTransitive/config already contains a globalconfig file: Assets/Packages/Microsoft.CodeAnalysis.Analyzers.3.11.0/buildTransitive/config/analysislevelmicrosoftcodeanalysiscorrectness_3_3_recommended.globalconfig will be ignored.
Assets/Packages/Microsoft.CodeAnalysis.Analyzers.3.11.0/buildTransitive/config already contains a globalconfig file: Assets/Packages/Microsoft.CodeAnalysis.Analyzers.3.11.0/buildTransitive/config/analysislevelmicrosoftcodeanalysisdesign_3_3_4_all.globalconfig will be ignored.
Assets/Packages/Microsoft.CodeAnalysis.Analyzers.3.11.0/buildTransitive/config already contains a globalconfig file: Assets/Packages/Microsoft.CodeAnalysis.Analyzers.3.11.0/buildTransitive/config/analysislevelmicrosoftcodeanalysiscorrectness_3_recommended.globalconfig will be ignored.
Assets/Packages/Microsoft.CodeAnalysis.Analyzers.3.11.0/buildTransitive/config already contains a globalconfig file: Assets/Packages/Microsoft.CodeAnalysis.Analyzers.3.11.0/buildTransitive/config/analysislevelmicrosoftcodeanalysisreleasetracking_3_default.globalconfig will be ignored.
Assets/Packages/Microsoft.CodeAnalysis.Analyzers.3.11.0/buildTransitive/config already contains a globalconfig file: Assets/Packages/Microsoft.CodeAnalysis.Analyzers.3.11.0/buildTransitive/config/analysislevelcorrectness_3_3_3_all.globalconfig will be ignored.
Assets/Packages/Microsoft.CodeAnalysis.Analyzers.3.11.0/buildTransitive/config already contains a globalconfig file: Assets/Packages/Microsoft.CodeAnalysis.Analyzers.3.11.0/buildTransitive/config/analysislevelmicrosoftcodeanalysisdesign_3_3_3_minimum_warnaserror.globalconfig will be ignored.
Assets/Packages/Microsoft.CodeAnalysis.Analyzers.3.11.0/buildTransitive/config already contains a globalconfig file: Assets/Packages/Microsoft.CodeAnalysis.Analyzers.3.11.0/buildTransitive/config/analysislevelmicrosoftcodeanalysislocalization_3_3_4_default_warnaserror.globalconfig will be ignored.
Assets/Packages/Microsoft.CodeAnalysis.Analyzers.3.11.0/buildTransitive/config already contains a globalconfig file: Assets/Packages/Microsoft.CodeAnalysis.Analyzers.3.11.0/buildTransitive/config/analysislevel_3_3_3_minimum.globalconfig will be ignored.
Assets/Packages/Microsoft.CodeAnalysis.Analyzers.3.11.0/buildTransitive/config already contains a globalconfig file: Assets/Packages/Microsoft.CodeAnalysis.Analyzers.3.11.0/buildTransitive/config/analysislevelmicrosoftcodeanalysiscorrectness_2_9_8_default.globalconfig will be ignored.
Assets/Packages/Microsoft.CodeAnalysis.Analyzers.3.11.0/buildTransitive/config already contains a globalconfig file: Assets/Packages/Microsoft.CodeAnalysis.Analyzers.3.11.0/buildTransitive/config/analysislevel_3_3_minimum.globalconfig will be ignored.
Assets/Packages/Microsoft.CodeAnalysis.Analyzers.3.11.0/buildTransitive/config already contains a globalconfig file: Assets/Packages/Microsoft.CodeAnalysis.Analyzers.3.11.0/buildTransitive/config/analysislevelmicrosoftcodeanalysiscompatibility_3_3_3_none.globalconfig will be ignored.
Assets/Packages/Microsoft.CodeAnalysis.Analyzers.3.11.0/buildTransitive/config already contains a globalconfig file: Assets/Packages/Microsoft.CodeAnalysis.Analyzers.3.11.0/buildTransitive/config/analysislevelmicrosoftcodeanalysisperformance_3_3_4_all.globalconfig will be ignored.
Assets/Packages/Microsoft.CodeAnalysis.Analyzers.3.11.0/buildTransitive/config already contains a globalconfig file: Assets/Packages/Microsoft.CodeAnalysis.Analyzers.3.11.0/buildTransitive/config/analysislevelmicrosoftcodeanalysiscompatibility_4_3_recommended.globalconfig will be ignored.
Assets/Packages/Microsoft.CodeAnalysis.Analyzers.3.11.0/buildTransitive/config already contains a globalconfig file: Assets/Packages/Microsoft.CodeAnalysis.Analyzers.3.11.0/buildTransitive/config/analysislevelmicrosoftcodeanalysiscompatibility_3_3_4_none.globalconfig will be ignored.
Assets/Packages/Microsoft.CodeAnalysis.Analyzers.3.11.0/buildTransitive/config already contains a globalconfig file: Assets/Packages/Microsoft.CodeAnalysis.Analyzers.3.11.0/buildTransitive/config/analysislevelmicrosoftcodeanalysisperformance_4_3_minimum_warnaserror.globalconfig will be ignored.
Assets/Packages/Microsoft.CodeAnalysis.Analyzers.3.11.0/buildTransitive/config already contains a globalconfig file: Assets/Packages/Microsoft.CodeAnalysis.Analyzers.3.11.0/buildTransitive/config/analysislevelmicrosoftcodeanalysiscompatibility_3_3_4_all_warnaserror.globalconfig will be ignored.
Assets/Packages/Microsoft.CodeAnalysis.Analyzers.3.11.0/buildTransitive/config already contains a globalconfig file: Assets/Packages/Microsoft.CodeAnalysis.Analyzers.3.11.0/buildTransitive/config/analysislevellibrary_3_3_3_all.globalconfig will be ignored.
Assets/Packages/Microsoft.CodeAnalysis.Analyzers.3.11.0/buildTransitive/config already contains a globalconfig file: Assets/Packages/Microsoft.CodeAnalysis.Analyzers.3.11.0/buildTransitive/config/analysislevel_3_none.globalconfig will be ignored.
Assets/Packages/Microsoft.CodeAnalysis.Analyzers.3.11.0/buildTransitive/config already contains a globalconfig file: Assets/Packages/Microsoft.CodeAnalysis.Analyzers.3.11.0/buildTransitive/config/analysislevelmicrosoftcodeanalysisperformance_3_3_3_default.globalconfig will be ignored.
Assets/Packages/Microsoft.CodeAnalysis.Analyzers.3.11.0/buildTransitive/config already contains a globalconfig file: Assets/Packages/Microsoft.CodeAnalysis.Analyzers.3.11.0/buildTransitive/config/analysislevel_2_9_8_default.globalconfig will be ignored.
Assets/Packages/Microsoft.CodeAnalysis.Analyzers.3.11.0/buildTransitive/config already contains a globalconfig file: Assets/Packages/Microsoft.CodeAnalysis.Analyzers.3.11.0/buildTransitive/config/analysislevelmicrosoftcodeanalysiscompatibility_3_all.globalconfig will be ignored.
Assets/Packages/Microsoft.CodeAnalysis.Analyzers.3.11.0/buildTransitive/config already contains a globalconfig file: Assets/Packages/Microsoft.CodeAnalysis.Analyzers.3.11.0/buildTransitive/config/analysislevelmicrosoftcodeanalysislocalization_3_3_3_recommended_warnaserror.globalconfig will be ignored.
Assets/Packages/Microsoft.CodeAnalysis.Analyzers.3.11.0/buildTransitive/config already contains a globalconfig file: Assets/Packages/Microsoft.CodeAnalysis.Analyzers.3.11.0/buildTransitive/config/analysislevelmicrosoftcodeanalysisdesign_2_9_8_none_warnaserror.globalconfig will be ignored.
Assets/Packages/Microsoft.CodeAnalysis.Analyzers.3.11.0/buildTransitive/config already contains a globalconfig file: Assets/Packages/Microsoft.CodeAnalysis.Analyzers.3.11.0/buildTransitive/config/analysislevelmicrosoftcodeanalysisdesign_3_3_default.globalconfig will be ignored.
Assets/Packages/Microsoft.CodeAnalysis.Analyzers.3.11.0/buildTransitive/config already contains a globalconfig file: Assets/Packages/Microsoft.CodeAnalysis.Analyzers.3.11.0/buildTransitive/config/analysislevelmicrosoftcodeanalysisperformance_3_3_4_default.globalconfig will be ignored.
Assets/Packages/Microsoft.CodeAnalysis.Analyzers.3.11.0/buildTransitive/config already contains a globalconfig file: Assets/Packages/Microsoft.CodeAnalysis.Analyzers.3.11.0/buildTransitive/config/analysislevelmicrosoftcodeanalysisreleasetracking_2_9_8_all_warnaserror.globalconfig will be ignored.
Assets/Packages/Microsoft.CodeAnalysis.Analyzers.3.11.0/buildTransitive/config already contains a globalconfig file: Assets/Packages/Microsoft.CodeAnalysis.Analyzers.3.11.0/buildTransitive/config/analysislevelmicrosoftcodeanalysisperformance_3_3_3_all.globalconfig will be ignored.
Assets/Packages/Microsoft.CodeAnalysis.Analyzers.3.11.0/buildTransitive/config already contains a globalconfig file: Assets/Packages/Microsoft.CodeAnalysis.Analyzers.3.11.0/buildTransitive/config/analysislevelmicrosoftcodeanalysisdesign_2_9_8_recommended_warnaserror.globalconfig will be ignored.
Assets/Packages/Microsoft.CodeAnalysis.Analyzers.3.11.0/buildTransitive/config already contains a globalconfig file: Assets/Packages/Microsoft.CodeAnalysis.Analyzers.3.11.0/buildTransitive/config/analysislevelmicrosoftcodeanalysisperformance_3_3_none_warnaserror.globalconfig will be ignored.
Assets/Packages/Microsoft.CodeAnalysis.Analyzers.3.11.0/buildTransitive/config already contains a globalconfig file: Assets/Packages/Microsoft.CodeAnalysis.Analyzers.3.11.0/buildTransitive/config/analysislevelmicrosoftcodeanalysisdocumentation_3_3_4_recommended.globalconfig will be ignored.
Assets/Packages/Microsoft.CodeAnalysis.Analyzers.3.11.0/buildTransitive/config already contains a globalconfig file: Assets/Packages/Microsoft.CodeAnalysis.Analyzers.3.11.0/buildTransitive/config/analysislevelmicrosoftcodeanalysisreleasetracking_3_3_3_recommended.globalconfig will be ignored.
Assets/Packages/Microsoft.CodeAnalysis.Analyzers.3.11.0/buildTransitive/config already contains a globalconfig file: Assets/Packages/Microsoft.CodeAnalysis.Analyzers.3.11.0/buildTransitive/config/analysislevelmicrosoftcodeanalysisperformance_3_3_all.globalconfig will be ignored.
Assets/Packages/Microsoft.CodeAnalysis.Analyzers.3.11.0/buildTransitive/config already contains a globalconfig file: Assets/Packages/Microsoft.CodeAnalysis.Analyzers.3.11.0/buildTransitive/config/analysislevelmicrosoftcodeanalysiscorrectness_3_3_default.globalconfig will be ignored.
Assets/Packages/Microsoft.CodeAnalysis.Analyzers.3.11.0/buildTransitive/config already contains a globalconfig file: Assets/Packages/Microsoft.CodeAnalysis.Analyzers.3.11.0/buildTransitive/config/analysislevel_3_3_4_none_warnaserror.globalconfig will be ignored.
Assets/Packages/Microsoft.CodeAnalysis.Analyzers.3.11.0/buildTransitive/config already contains a globalconfig file: Assets/Packages/Microsoft.CodeAnalysis.Analyzers.3.11.0/buildTransitive/config/analysislevelmicrosoftcodeanalysisdocumentation_3_3_3_minimum.globalconfig will be ignored.
Assets/Packages/Microsoft.CodeAnalysis.Analyzers.3.11.0/buildTransitive/config already contains a globalconfig file: Assets/Packages/Microsoft.CodeAnalysis.Analyzers.3.11.0/buildTransitive/config/analysislevelmicrosoftcodeanalysislocalization_3_3_minimum_warnaserror.globalconfig will be ignored.
Assets/Packages/Microsoft.CodeAnalysis.Analyzers.3.11.0/buildTransitive/config already contains a globalconfig file: Assets/Packages/Microsoft.CodeAnalysis.Analyzers.3.11.0/buildTransitive/config/analysislevelcorrectness_3_3_4_minimum_warnaserror.globalconfig will be ignored.
Assets/Packages/Microsoft.CodeAnalysis.Analyzers.3.11.0/buildTransitive/config already contains a globalconfig file: Assets/Packages/Microsoft.CodeAnalysis.Analyzers.3.11.0/buildTransitive/config/analysislevelmicrosoftcodeanalysisreleasetracking_3_3_4_recommended_warnaserror.globalconfig will be ignored.
Assets/Packages/Microsoft.CodeAnalysis.Analyzers.3.11.0/buildTransitive/config already contains a globalconfig file: Assets/Packages/Microsoft.CodeAnalysis.Analyzers.3.11.0/buildTransitive/config/analysislevel_4_3_all_warnaserror.globalconfig will be ignored.
Assets/Packages/Microsoft.CodeAnalysis.Analyzers.3.11.0/buildTransitive/config already contains a globalconfig file: Assets/Packages/Microsoft.CodeAnalysis.Analyzers.3.11.0/buildTransitive/config/analysislevelmicrosoftcodeanalysisdocumentation_3_3_4_all.globalconfig will be ignored.
Assets/Packages/Microsoft.CodeAnalysis.Analyzers.3.11.0/buildTransitive/config already contains a globalconfig file: Assets/Packages/Microsoft.CodeAnalysis.Analyzers.3.11.0/buildTransitive/config/analysislevelmicrosoftcodeanalysislocalization_3_3_4_default.globalconfig will be ignored.
Assets/Packages/Microsoft.CodeAnalysis.Analyzers.3.11.0/buildTransitive/config already contains a globalconfig file: Assets/Packages/Microsoft.CodeAnalysis.Analyzers.3.11.0/buildTransitive/config/analysislevelmicrosoftcodeanalysisreleasetracking_3_3_3_all_warnaserror.globalconfig will be ignored.
Assets/Packages/Microsoft.CodeAnalysis.Analyzers.3.11.0/buildTransitive/config already contains a globalconfig file: Assets/Packages/Microsoft.CodeAnalysis.Analyzers.3.11.0/buildTransitive/config/analysislevelmicrosoftcodeanalysisdesign_3_all_warnaserror.globalconfig will be ignored.
Assets/Packages/Microsoft.CodeAnalysis.Analyzers.3.11.0/buildTransitive/config already contains a globalconfig file: Assets/Packages/Microsoft.CodeAnalysis.Analyzers.3.11.0/buildTransitive/config/analysislevelmicrosoftcodeanalysislocalization_4_3_minimum_warnaserror.globalconfig will be ignored.
Assets/Packages/Microsoft.CodeAnalysis.Analyzers.3.11.0/buildTransitive/config already contains a globalconfig file: Assets/Packages/Microsoft.CodeAnalysis.Analyzers.3.11.0/buildTransitive/config/analysislevelmicrosoftcodeanalysiscompatibility_4_3_none.globalconfig will be ignored.
Assets/Packages/Microsoft.CodeAnalysis.Analyzers.3.11.0/buildTransitive/config already contains a globalconfig file: Assets/Packages/Microsoft.CodeAnalysis.Analyzers.3.11.0/buildTransitive/config/analysislevelmicrosoftcodeanalysislocalization_3_3_3_minimum_warnaserror.globalconfig will be ignored.
Assets/Packages/Microsoft.CodeAnalysis.Analyzers.3.11.0/buildTransitive/config already contains a globalconfig file: Assets/Packages/Microsoft.CodeAnalysis.Analyzers.3.11.0/buildTransitive/config/analysislevelmicrosoftcodeanalysiscorrectness_3_3_4_all.globalconfig will be ignored.
Assets/Packages/Microsoft.CodeAnalysis.Analyzers.3.11.0/buildTransitive/config already contains a globalconfig file: Assets/Packages/Microsoft.CodeAnalysis.Analyzers.3.11.0/buildTransitive/config/analysislevelmicrosoftcodeanalysisperformance_2_9_8_recommended_warnaserror.globalconfig will be ignored.
Assets/Packages/Microsoft.CodeAnalysis.Analyzers.3.11.0/buildTransitive/config already contains a globalconfig file: Assets/Packages/Microsoft.CodeAnalysis.Analyzers.3.11.0/buildTransitive/config/analysislevelmicrosoftcodeanalysisdocumentation_3_3_3_none_warnaserror.globalconfig will be ignored.
Assets/Packages/Microsoft.CodeAnalysis.Analyzers.3.11.0/buildTransitive/config already contains a globalconfig file: Assets/Packages/Microsoft.CodeAnalysis.Analyzers.3.11.0/buildTransitive/config/analysislevelcorrectness_3_3_default_warnaserror.globalconfig will be ignored.
Assets/Packages/Microsoft.CodeAnalysis.Analyzers.3.11.0/buildTransitive/config already contains a globalconfig file: Assets/Packages/Microsoft.CodeAnalysis.Analyzers.3.11.0/buildTransitive/config/analysislevelcorrectness_3_3_3_recommended_warnaserror.globalconfig will be ignored.
Assets/Packages/Microsoft.CodeAnalysis.Analyzers.3.11.0/buildTransitive/config already contains a globalconfig file: Assets/Packages/Microsoft.CodeAnalysis.Analyzers.3.11.0/buildTransitive/config/analysislevelmicrosoftcodeanalysisperformance_3_3_3_none_warnaserror.globalconfig will be ignored.
Assets/Packages/Microsoft.CodeAnalysis.Analyzers.3.11.0/buildTransitive/config already contains a globalconfig file: Assets/Packages/Microsoft.CodeAnalysis.Analyzers.3.11.0/buildTransitive/config/analysislevellibrary_3_3_4_all.globalconfig will be ignored.
Assets/Packages/Microsoft.CodeAnalysis.Analyzers.3.11.0/buildTransitive/config already contains a globalconfig file: Assets/Packages/Microsoft.CodeAnalysis.Analyzers.3.11.0/buildTransitive/config/analysislevelmicrosoftcodeanalysiscorrectness_3_3_4_all_warnaserror.globalconfig will be ignored.
Assets/Packages/Microsoft.CodeAnalysis.Analyzers.3.11.0/buildTransitive/config already contains a globalconfig file: Assets/Packages/Microsoft.CodeAnalysis.Analyzers.3.11.0/buildTransitive/config/analysislevelmicrosoftcodeanalysislocalization_4_3_all.globalconfig will be ignored.
Assets/Packages/Microsoft.CodeAnalysis.Analyzers.3.11.0/buildTransitive/config already contains a globalconfig file: Assets/Packages/Microsoft.CodeAnalysis.Analyzers.3.11.0/buildTransitive/config/analysislevelmicrosoftcodeanalysisreleasetracking_3_3_none.globalconfig will be ignored.
Assets/Packages/Microsoft.CodeAnalysis.Analyzers.3.11.0/buildTransitive/config already contains a globalconfig file: Assets/Packages/Microsoft.CodeAnalysis.Analyzers.3.11.0/buildTransitive/config/analysislevelmicrosoftcodeanalysisdocumentation_3_recommended.globalconfig will be ignored.
Assets/Packages/Microsoft.CodeAnalysis.Analyzers.3.11.0/buildTransitive/config already contains a globalconfig file: Assets/Packages/Microsoft.CodeAnalysis.Analyzers.3.11.0/buildTransitive/config/analysislevelmicrosoftcodeanalysiscompatibility_3_3_4_minimum_warnaserror.globalconfig will be ignored.
Assets/Packages/Microsoft.CodeAnalysis.Analyzers.3.11.0/buildTransitive/config already contains a globalconfig file: Assets/Packages/Microsoft.CodeAnalysis.Analyzers.3.11.0/buildTransitive/config/analysislevelmicrosoftcodeanalysisreleasetracking_3_3_all.globalconfig will be ignored.
Assets/Packages/Microsoft.CodeAnalysis.Analyzers.3.11.0/buildTransitive/config already contains a globalconfig file: Assets/Packages/Microsoft.CodeAnalysis.Analyzers.3.11.0/buildTransitive/config/analysislevelcorrectness_3_minimum.globalconfig will be ignored.
Assets/Packages/Microsoft.CodeAnalysis.Analyzers.3.11.0/buildTransitive/config already contains a globalconfig file: Assets/Packages/Microsoft.CodeAnalysis.Analyzers.3.11.0/buildTransitive/config/analysislevellibrary_3_3_4_none_warnaserror.globalconfig will be ignored.
Assets/Packages/Microsoft.CodeAnalysis.Analyzers.3.11.0/buildTransitive/config already contains a globalconfig file: Assets/Packages/Microsoft.CodeAnalysis.Analyzers.3.11.0/buildTransitive/config/analysislevellibrary_3_default_warnaserror.globalconfig will be ignored.
Assets/Packages/Microsoft.CodeAnalysis.Analyzers.3.11.0/buildTransitive/config already contains a globalconfig file: Assets/Packages/Microsoft.CodeAnalysis.Analyzers.3.11.0/buildTransitive/config/analysislevelmicrosoftcodeanalysisperformance_3_recommended.globalconfig will be ignored.
Assets/Packages/Microsoft.CodeAnalysis.Analyzers.3.11.0/buildTransitive/config already contains a globalconfig file: Assets/Packages/Microsoft.CodeAnalysis.Analyzers.3.11.0/buildTransitive/config/analysislevellibrary_3_3_all.globalconfig will be ignored.
Assets/Packages/Microsoft.CodeAnalysis.Analyzers.3.11.0/buildTransitive/config already contains a globalconfig file: Assets/Packages/Microsoft.CodeAnalysis.Analyzers.3.11.0/buildTransitive/config/analysislevellibrary_3_3_4_minimum.globalconfig will be ignored.
Assets/Packages/Microsoft.CodeAnalysis.Analyzers.3.11.0/buildTransitive/config already contains a globalconfig file: Assets/Packages/Microsoft.CodeAnalysis.Analyzers.3.11.0/buildTransitive/config/analysislevelmicrosoftcodeanalysisdesign_3_minimum_warnaserror.globalconfig will be ignored.
Assets/Packages/Microsoft.CodeAnalysis.Analyzers.3.11.0/buildTransitive/config already contains a globalconfig file: Assets/Packages/Microsoft.CodeAnalysis.Analyzers.3.11.0/buildTransitive/config/analysislevelmicrosoftcodeanalysislocalization_3_3_4_minimum.globalconfig will be ignored.
Assets/Packages/Microsoft.CodeAnalysis.Analyzers.3.11.0/buildTransitive/config already contains a globalconfig file: Assets/Packages/Microsoft.CodeAnalysis.Analyzers.3.11.0/buildTransitive/config/analysislevelcorrectness_2_9_8_minimum_warnaserror.globalconfig will be ignored.
Assets/Packages/Microsoft.CodeAnalysis.Analyzers.3.11.0/buildTransitive/config already contains a globalconfig file: Assets/Packages/Microsoft.CodeAnalysis.Analyzers.3.11.0/buildTransitive/config/analysislevellibrary_4_3_none.globalconfig will be ignored.
Assets/Packages/Microsoft.CodeAnalysis.Analyzers.3.11.0/buildTransitive/config already contains a globalconfig file: Assets/Packages/Microsoft.CodeAnalysis.Analyzers.3.11.0/buildTransitive/config/analysislevellibrary_3_recommended_warnaserror.globalconfig will be ignored.
Assets/Packages/Microsoft.CodeAnalysis.Analyzers.3.11.0/buildTransitive/config already contains a globalconfig file: Assets/Packages/Microsoft.CodeAnalysis.Analyzers.3.11.0/buildTransitive/config/analysislevelmicrosoftcodeanalysiscorrectness_2_9_8_minimum.globalconfig will be ignored.
Assets/Packages/Microsoft.CodeAnalysis.Analyzers.3.11.0/buildTransitive/config already contains a globalconfig file: Assets/Packages/Microsoft.CodeAnalysis.Analyzers.3.11.0/buildTransitive/config/analysislevelmicrosoftcodeanalysiscompatibility_2_9_8_recommended.globalconfig will be ignored.
Assets/Packages/Microsoft.CodeAnalysis.Analyzers.3.11.0/buildTransitive/config already contains a globalconfig file: Assets/Packages/Microsoft.CodeAnalysis.Analyzers.3.11.0/buildTransitive/config/analysislevelmicrosoftcodeanalysislocalization_4_3_recommended.globalconfig will be ignored.
Assets/Packages/Microsoft.CodeAnalysis.Analyzers.3.11.0/buildTransitive/config already contains a globalconfig file: Assets/Packages/Microsoft.CodeAnalysis.Analyzers.3.11.0/buildTransitive/config/analysislevelmicrosoftcodeanalysislocalization_2_9_8_none.globalconfig will be ignored.
Assets/Packages/Microsoft.CodeAnalysis.Analyzers.3.11.0/buildTransitive/config already contains a globalconfig file: Assets/Packages/Microsoft.CodeAnalysis.Analyzers.3.11.0/buildTransitive/config/analysislevel_3_3_4_default.globalconfig will be ignored.
Assets/Packages/Microsoft.CodeAnalysis.Analyzers.3.11.0/buildTransitive/config already contains a globalconfig file: Assets/Packages/Microsoft.CodeAnalysis.Analyzers.3.11.0/buildTransitive/config/analysislevelmicrosoftcodeanalysisreleasetracking_3_recommended_warnaserror.globalconfig will be ignored.
Assets/Packages/Microsoft.CodeAnalysis.Analyzers.3.11.0/buildTransitive/config already contains a globalconfig file: Assets/Packages/Microsoft.CodeAnalysis.Analyzers.3.11.0/buildTransitive/config/analysislevelmicrosoftcodeanalysisperformance_4_3_default.globalconfig will be ignored.
Assets/Packages/Microsoft.CodeAnalysis.Analyzers.3.11.0/buildTransitive/config already contains a globalconfig file: Assets/Packages/Microsoft.CodeAnalysis.Analyzers.3.11.0/buildTransitive/config/analysislevelmicrosoftcodeanalysisdesign_3_3_4_default_warnaserror.globalconfig will be ignored.
Assets/Packages/Microsoft.CodeAnalysis.Analyzers.3.11.0/buildTransitive/config already contains a globalconfig file: Assets/Packages/Microsoft.CodeAnalysis.Analyzers.3.11.0/buildTransitive/config/analysislevelmicrosoftcodeanalysisdesign_3_3_3_recommended_warnaserror.globalconfig will be ignored.
Assets/Packages/Microsoft.CodeAnalysis.Analyzers.3.11.0/buildTransitive/config already contains a globalconfig file: Assets/Packages/Microsoft.CodeAnalysis.Analyzers.3.11.0/buildTransitive/config/analysislevelmicrosoftcodeanalysisdocumentation_4_3_recommended.globalconfig will be ignored.
Assets/Packages/Microsoft.CodeAnalysis.Analyzers.3.11.0/buildTransitive/config already contains a globalconfig file: Assets/Packages/Microsoft.CodeAnalysis.Analyzers.3.11.0/buildTransitive/config/analysislevelmicrosoftcodeanalysisdesign_2_9_8_default.globalconfig will be ignored.
Assets/Packages/Microsoft.CodeAnalysis.Analyzers.3.11.0/buildTransitive/config already contains a globalconfig file: Assets/Packages/Microsoft.CodeAnalysis.Analyzers.3.11.0/buildTransitive/config/analysislevellibrary_4_3_recommended.globalconfig will be ignored.
Assets/Packages/Microsoft.CodeAnalysis.Analyzers.3.11.0/buildTransitive/config already contains a globalconfig file: Assets/Packages/Microsoft.CodeAnalysis.Analyzers.3.11.0/buildTransitive/config/analysislevelmicrosoftcodeanalysisdesign_2_9_8_none.globalconfig will be ignored.
Assets/Packages/Microsoft.CodeAnalysis.Analyzers.3.11.0/buildTransitive/config already contains a globalconfig file: Assets/Packages/Microsoft.CodeAnalysis.Analyzers.3.11.0/buildTransitive/config/analysislevel_3_3_3_default.globalconfig will be ignored.
Assets/Packages/Microsoft.CodeAnalysis.Analyzers.3.11.0/buildTransitive/config already contains a globalconfig file: Assets/Packages/Microsoft.CodeAnalysis.Analyzers.3.11.0/buildTransitive/config/analysislevelmicrosoftcodeanalysisreleasetracking_3_3_4_default.globalconfig will be ignored.
Assets/Packages/Microsoft.CodeAnalysis.Analyzers.3.11.0/buildTransitive/config already contains a globalconfig file: Assets/Packages/Microsoft.CodeAnalysis.Analyzers.3.11.0/buildTransitive/config/analysislevelmicrosoftcodeanalysisdesign_3_3_3_default_warnaserror.globalconfig will be ignored.
Assets/Packages/Microsoft.CodeAnalysis.Analyzers.3.11.0/buildTransitive/config already contains a globalconfig file: Assets/Packages/Microsoft.CodeAnalysis.Analyzers.3.11.0/buildTransitive/config/analysislevelmicrosoftcodeanalysisperformance_4_3_recommended_warnaserror.globalconfig will be ignored.
Assets/Packages/Microsoft.CodeAnalysis.Analyzers.3.11.0/buildTransitive/config already contains a globalconfig file: Assets/Packages/Microsoft.CodeAnalysis.Analyzers.3.11.0/buildTransitive/config/analysislevelcorrectness_3_3_4_recommended.globalconfig will be ignored.
Assets/Packages/Microsoft.CodeAnalysis.Analyzers.3.11.0/buildTransitive/config already contains a globalconfig file: Assets/Packages/Microsoft.CodeAnalysis.Analyzers.3.11.0/buildTransitive/config/analysislevelmicrosoftcodeanalysisperformance_2_9_8_default_warnaserror.globalconfig will be ignored.
Assets/Packages/Microsoft.CodeAnalysis.Analyzers.3.11.0/buildTransitive/config already contains a globalconfig file: Assets/Packages/Microsoft.CodeAnalysis.Analyzers.3.11.0/buildTransitive/config/analysislevelmicrosoftcodeanalysisdocumentation_3_3_recommended.globalconfig will be ignored.
Assets/Packages/Microsoft.CodeAnalysis.Analyzers.3.11.0/buildTransitive/config already contains a globalconfig file: Assets/Packages/Microsoft.CodeAnalysis.Analyzers.3.11.0/buildTransitive/config/analysislevellibrary_2_9_8_none.globalconfig will be ignored.
Assets/Packages/Microsoft.CodeAnalysis.Analyzers.3.11.0/buildTransitive/config already contains a globalconfig file: Assets/Packages/Microsoft.CodeAnalysis.Analyzers.3.11.0/buildTransitive/config/analysislevelmicrosoftcodeanalysisdesign_3_3_4_all_warnaserror.globalconfig will be ignored.
Assets/Packages/Microsoft.CodeAnalysis.Analyzers.3.11.0/buildTransitive/config already contains a globalconfig file: Assets/Packages/Microsoft.CodeAnalysis.Analyzers.3.11.0/buildTransitive/config/analysislevelmicrosoftcodeanalysisreleasetracking_4_3_all.globalconfig will be ignored.
Assets/Packages/Microsoft.CodeAnalysis.Analyzers.3.11.0/buildTransitive/config already contains a globalconfig file: Assets/Packages/Microsoft.CodeAnalysis.Analyzers.3.11.0/buildTransitive/config/analysislevelmicrosoftcodeanalysislocalization_2_9_8_recommended.globalconfig will be ignored.
Assets/Packages/Microsoft.CodeAnalysis.Analyzers.3.11.0/buildTransitive/config already contains a globalconfig file: Assets/Packages/Microsoft.CodeAnalysis.Analyzers.3.11.0/buildTransitive/config/analysislevelmicrosoftcodeanalysislocalization_3_3_4_none.globalconfig will be ignored.
Assets/Packages/Microsoft.CodeAnalysis.Analyzers.3.11.0/buildTransitive/config already contains a globalconfig file: Assets/Packages/Microsoft.CodeAnalysis.Analyzers.3.11.0/buildTransitive/config/analysislevelmicrosoftcodeanalysisdocumentation_2_9_8_none.globalconfig will be ignored.
Assets/Packages/Microsoft.CodeAnalysis.Analyzers.3.11.0/buildTransitive/config already contains a globalconfig file: Assets/Packages/Microsoft.CodeAnalysis.Analyzers.3.11.0/buildTransitive/config/analysislevelmicrosoftcodeanalysisdesign_4_3_all.globalconfig will be ignored.
Assets/Packages/Microsoft.CodeAnalysis.Analyzers.3.11.0/buildTransitive/config already contains a globalconfig file: Assets/Packages/Microsoft.CodeAnalysis.Analyzers.3.11.0/buildTransitive/config/analysislevelmicrosoftcodeanalysiscorrectness_3_all_warnaserror.globalconfig will be ignored.
Assets/Packages/Microsoft.CodeAnalysis.Analyzers.3.11.0/buildTransitive/config already contains a globalconfig file: Assets/Packages/Microsoft.CodeAnalysis.Analyzers.3.11.0/buildTransitive/config/analysislevelmicrosoftcodeanalysiscorrectness_3_all.globalconfig will be ignored.
Assets/Packages/Microsoft.CodeAnalysis.Analyzers.3.11.0/buildTransitive/config already contains a globalconfig file: Assets/Packages/Microsoft.CodeAnalysis.Analyzers.3.11.0/buildTransitive/config/analysislevelmicrosoftcodeanalysiscorrectness_3_3_3_none.globalconfig will be ignored.
Assets/Packages/Microsoft.CodeAnalysis.Analyzers.3.11.0/buildTransitive/config already contains a globalconfig file: Assets/Packages/Microsoft.CodeAnalysis.Analyzers.3.11.0/buildTransitive/config/analysislevelmicrosoftcodeanalysiscompatibility_3_3_4_none_warnaserror.globalconfig will be ignored.
Assets/Packages/Microsoft.CodeAnalysis.Analyzers.3.11.0/buildTransitive/config already contains a globalconfig file: Assets/Packages/Microsoft.CodeAnalysis.Analyzers.3.11.0/buildTransitive/config/analysislevelmicrosoftcodeanalysislocalization_3_recommended_warnaserror.globalconfig will be ignored.
Assets/Packages/Microsoft.CodeAnalysis.Analyzers.3.11.0/buildTransitive/config already contains a globalconfig file: Assets/Packages/Microsoft.CodeAnalysis.Analyzers.3.11.0/buildTransitive/config/analysislevelmicrosoftcodeanalysislocalization_3_3_4_recommended_warnaserror.globalconfig will be ignored.
Assets/Packages/Microsoft.CodeAnalysis.Analyzers.3.11.0/buildTransitive/config already contains a globalconfig file: Assets/Packages/Microsoft.CodeAnalysis.Analyzers.3.11.0/buildTransitive/config/analysislevelmicrosoftcodeanalysisreleasetracking_3_3_4_none.globalconfig will be ignored.
Assets/Packages/Microsoft.CodeAnalysis.Analyzers.3.11.0/buildTransitive/config already contains a globalconfig file: Assets/Packages/Microsoft.CodeAnalysis.Analyzers.3.11.0/buildTransitive/config/analysislevel_3_3_4_all.globalconfig will be ignored.
Assets/Packages/Microsoft.CodeAnalysis.Analyzers.3.11.0/buildTransitive/config already contains a globalconfig file: Assets/Packages/Microsoft.CodeAnalysis.Analyzers.3.11.0/buildTransitive/config/analysislevellibrary_3_none.globalconfig will be ignored.
Assets/Packages/Microsoft.CodeAnalysis.Analyzers.3.11.0/buildTransitive/config already contains a globalconfig file: Assets/Packages/Microsoft.CodeAnalysis.Analyzers.3.11.0/buildTransitive/config/analysislevelmicrosoftcodeanalysisperformance_3_recommended_warnaserror.globalconfig will be ignored.
Assets/Packages/Microsoft.CodeAnalysis.Analyzers.3.11.0/buildTransitive/config already contains a globalconfig file: Assets/Packages/Microsoft.CodeAnalysis.Analyzers.3.11.0/buildTransitive/config/analysislevelmicrosoftcodeanalysisdocumentation_3_3_minimum.globalconfig will be ignored.
Assets/Packages/Microsoft.CodeAnalysis.Analyzers.3.11.0/buildTransitive/config already contains a globalconfig file: Assets/Packages/Microsoft.CodeAnalysis.Analyzers.3.11.0/buildTransitive/config/analysislevelmicrosoftcodeanalysisdocumentation_2_9_8_none_warnaserror.globalconfig will be ignored.
Assets/Packages/Microsoft.CodeAnalysis.Analyzers.3.11.0/buildTransitive/config already contains a globalconfig file: Assets/Packages/Microsoft.CodeAnalysis.Analyzers.3.11.0/buildTransitive/config/analysislevel_3_3_recommended.globalconfig will be ignored.
Assets/Packages/Microsoft.CodeAnalysis.Analyzers.3.11.0/buildTransitive/config already contains a globalconfig file: Assets/Packages/Microsoft.CodeAnalysis.Analyzers.3.11.0/buildTransitive/config/analysislevelcorrectness_3_3_4_all_warnaserror.globalconfig will be ignored.
Assets/Packages/Microsoft.CodeAnalysis.Analyzers.3.11.0/buildTransitive/config already contains a globalconfig file: Assets/Packages/Microsoft.CodeAnalysis.Analyzers.3.11.0/buildTransitive/config/analysislevelmicrosoftcodeanalysisperformance_4_3_recommended.globalconfig will be ignored.
Assets/Packages/Microsoft.CodeAnalysis.Analyzers.3.11.0/buildTransitive/config already contains a globalconfig file: Assets/Packages/Microsoft.CodeAnalysis.Analyzers.3.11.0/buildTransitive/config/analysislevelmicrosoftcodeanalysiscompatibility_3_3_3_default_warnaserror.globalconfig will be ignored.
Assets/Packages/Microsoft.CodeAnalysis.Analyzers.3.11.0/buildTransitive/config already contains a globalconfig file: Assets/Packages/Microsoft.CodeAnalysis.Analyzers.3.11.0/buildTransitive/config/analysislevelmicrosoftcodeanalysisreleasetracking_3_3_recommended_warnaserror.globalconfig will be ignored.
Assets/Packages/Microsoft.CodeAnalysis.Analyzers.3.11.0/buildTransitive/config already contains a globalconfig file: Assets/Packages/Microsoft.CodeAnalysis.Analyzers.3.11.0/buildTransitive/config/analysislevelmicrosoftcodeanalysiscorrectness_4_3_minimum.globalconfig will be ignored.
Assets/Packages/Microsoft.CodeAnalysis.Analyzers.3.11.0/buildTransitive/config already contains a globalconfig file: Assets/Packages/Microsoft.CodeAnalysis.Analyzers.3.11.0/buildTransitive/config/analysislevelmicrosoftcodeanalysiscompatibility_3_3_none_warnaserror.globalconfig will be ignored.
Assets/Packages/Microsoft.CodeAnalysis.Analyzers.3.11.0/buildTransitive/config already contains a globalconfig file: Assets/Packages/Microsoft.CodeAnalysis.Analyzers.3.11.0/buildTransitive/config/analysislevellibrary_3_3_minimum_warnaserror.globalconfig will be ignored.
Assets/Packages/Microsoft.CodeAnalysis.Analyzers.3.11.0/buildTransitive/config already contains a globalconfig file: Assets/Packages/Microsoft.CodeAnalysis.Analyzers.3.11.0/buildTransitive/config/analysislevel_2_9_8_recommended_warnaserror.globalconfig will be ignored.
Assets/Packages/Microsoft.CodeAnalysis.Analyzers.3.11.0/buildTransitive/config already contains a globalconfig file: Assets/Packages/Microsoft.CodeAnalysis.Analyzers.3.11.0/buildTransitive/config/analysislevel_3_3_4_default_warnaserror.globalconfig will be ignored.
Assets/Packages/Microsoft.CodeAnalysis.Analyzers.3.11.0/buildTransitive/config already contains a globalconfig file: Assets/Packages/Microsoft.CodeAnalysis.Analyzers.3.11.0/buildTransitive/config/analysislevelmicrosoftcodeanalysisdocumentation_2_9_8_minimum.globalconfig will be ignored.
Assets/Packages/Microsoft.CodeAnalysis.Analyzers.3.11.0/buildTransitive/config already contains a globalconfig file: Assets/Packages/Microsoft.CodeAnalysis.Analyzers.3.11.0/buildTransitive/config/analysislevelmicrosoftcodeanalysiscompatibility_3_recommended_warnaserror.globalconfig will be ignored.
Assets/Packages/Microsoft.CodeAnalysis.Analyzers.3.11.0/buildTransitive/config already contains a globalconfig file: Assets/Packages/Microsoft.CodeAnalysis.Analyzers.3.11.0/buildTransitive/config/analysislevelcorrectness_4_3_minimum_warnaserror.globalconfig will be ignored.
Assets/Packages/Microsoft.CodeAnalysis.Analyzers.3.11.0/buildTransitive/config already contains a globalconfig file: Assets/Packages/Microsoft.CodeAnalysis.Analyzers.3.11.0/buildTransitive/config/analysislevellibrary_4_3_default.globalconfig will be ignored.
Assets/Packages/Microsoft.CodeAnalysis.Analyzers.3.11.0/buildTransitive/config already contains a globalconfig file: Assets/Packages/Microsoft.CodeAnalysis.Analyzers.3.11.0/buildTransitive/config/analysislevelmicrosoftcodeanalysiscompatibility_2_9_8_default.globalconfig will be ignored.
Assets/Packages/Microsoft.CodeAnalysis.Analyzers.3.11.0/buildTransitive/config already contains a globalconfig file: Assets/Packages/Microsoft.CodeAnalysis.Analyzers.3.11.0/buildTransitive/config/analysislevelmicrosoftcodeanalysiscorrectness_3_3_default_warnaserror.globalconfig will be ignored.
Assets/Packages/Microsoft.CodeAnalysis.Analyzers.3.11.0/buildTransitive/config already contains a globalconfig file: Assets/Packages/Microsoft.CodeAnalysis.Analyzers.3.11.0/buildTransitive/config/analysislevelmicrosoftcodeanalysisperformance_4_3_all.globalconfig will be ignored.
Assets/Packages/Microsoft.CodeAnalysis.Analyzers.3.11.0/buildTransitive/config already contains a globalconfig file: Assets/Packages/Microsoft.CodeAnalysis.Analyzers.3.11.0/buildTransitive/config/analysislevelmicrosoftcodeanalysiscompatibility_2_9_8_recommended_warnaserror.globalconfig will be ignored.
Assets/Packages/Microsoft.CodeAnalysis.Analyzers.3.11.0/buildTransitive/config already contains a globalconfig file: Assets/Packages/Microsoft.CodeAnalysis.Analyzers.3.11.0/buildTransitive/config/analysislevelmicrosoftcodeanalysiscompatibility_4_3_default.globalconfig will be ignored.
Assets/Packages/Microsoft.CodeAnalysis.Analyzers.3.11.0/buildTransitive/config already contains a globalconfig file: Assets/Packages/Microsoft.CodeAnalysis.Analyzers.3.11.0/buildTransitive/config/analysislevelmicrosoftcodeanalysisperformance_4_3_minimum.globalconfig will be ignored.
Assets/Packages/Microsoft.CodeAnalysis.Analyzers.3.11.0/buildTransitive/config already contains a globalconfig file: Assets/Packages/Microsoft.CodeAnalysis.Analyzers.3.11.0/buildTransitive/config/analysislevelmicrosoftcodeanalysislocalization_3_3_3_minimum.globalconfig will be ignored.
Assets/Packages/Microsoft.CodeAnalysis.Analyzers.3.11.0/buildTransitive/config already contains a globalconfig file: Assets/Packages/Microsoft.CodeAnalysis.Analyzers.3.11.0/buildTransitive/config/analysislevellibrary_3_minimum.globalconfig will be ignored.
Assets/Packages/Microsoft.CodeAnalysis.Analyzers.3.11.0/buildTransitive/config already contains a globalconfig file: Assets/Packages/Microsoft.CodeAnalysis.Analyzers.3.11.0/buildTransitive/config/analysislevelmicrosoftcodeanalysislocalization_4_3_all_warnaserror.globalconfig will be ignored.
Assets/Packages/Microsoft.CodeAnalysis.Analyzers.3.11.0/buildTransitive/config already contains a globalconfig file: Assets/Packages/Microsoft.CodeAnalysis.Analyzers.3.11.0/buildTransitive/config/analysislevelmicrosoftcodeanalysiscompatibility_2_9_8_minimum_warnaserror.globalconfig will be ignored.
Assets/Packages/Microsoft.CodeAnalysis.Analyzers.3.11.0/buildTransitive/config already contains a globalconfig file: Assets/Packages/Microsoft.CodeAnalysis.Analyzers.3.11.0/buildTransitive/config/analysislevel_3_3_none_warnaserror.globalconfig will be ignored.
Assets/Packages/Microsoft.CodeAnalysis.Analyzers.3.11.0/buildTransitive/config already contains a globalconfig file: Assets/Packages/Microsoft.CodeAnalysis.Analyzers.3.11.0/buildTransitive/config/analysislevelmicrosoftcodeanalysisperformance_3_minimum.globalconfig will be ignored.
Assets/Packages/Microsoft.CodeAnalysis.Analyzers.3.11.0/buildTransitive/config already contains a globalconfig file: Assets/Packages/Microsoft.CodeAnalysis.Analyzers.3.11.0/buildTransitive/config/analysislevelmicrosoftcodeanalysisdocumentation_4_3_none.globalconfig will be ignored.
Assets/Packages/Microsoft.CodeAnalysis.Analyzers.3.11.0/buildTransitive/config already contains a globalconfig file: Assets/Packages/Microsoft.CodeAnalysis.Analyzers.3.11.0/buildTransitive/config/analysislevelmicrosoftcodeanalysiscorrectness_3_3_4_recommended_warnaserror.globalconfig will be ignored.
Assets/Packages/Microsoft.CodeAnalysis.Analyzers.3.11.0/buildTransitive/config already contains a globalconfig file: Assets/Packages/Microsoft.CodeAnalysis.Analyzers.3.11.0/buildTransitive/config/analysislevelmicrosoftcodeanalysisreleasetracking_3_3_4_recommended.globalconfig will be ignored.
Assets/Packages/Microsoft.CodeAnalysis.Analyzers.3.11.0/buildTransitive/config already contains a globalconfig file: Assets/Packages/Microsoft.CodeAnalysis.Analyzers.3.11.0/buildTransitive/config/analysislevel_3_3_3_recommended.globalconfig will be ignored.
Assets/Packages/Microsoft.CodeAnalysis.Analyzers.3.11.0/buildTransitive/config already contains a globalconfig file: Assets/Packages/Microsoft.CodeAnalysis.Analyzers.3.11.0/buildTransitive/config/analysislevellibrary_3_3_4_all_warnaserror.globalconfig will be ignored.
Assets/Packages/Microsoft.CodeAnalysis.Analyzers.3.11.0/buildTransitive/config already contains a globalconfig file: Assets/Packages/Microsoft.CodeAnalysis.Analyzers.3.11.0/buildTransitive/config/analysislevellibrary_2_9_8_default.globalconfig will be ignored.
Assets/Packages/Microsoft.CodeAnalysis.Analyzers.3.11.0/buildTransitive/config already contains a globalconfig file: Assets/Packages/Microsoft.CodeAnalysis.Analyzers.3.11.0/buildTransitive/config/analysislevelcorrectness_3_none.globalconfig will be ignored.
Assets/Packages/Microsoft.CodeAnalysis.Analyzers.3.11.0/buildTransitive/config already contains a globalconfig file: Assets/Packages/Microsoft.CodeAnalysis.Analyzers.3.11.0/buildTransitive/config/analysislevelmicrosoftcodeanalysislocalization_3_3_4_all.globalconfig will be ignored.
Assets/Packages/Microsoft.CodeAnalysis.Analyzers.3.11.0/buildTransitive/config already contains a globalconfig file: Assets/Packages/Microsoft.CodeAnalysis.Analyzers.3.11.0/buildTransitive/config/analysislevelcorrectness_3_3_3_default_warnaserror.globalconfig will be ignored.
Assets/Packages/Microsoft.CodeAnalysis.Analyzers.3.11.0/buildTransitive/config already contains a globalconfig file: Assets/Packages/Microsoft.CodeAnalysis.Analyzers.3.11.0/buildTransitive/config/analysislevelmicrosoftcodeanalysisdesign_3_3_3_recommended.globalconfig will be ignored.
Assets/Packages/Microsoft.CodeAnalysis.Analyzers.3.11.0/buildTransitive/config already contains a globalconfig file: Assets/Packages/Microsoft.CodeAnalysis.Analyzers.3.11.0/buildTransitive/config/analysislevelmicrosoftcodeanalysisdocumentation_3_3_4_none_warnaserror.globalconfig will be ignored.
Assets/Packages/Microsoft.CodeAnalysis.Analyzers.3.11.0/buildTransitive/config already contains a globalconfig file: Assets/Packages/Microsoft.CodeAnalysis.Analyzers.3.11.0/buildTransitive/config/analysislevelmicrosoftcodeanalysisperformance_2_9_8_all_warnaserror.globalconfig will be ignored.
Assets/Packages/Microsoft.CodeAnalysis.Analyzers.3.11.0/buildTransitive/config already contains a globalconfig file: Assets/Packages/Microsoft.CodeAnalysis.Analyzers.3.11.0/buildTransitive/config/analysislevelmicrosoftcodeanalysisdocumentation_3_3_none_warnaserror.globalconfig will be ignored.
Assets/Packages/Microsoft.CodeAnalysis.Analyzers.3.11.0/buildTransitive/config already contains a globalconfig file: Assets/Packages/Microsoft.CodeAnalysis.Analyzers.3.11.0/buildTransitive/config/analysislevelcorrectness_4_3_default_warnaserror.globalconfig will be ignored.
Assets/Packages/Microsoft.CodeAnalysis.Analyzers.3.11.0/buildTransitive/config already contains a globalconfig file: Assets/Packages/Microsoft.CodeAnalysis.Analyzers.3.11.0/buildTransitive/config/analysislevelmicrosoftcodeanalysislocalization_3_3_3_none.globalconfig will be ignored.
Assets/Packages/Microsoft.CodeAnalysis.Analyzers.3.11.0/buildTransitive/config already contains a globalconfig file: Assets/Packages/Microsoft.CodeAnalysis.Analyzers.3.11.0/buildTransitive/config/analysislevel_3_none_warnaserror.globalconfig will be ignored.
Assets/Packages/Microsoft.CodeAnalysis.Analyzers.3.11.0/buildTransitive/config already contains a globalconfig file: Assets/Packages/Microsoft.CodeAnalysis.Analyzers.3.11.0/buildTransitive/config/analysislevelmicrosoftcodeanalysisreleasetracking_3_3_minimum_warnaserror.globalconfig will be ignored.
Assets/Packages/Microsoft.CodeAnalysis.Analyzers.3.11.0/buildTransitive/config already contains a globalconfig file: Assets/Packages/Microsoft.CodeAnalysis.Analyzers.3.11.0/buildTransitive/config/analysislevellibrary_4_3_all.globalconfig will be ignored.
Assets/Packages/Microsoft.CodeAnalysis.Analyzers.3.11.0/buildTransitive/config already contains a globalconfig file: Assets/Packages/Microsoft.CodeAnalysis.Analyzers.3.11.0/buildTransitive/config/analysislevelmicrosoftcodeanalysisdocumentation_2_9_8_recommended_warnaserror.globalconfig will be ignored.
Assets/Packages/Microsoft.CodeAnalysis.Analyzers.3.11.0/buildTransitive/config already contains a globalconfig file: Assets/Packages/Microsoft.CodeAnalysis.Analyzers.3.11.0/buildTransitive/config/analysislevelmicrosoftcodeanalysisperformance_3_3_3_all_warnaserror.globalconfig will be ignored.
Assets/Packages/Microsoft.CodeAnalysis.Analyzers.3.11.0/buildTransitive/config already contains a globalconfig file: Assets/Packages/Microsoft.CodeAnalysis.Analyzers.3.11.0/buildTransitive/config/analysislevelmicrosoftcodeanalysiscompatibility_3_all_warnaserror.globalconfig will be ignored.
Assets/Packages/Microsoft.CodeAnalysis.Analyzers.3.11.0/buildTransitive/config already contains a globalconfig file: Assets/Packages/Microsoft.CodeAnalysis.Analyzers.3.11.0/buildTransitive/config/analysislevelmicrosoftcodeanalysisperformance_3_3_4_minimum.globalconfig will be ignored.
Assets/Packages/Microsoft.CodeAnalysis.Analyzers.3.11.0/buildTransitive/config already contains a globalconfig file: Assets/Packages/Microsoft.CodeAnalysis.Analyzers.3.11.0/buildTransitive/config/analysislevellibrary_3_3_none_warnaserror.globalconfig will be ignored.
Assets/Packages/Microsoft.CodeAnalysis.Analyzers.3.11.0/buildTransitive/config already contains a globalconfig file: Assets/Packages/Microsoft.CodeAnalysis.Analyzers.3.11.0/buildTransitive/config/analysislevelmicrosoftcodeanalysiscorrectness_3_3_3_minimum.globalconfig will be ignored.
Assets/Packages/Microsoft.CodeAnalysis.Analyzers.3.11.0/buildTransitive/config already contains a globalconfig file: Assets/Packages/Microsoft.CodeAnalysis.Analyzers.3.11.0/buildTransitive/config/analysislevelcorrectness_2_9_8_all.globalconfig will be ignored.
Assets/Packages/Microsoft.CodeAnalysis.Analyzers.3.11.0/buildTransitive/config already contains a globalconfig file: Assets/Packages/Microsoft.CodeAnalysis.Analyzers.3.11.0/buildTransitive/config/analysislevelmicrosoftcodeanalysiscorrectness_3_none_warnaserror.globalconfig will be ignored.
Assets/Packages/Microsoft.CodeAnalysis.Analyzers.3.11.0/buildTransitive/config already contains a globalconfig file: Assets/Packages/Microsoft.CodeAnalysis.Analyzers.3.11.0/buildTransitive/config/analysislevelmicrosoftcodeanalysisdesign_2_9_8_minimum_warnaserror.globalconfig will be ignored.
Assets/Packages/Microsoft.CodeAnalysis.Analyzers.3.11.0/buildTransitive/config already contains a globalconfig file: Assets/Packages/Microsoft.CodeAnalysis.Analyzers.3.11.0/buildTransitive/config/analysislevelmicrosoftcodeanalysislocalization_2_9_8_none_warnaserror.globalconfig will be ignored.
Assets/Packages/Microsoft.CodeAnalysis.Analyzers.3.11.0/buildTransitive/config already contains a globalconfig file: Assets/Packages/Microsoft.CodeAnalysis.Analyzers.3.11.0/buildTransitive/config/analysislevellibrary_3_3_3_default_warnaserror.globalconfig will be ignored.
Assets/Packages/Microsoft.CodeAnalysis.Analyzers.3.11.0/buildTransitive/config already contains a globalconfig file: Assets/Packages/Microsoft.CodeAnalysis.Analyzers.3.11.0/buildTransitive/config/analysislevelmicrosoftcodeanalysisdocumentation_3_minimum_warnaserror.globalconfig will be ignored.
Assets/Packages/Microsoft.CodeAnalysis.Analyzers.3.11.0/buildTransitive/config already contains a globalconfig file: Assets/Packages/Microsoft.CodeAnalysis.Analyzers.3.11.0/buildTransitive/config/analysislevelcorrectness_3_3_3_recommended.globalconfig will be ignored.
Assets/Packages/Microsoft.CodeAnalysis.Analyzers.3.11.0/buildTransitive/config already contains a globalconfig file: Assets/Packages/Microsoft.CodeAnalysis.Analyzers.3.11.0/buildTransitive/config/analysislevelmicrosoftcodeanalysislocalization_3_3_none_warnaserror.globalconfig will be ignored.
Assets/Packages/Microsoft.CodeAnalysis.Analyzers.3.11.0/buildTransitive/config already contains a globalconfig file: Assets/Packages/Microsoft.CodeAnalysis.Analyzers.3.11.0/buildTransitive/config/analysislevelmicrosoftcodeanalysislocalization_2_9_8_recommended_warnaserror.globalconfig will be ignored.
Assets/Packages/Microsoft.CodeAnalysis.Analyzers.3.11.0/buildTransitive/config already contains a globalconfig file: Assets/Packages/Microsoft.CodeAnalysis.Analyzers.3.11.0/buildTransitive/config/analysislevelmicrosoftcodeanalysislocalization_3_3_none.globalconfig will be ignored.
Assets/Packages/Microsoft.CodeAnalysis.Analyzers.3.11.0/buildTransitive/config already contains a globalconfig file: Assets/Packages/Microsoft.CodeAnalysis.Analyzers.3.11.0/buildTransitive/config/analysislevelmicrosoftcodeanalysiscorrectness_3_default.globalconfig will be ignored.
Assets/Packages/Microsoft.CodeAnalysis.Analyzers.3.11.0/buildTransitive/config already contains a globalconfig file: Assets/Packages/Microsoft.CodeAnalysis.Analyzers.3.11.0/buildTransitive/config/analysislevelmicrosoftcodeanalysiscompatibility_4_3_minimum.globalconfig will be ignored.
Assets/Packages/Microsoft.CodeAnalysis.Analyzers.3.11.0/buildTransitive/config already contains a globalconfig file: Assets/Packages/Microsoft.CodeAnalysis.Analyzers.3.11.0/buildTransitive/config/analysislevelmicrosoftcodeanalysisreleasetracking_3_3_3_none.globalconfig will be ignored.
Assets/Packages/Microsoft.CodeAnalysis.Analyzers.3.11.0/buildTransitive/config already contains a globalconfig file: Assets/Packages/Microsoft.CodeAnalysis.Analyzers.3.11.0/buildTransitive/config/analysislevellibrary_3_none_warnaserror.globalconfig will be ignored.
Assets/Packages/Microsoft.CodeAnalysis.Analyzers.3.11.0/buildTransitive/config already contains a globalconfig file: Assets/Packages/Microsoft.CodeAnalysis.Analyzers.3.11.0/buildTransitive/config/analysislevel_3_recommended_warnaserror.globalconfig will be ignored.
Assets/Packages/Microsoft.CodeAnalysis.Analyzers.3.11.0/buildTransitive/config already contains a globalconfig file: Assets/Packages/Microsoft.CodeAnalysis.Analyzers.3.11.0/buildTransitive/config/analysislevelmicrosoftcodeanalysiscompatibility_3_3_3_recommended_warnaserror.globalconfig will be ignored.
Assets/Packages/Microsoft.CodeAnalysis.Analyzers.3.11.0/buildTransitive/config already contains a globalconfig file: Assets/Packages/Microsoft.CodeAnalysis.Analyzers.3.11.0/buildTransitive/config/analysislevelmicrosoftcodeanalysislocalization_3_3_default_warnaserror.globalconfig will be ignored.
Assets/Packages/Microsoft.CodeAnalysis.Analyzers.3.11.0/buildTransitive/config already contains a globalconfig file: Assets/Packages/Microsoft.CodeAnalysis.Analyzers.3.11.0/buildTransitive/config/analysislevelmicrosoftcodeanalysisreleasetracking_3_3_3_minimum_warnaserror.globalconfig will be ignored.
Assets/Packages/Microsoft.CodeAnalysis.Analyzers.3.11.0/buildTransitive/config already contains a globalconfig file: Assets/Packages/Microsoft.CodeAnalysis.Analyzers.3.11.0/buildTransitive/config/analysislevelmicrosoftcodeanalysiscorrectness_2_9_8_all.globalconfig will be ignored.
Assets/Packages/Microsoft.CodeAnalysis.Analyzers.3.11.0/buildTransitive/config already contains a globalconfig file: Assets/Packages/Microsoft.CodeAnalysis.Analyzers.3.11.0/buildTransitive/config/analysislevelmicrosoftcodeanalysisperformance_3_3_all_warnaserror.globalconfig will be ignored.
Assets/Packages/Microsoft.CodeAnalysis.Analyzers.3.11.0/buildTransitive/config already contains a globalconfig file: Assets/Packages/Microsoft.CodeAnalysis.Analyzers.3.11.0/buildTransitive/config/analysislevelmicrosoftcodeanalysisperformance_3_3_4_none_warnaserror.globalconfig will be ignored.
Assets/Packages/Microsoft.CodeAnalysis.Analyzers.3.11.0/buildTransitive/config already contains a globalconfig file: Assets/Packages/Microsoft.CodeAnalysis.Analyzers.3.11.0/buildTransitive/config/analysislevelmicrosoftcodeanalysisreleasetracking_2_9_8_minimum.globalconfig will be ignored.
Assets/Packages/Microsoft.CodeAnalysis.Analyzers.3.11.0/buildTransitive/config already contains a globalconfig file: Assets/Packages/Microsoft.CodeAnalysis.Analyzers.3.11.0/buildTransitive/config/analysislevelmicrosoftcodeanalysisperformance_3_default.globalconfig will be ignored.
Assets/Packages/Microsoft.CodeAnalysis.Analyzers.3.11.0/buildTransitive/config already contains a globalconfig file: Assets/Packages/Microsoft.CodeAnalysis.Analyzers.3.11.0/buildTransitive/config/analysislevelcorrectness_4_3_all_warnaserror.globalconfig will be ignored.
Assets/Packages/Microsoft.CodeAnalysis.Analyzers.3.11.0/buildTransitive/config already contains a globalconfig file: Assets/Packages/Microsoft.CodeAnalysis.Analyzers.3.11.0/buildTransitive/config/analysislevelmicrosoftcodeanalysiscompatibility_3_3_4_recommended_warnaserror.globalconfig will be ignored.
Assets/Packages/Microsoft.CodeAnalysis.Analyzers.3.11.0/buildTransitive/config already contains a globalconfig file: Assets/Packages/Microsoft.CodeAnalysis.Analyzers.3.11.0/buildTransitive/config/analysislevelmicrosoftcodeanalysisdocumentation_2_9_8_recommended.globalconfig will be ignored.
Assets/Packages/Microsoft.CodeAnalysis.Analyzers.3.11.0/buildTransitive/config already contains a globalconfig file: Assets/Packages/Microsoft.CodeAnalysis.Analyzers.3.11.0/buildTransitive/config/analysislevellibrary_4_3_none_warnaserror.globalconfig will be ignored.
Assets/Packages/Microsoft.CodeAnalysis.Analyzers.3.11.0/buildTransitive/config already contains a globalconfig file: Assets/Packages/Microsoft.CodeAnalysis.Analyzers.3.11.0/buildTransitive/config/analysislevelmicrosoftcodeanalysisreleasetracking_3_3_4_all.globalconfig will be ignored.
Assets/Packages/Microsoft.CodeAnalysis.Analyzers.3.11.0/buildTransitive/config already contains a globalconfig file: Assets/Packages/Microsoft.CodeAnalysis.Analyzers.3.11.0/buildTransitive/config/analysislevelmicrosoftcodeanalysisperformance_3_none_warnaserror.globalconfig will be ignored.
Assets/Packages/Microsoft.CodeAnalysis.Analyzers.3.11.0/buildTransitive/config already contains a globalconfig file: Assets/Packages/Microsoft.CodeAnalysis.Analyzers.3.11.0/buildTransitive/config/analysislevelmicrosoftcodeanalysisdesign_2_9_8_all_warnaserror.globalconfig will be ignored.
Assets/Packages/Microsoft.CodeAnalysis.Analyzers.3.11.0/buildTransitive/config already contains a globalconfig file: Assets/Packages/Microsoft.CodeAnalysis.Analyzers.3.11.0/buildTransitive/config/analysislevelmicrosoftcodeanalysisperformance_3_3_default_warnaserror.globalconfig will be ignored.
Assets/Packages/Microsoft.CodeAnalysis.Analyzers.3.11.0/buildTransitive/config already contains a globalconfig file: Assets/Packages/Microsoft.CodeAnalysis.Analyzers.3.11.0/buildTransitive/config/analysislevelmicrosoftcodeanalysiscompatibility_3_default.globalconfig will be ignored.
Assets/Packages/Microsoft.CodeAnalysis.Analyzers.3.11.0/buildTransitive/config already contains a globalconfig file: Assets/Packages/Microsoft.CodeAnalysis.Analyzers.3.11.0/buildTransitive/config/analysislevelmicrosoftcodeanalysisdesign_3_3_3_default.globalconfig will be ignored.
Assets/Packages/Microsoft.CodeAnalysis.Analyzers.3.11.0/buildTransitive/config already contains a globalconfig file: Assets/Packages/Microsoft.CodeAnalysis.Analyzers.3.11.0/buildTransitive/config/analysislevelmicrosoftcodeanalysisperformance_3_3_3_minimum.globalconfig will be ignored.
Assets/Packages/Microsoft.CodeAnalysis.Analyzers.3.11.0/buildTransitive/config already contains a globalconfig file: Assets/Packages/Microsoft.CodeAnalysis.Analyzers.3.11.0/buildTransitive/config/analysislevel_3_3_4_recommended.globalconfig will be ignored.
Assets/Packages/Microsoft.CodeAnalysis.Analyzers.3.11.0/buildTransitive/config already contains a globalconfig file: Assets/Packages/Microsoft.CodeAnalysis.Analyzers.3.11.0/buildTransitive/config/analysislevelmicrosoftcodeanalysisperformance_3_3_3_default_warnaserror.globalconfig will be ignored.
Assets/Packages/Microsoft.CodeAnalysis.Analyzers.3.11.0/buildTransitive/config already contains a globalconfig file: Assets/Packages/Microsoft.CodeAnalysis.Analyzers.3.11.0/buildTransitive/config/analysislevelmicrosoftcodeanalysisdocumentation_4_3_default.globalconfig will be ignored.
Assets/Packages/Microsoft.CodeAnalysis.Analyzers.3.11.0/buildTransitive/config already contains a globalconfig file: Assets/Packages/Microsoft.CodeAnalysis.Analyzers.3.11.0/buildTransitive/config/analysislevelmicrosoftcodeanalysisdocumentation_3_3_3_default.globalconfig will be ignored.
Assets/Packages/Microsoft.CodeAnalysis.Analyzers.3.11.0/buildTransitive/config already contains a globalconfig file: Assets/Packages/Microsoft.CodeAnalysis.Analyzers.3.11.0/buildTransitive/config/analysislevelmicrosoftcodeanalysiscorrectness_3_3_all.globalconfig will be ignored.
Assets/Packages/Microsoft.CodeAnalysis.Analyzers.3.11.0/buildTransitive/config already contains a globalconfig file: Assets/Packages/Microsoft.CodeAnalysis.Analyzers.3.11.0/buildTransitive/config/analysislevelmicrosoftcodeanalysisreleasetracking_3_none_warnaserror.globalconfig will be ignored.
Assets/Packages/Microsoft.CodeAnalysis.Analyzers.3.11.0/buildTransitive/config already contains a globalconfig file: Assets/Packages/Microsoft.CodeAnalysis.Analyzers.3.11.0/buildTransitive/config/analysislevelcorrectness_2_9_8_recommended.globalconfig will be ignored.
Assets/Packages/Microsoft.CodeAnalysis.Analyzers.3.11.0/buildTransitive/config already contains a globalconfig file: Assets/Packages/Microsoft.CodeAnalysis.Analyzers.3.11.0/buildTransitive/config/analysislevelmicrosoftcodeanalysiscorrectness_3_3_3_all.globalconfig will be ignored.
Assets/Packages/Microsoft.CodeAnalysis.Analyzers.3.11.0/buildTransitive/config already contains a globalconfig file: Assets/Packages/Microsoft.CodeAnalysis.Analyzers.3.11.0/buildTransitive/config/analysislevelmicrosoftcodeanalysisdesign_4_3_none_warnaserror.globalconfig will be ignored.
Assets/Packages/Microsoft.CodeAnalysis.Analyzers.3.11.0/buildTransitive/config already contains a globalconfig file: Assets/Packages/Microsoft.CodeAnalysis.Analyzers.3.11.0/buildTransitive/config/analysislevelmicrosoftcodeanalysisperformance_3_3_4_minimum_warnaserror.globalconfig will be ignored.
Assets/Packages/Microsoft.CodeAnalysis.Analyzers.3.11.0/buildTransitive/config already contains a globalconfig file: Assets/Packages/Microsoft.CodeAnalysis.Analyzers.3.11.0/buildTransitive/config/analysislevelmicrosoftcodeanalysisdocumentation_3_all.globalconfig will be ignored.
Assets/Packages/Microsoft.CodeAnalysis.Analyzers.3.11.0/buildTransitive/config already contains a globalconfig file: Assets/Packages/Microsoft.CodeAnalysis.Analyzers.3.11.0/buildTransitive/config/analysislevelmicrosoftcodeanalysisdesign_3_3_3_none_warnaserror.globalconfig will be ignored.
Assets/Packages/Microsoft.CodeAnalysis.Analyzers.3.11.0/buildTransitive/config already contains a globalconfig file: Assets/Packages/Microsoft.CodeAnalysis.Analyzers.3.11.0/buildTransitive/config/analysislevelmicrosoftcodeanalysiscorrectness_3_recommended_warnaserror.globalconfig will be ignored.
Assets/Packages/Microsoft.CodeAnalysis.Analyzers.3.11.0/buildTransitive/config already contains a globalconfig file: Assets/Packages/Microsoft.CodeAnalysis.Analyzers.3.11.0/buildTransitive/config/analysislevelmicrosoftcodeanalysisreleasetracking_3_3_3_none_warnaserror.globalconfig will be ignored.
Assets/Packages/Microsoft.CodeAnalysis.Analyzers.3.11.0/buildTransitive/config already contains a globalconfig file: Assets/Packages/Microsoft.CodeAnalysis.Analyzers.3.11.0/buildTransitive/config/analysislevellibrary_2_9_8_minimum_warnaserror.globalconfig will be ignored.
Assets/Packages/Microsoft.CodeAnalysis.Analyzers.3.11.0/buildTransitive/config already contains a globalconfig file: Assets/Packages/Microsoft.CodeAnalysis.Analyzers.3.11.0/buildTransitive/config/analysislevel_3_3_all.globalconfig will be ignored.
Assets/Packages/Microsoft.CodeAnalysis.Analyzers.3.11.0/buildTransitive/config already contains a globalconfig file: Assets/Packages/Microsoft.CodeAnalysis.Analyzers.3.11.0/buildTransitive/config/analysislevelmicrosoftcodeanalysisreleasetracking_3_3_4_all_warnaserror.globalconfig will be ignored.
Assets/Packages/Microsoft.CodeAnalysis.Analyzers.3.11.0/buildTransitive/config already contains a globalconfig file: Assets/Packages/Microsoft.CodeAnalysis.Analyzers.3.11.0/buildTransitive/config/analysislevelmicrosoftcodeanalysisperformance_2_9_8_none.globalconfig will be ignored.
Assets/Packages/Microsoft.CodeAnalysis.Analyzers.3.11.0/buildTransitive/config already contains a globalconfig file: Assets/Packages/Microsoft.CodeAnalysis.Analyzers.3.11.0/buildTransitive/config/analysislevelmicrosoftcodeanalysiscorrectness_3_none.globalconfig will be ignored.
Assets/Packages/Microsoft.CodeAnalysis.Analyzers.3.11.0/buildTransitive/config already contains a globalconfig file: Assets/Packages/Microsoft.CodeAnalysis.Analyzers.3.11.0/buildTransitive/config/analysislevelmicrosoftcodeanalysislocalization_3_3_recommended_warnaserror.globalconfig will be ignored.
Assets/Packages/Microsoft.CodeAnalysis.Analyzers.3.11.0/buildTransitive/config already contains a globalconfig file: Assets/Packages/Microsoft.CodeAnalysis.Analyzers.3.11.0/buildTransitive/config/analysislevelmicrosoftcodeanalysiscompatibility_3_3_minimum.globalconfig will be ignored.
Assets/Packages/Microsoft.CodeAnalysis.Analyzers.3.11.0/buildTransitive/config already contains a globalconfig file: Assets/Packages/Microsoft.CodeAnalysis.Analyzers.3.11.0/buildTransitive/config/analysislevelmicrosoftcodeanalysisreleasetracking_2_9_8_recommended.globalconfig will be ignored.
Assets/Packages/Microsoft.CodeAnalysis.Analyzers.3.11.0/buildTransitive/config already contains a globalconfig file: Assets/Packages/Microsoft.CodeAnalysis.Analyzers.3.11.0/buildTransitive/config/analysislevelmicrosoftcodeanalysisdocumentation_3_3_3_minimum_warnaserror.globalconfig will be ignored.
Assets/Packages/Microsoft.CodeAnalysis.Analyzers.3.11.0/buildTransitive/config already contains a globalconfig file: Assets/Packages/Microsoft.CodeAnalysis.Analyzers.3.11.0/buildTransitive/config/analysislevelmicrosoftcodeanalysisreleasetracking_3_3_default_warnaserror.globalconfig will be ignored.
Assets/Packages/Microsoft.CodeAnalysis.Analyzers.3.11.0/buildTransitive/config already contains a globalconfig file: Assets/Packages/Microsoft.CodeAnalysis.Analyzers.3.11.0/buildTransitive/config/analysislevelmicrosoftcodeanalysisreleasetracking_3_minimum_warnaserror.globalconfig will be ignored.
Assets/Packages/Microsoft.CodeAnalysis.Analyzers.3.11.0/buildTransitive/config already contains a globalconfig file: Assets/Packages/Microsoft.CodeAnalysis.Analyzers.3.11.0/buildTransitive/config/analysislevelmicrosoftcodeanalysisdocumentation_2_9_8_default_warnaserror.globalconfig will be ignored.
Assets/Packages/Microsoft.CodeAnalysis.Analyzers.3.11.0/buildTransitive/config already contains a globalconfig file: Assets/Packages/Microsoft.CodeAnalysis.Analyzers.3.11.0/buildTransitive/config/analysislevel_4_3_minimum_warnaserror.globalconfig will be ignored.
Assets/Packages/Microsoft.CodeAnalysis.Analyzers.3.11.0/buildTransitive/config already contains a globalconfig file: Assets/Packages/Microsoft.CodeAnalysis.Analyzers.3.11.0/buildTransitive/config/analysislevel_3_3_3_none.globalconfig will be ignored.
Assets/Packages/Microsoft.CodeAnalysis.Analyzers.3.11.0/buildTransitive/config already contains a globalconfig file: Assets/Packages/Microsoft.CodeAnalysis.Analyzers.3.11.0/buildTransitive/config/analysislevelmicrosoftcodeanalysiscompatibility_3_recommended.globalconfig will be ignored.
Assets/Packages/Microsoft.CodeAnalysis.Analyzers.3.11.0/buildTransitive/config already contains a globalconfig file: Assets/Packages/Microsoft.CodeAnalysis.Analyzers.3.11.0/buildTransitive/config/analysislevelmicrosoftcodeanalysiscompatibility_3_default_warnaserror.globalconfig will be ignored.
Assets/Packages/Microsoft.CodeAnalysis.Analyzers.3.11.0/buildTransitive/config already contains a globalconfig file: Assets/Packages/Microsoft.CodeAnalysis.Analyzers.3.11.0/buildTransitive/config/analysislevel_4_3_none.globalconfig will be ignored.
Assets/Packages/Microsoft.CodeAnalysis.Analyzers.3.11.0/buildTransitive/config already contains a globalconfig file: Assets/Packages/Microsoft.CodeAnalysis.Analyzers.3.11.0/buildTransitive/config/analysislevelmicrosoftcodeanalysisreleasetracking_3_minimum.globalconfig will be ignored.
Assets/Packages/Microsoft.CodeAnalysis.Analyzers.3.11.0/buildTransitive/config already contains a globalconfig file: Assets/Packages/Microsoft.CodeAnalysis.Analyzers.3.11.0/buildTransitive/config/analysislevelmicrosoftcodeanalysisdocumentation_3_minimum.globalconfig will be ignored.
Assets/Packages/Microsoft.CodeAnalysis.Analyzers.3.11.0/buildTransitive/config already contains a globalconfig file: Assets/Packages/Microsoft.CodeAnalysis.Analyzers.3.11.0/buildTransitive/config/analysislevelmicrosoftcodeanalysisperformance_3_none.globalconfig will be ignored.
Assets/Packages/Microsoft.CodeAnalysis.Analyzers.3.11.0/buildTransitive/config already contains a globalconfig file: Assets/Packages/Microsoft.CodeAnalysis.Analyzers.3.11.0/buildTransitive/config/analysislevelmicrosoftcodeanalysisdocumentation_3_all_warnaserror.globalconfig will be ignored.
Assets/Packages/Microsoft.CodeAnalysis.Analyzers.3.11.0/buildTransitive/config already contains a globalconfig file: Assets/Packages/Microsoft.CodeAnalysis.Analyzers.3.11.0/buildTransitive/config/analysislevelcorrectness_3_3_3_none_warnaserror.globalconfig will be ignored.
Assets/Packages/Microsoft.CodeAnalysis.Analyzers.3.11.0/buildTransitive/config already contains a globalconfig file: Assets/Packages/Microsoft.CodeAnalysis.Analyzers.3.11.0/buildTransitive/config/analysislevelmicrosoftcodeanalysiscorrectness_3_3_4_recommended.globalconfig will be ignored.
Assets/Packages/Microsoft.CodeAnalysis.Analyzers.3.11.0/buildTransitive/config already contains a globalconfig file: Assets/Packages/Microsoft.CodeAnalysis.Analyzers.3.11.0/buildTransitive/config/analysislevellibrary_2_9_8_all.globalconfig will be ignored.
Assets/Packages/Microsoft.CodeAnalysis.Analyzers.3.11.0/buildTransitive/config already contains a globalconfig file: Assets/Packages/Microsoft.CodeAnalysis.Analyzers.3.11.0/buildTransitive/config/analysislevelcorrectness_3_3_4_minimum.globalconfig will be ignored.
Assets/Packages/Microsoft.CodeAnalysis.Analyzers.3.11.0/buildTransitive/config already contains a globalconfig file: Assets/Packages/Microsoft.CodeAnalysis.Analyzers.3.11.0/buildTransitive/config/analysislevel_2_9_8_none.globalconfig will be ignored.
Assets/Packages/Microsoft.CodeAnalysis.Analyzers.3.11.0/buildTransitive/config already contains a globalconfig file: Assets/Packages/Microsoft.CodeAnalysis.Analyzers.3.11.0/buildTransitive/config/analysislevellibrary_2_9_8_all_warnaserror.globalconfig will be ignored.
Assets/Packages/Microsoft.CodeAnalysis.Analyzers.3.11.0/buildTransitive/config already contains a globalconfig file: Assets/Packages/Microsoft.CodeAnalysis.Analyzers.3.11.0/buildTransitive/config/analysislevelcorrectness_3_3_none.globalconfig will be ignored.
Assets/Packages/Microsoft.CodeAnalysis.Analyzers.3.11.0/buildTransitive/config already contains a globalconfig file: Assets/Packages/Microsoft.CodeAnalysis.Analyzers.3.11.0/buildTransitive/config/analysislevelmicrosoftcodeanalysiscompatibility_3_3_recommended_warnaserror.globalconfig will be ignored.
Assets/Packages/Microsoft.CodeAnalysis.Analyzers.3.11.0/buildTransitive/config already contains a globalconfig file: Assets/Packages/Microsoft.CodeAnalysis.Analyzers.3.11.0/buildTransitive/config/analysislevelmicrosoftcodeanalysiscompatibility_4_3_default_warnaserror.globalconfig will be ignored.
Assets/Packages/Microsoft.CodeAnalysis.Analyzers.3.11.0/buildTransitive/config already contains a globalconfig file: Assets/Packages/Microsoft.CodeAnalysis.Analyzers.3.11.0/buildTransitive/config/analysislevellibrary_3_all_warnaserror.globalconfig will be ignored.
Assets/Packages/Microsoft.CodeAnalysis.Analyzers.3.11.0/buildTransitive/config already contains a globalconfig file: Assets/Packages/Microsoft.CodeAnalysis.Analyzers.3.11.0/buildTransitive/config/analysislevelmicrosoftcodeanalysisdesign_4_3_recommended_warnaserror.globalconfig will be ignored.
Assets/Packages/Microsoft.CodeAnalysis.Analyzers.3.11.0/buildTransitive/config already contains a globalconfig file: Assets/Packages/Microsoft.CodeAnalysis.Analyzers.3.11.0/buildTransitive/config/analysislevelcorrectness_2_9_8_minimum.globalconfig will be ignored.
Assets/Packages/Microsoft.CodeAnalysis.Analyzers.3.11.0/buildTransitive/config already contains a globalconfig file: Assets/Packages/Microsoft.CodeAnalysis.Analyzers.3.11.0/buildTransitive/config/analysislevellibrary_3_3_recommended.globalconfig will be ignored.
Assets/Packages/Microsoft.CodeAnalysis.Analyzers.3.11.0/buildTransitive/config already contains a globalconfig file: Assets/Packages/Microsoft.CodeAnalysis.Analyzers.3.11.0/buildTransitive/config/analysislevelmicrosoftcodeanalysiscorrectness_3_3_recommended_warnaserror.globalconfig will be ignored.
Assets/Packages/Microsoft.CodeAnalysis.Analyzers.3.11.0/buildTransitive/config already contains a globalconfig file: Assets/Packages/Microsoft.CodeAnalysis.Analyzers.3.11.0/buildTransitive/config/analysislevelmicrosoftcodeanalysisdesign_3_3_all.globalconfig will be ignored.
Assets/Packages/Microsoft.CodeAnalysis.Analyzers.3.11.0/buildTransitive/config already contains a globalconfig file: Assets/Packages/Microsoft.CodeAnalysis.Analyzers.3.11.0/buildTransitive/config/analysislevelmicrosoftcodeanalysisdocumentation_3_3_none.globalconfig will be ignored.
Assets/Packages/Microsoft.CodeAnalysis.Analyzers.3.11.0/buildTransitive/config already contains a globalconfig file: Assets/Packages/Microsoft.CodeAnalysis.Analyzers.3.11.0/buildTransitive/config/analysislevel_3_3_all_warnaserror.globalconfig will be ignored.
Assets/Packages/Microsoft.CodeAnalysis.Analyzers.3.11.0/buildTransitive/config already contains a globalconfig file: Assets/Packages/Microsoft.CodeAnalysis.Analyzers.3.11.0/buildTransitive/config/analysislevelmicrosoftcodeanalysiscorrectness_3_3_minimum_warnaserror.globalconfig will be ignored.
Assets/Packages/Microsoft.CodeAnalysis.Analyzers.3.11.0/buildTransitive/config already contains a globalconfig file: Assets/Packages/Microsoft.CodeAnalysis.Analyzers.3.11.0/buildTransitive/config/analysislevelmicrosoftcodeanalysisdocumentation_3_3_3_recommended_warnaserror.globalconfig will be ignored.
Assets/Packages/Microsoft.CodeAnalysis.Analyzers.3.11.0/buildTransitive/config already contains a globalconfig file: Assets/Packages/Microsoft.CodeAnalysis.Analyzers.3.11.0/buildTransitive/config/analysislevelmicrosoftcodeanalysislocalization_4_3_default_warnaserror.globalconfig will be ignored.
Assets/Packages/Microsoft.CodeAnalysis.Analyzers.3.11.0/buildTransitive/config already contains a globalconfig file: Assets/Packages/Microsoft.CodeAnalysis.Analyzers.3.11.0/buildTransitive/config/analysislevellibrary_2_9_8_none_warnaserror.globalconfig will be ignored.
Assets/Packages/Microsoft.CodeAnalysis.Analyzers.3.11.0/buildTransitive/config already contains a globalconfig file: Assets/Packages/Microsoft.CodeAnalysis.Analyzers.3.11.0/buildTransitive/config/analysislevelmicrosoftcodeanalysisreleasetracking_3_3_3_all.globalconfig will be ignored.
Assets/Packages/Microsoft.CodeAnalysis.Analyzers.3.11.0/buildTransitive/config already contains a globalconfig file: Assets/Packages/Microsoft.CodeAnalysis.Analyzers.3.11.0/buildTransitive/config/analysislevelcorrectness_3_default_warnaserror.globalconfig will be ignored.
Assets/Packages/Microsoft.CodeAnalysis.Analyzers.3.11.0/buildTransitive/config already contains a globalconfig file: Assets/Packages/Microsoft.CodeAnalysis.Analyzers.3.11.0/buildTransitive/config/analysislevelmicrosoftcodeanalysisreleasetracking_4_3_minimum.globalconfig will be ignored.
Assets/Packages/Microsoft.CodeAnalysis.Analyzers.3.11.0/buildTransitive/config already contains a globalconfig file: Assets/Packages/Microsoft.CodeAnalysis.Analyzers.3.11.0/buildTransitive/config/analysislevelmicrosoftcodeanalysisdesign_2_9_8_minimum.globalconfig will be ignored.
Assets/Packages/Microsoft.CodeAnalysis.Analyzers.3.11.0/buildTransitive/config already contains a globalconfig file: Assets/Packages/Microsoft.CodeAnalysis.Analyzers.3.11.0/buildTransitive/config/analysislevelmicrosoftcodeanalysisdocumentation_4_3_none_warnaserror.globalconfig will be ignored.
Assets/Packages/Microsoft.CodeAnalysis.Analyzers.3.11.0/buildTransitive/config already contains a globalconfig file: Assets/Packages/Microsoft.CodeAnalysis.Analyzers.3.11.0/buildTransitive/config/analysislevelmicrosoftcodeanalysiscompatibility_4_3_all_warnaserror.globalconfig will be ignored.
Assets/Packages/Microsoft.CodeAnalysis.Analyzers.3.11.0/buildTransitive/config already contains a globalconfig file: Assets/Packages/Microsoft.CodeAnalysis.Analyzers.3.11.0/buildTransitive/config/analysislevellibrary_3_3_minimum.globalconfig will be ignored.
Assets/Packages/Microsoft.CodeAnalysis.Analyzers.3.11.0/buildTransitive/config already contains a globalconfig file: Assets/Packages/Microsoft.CodeAnalysis.Analyzers.3.11.0/buildTransitive/config/analysislevelmicrosoftcodeanalysisdesign_3_3_3_all_warnaserror.globalconfig will be ignored.
Assets/Packages/Microsoft.CodeAnalysis.Analyzers.3.11.0/buildTransitive/config already contains a globalconfig file: Assets/Packages/Microsoft.CodeAnalysis.Analyzers.3.11.0/buildTransitive/config/analysislevelmicrosoftcodeanalysisdesign_3_all.globalconfig will be ignored.
Assets/Packages/Microsoft.CodeAnalysis.Analyzers.3.11.0/buildTransitive/config already contains a globalconfig file: Assets/Packages/Microsoft.CodeAnalysis.Analyzers.3.11.0/buildTransitive/config/analysislevel_4_3_default.globalconfig will be ignored.
Assets/Packages/Microsoft.CodeAnalysis.Analyzers.3.11.0/buildTransitive/config already contains a globalconfig file: Assets/Packages/Microsoft.CodeAnalysis.Analyzers.3.11.0/buildTransitive/config/analysislevelmicrosoftcodeanalysisdesign_4_3_all_warnaserror.globalconfig will be ignored.
Assets/Packages/Microsoft.CodeAnalysis.Analyzers.3.11.0/buildTransitive/config already contains a globalconfig file: Assets/Packages/Microsoft.CodeAnalysis.Analyzers.3.11.0/buildTransitive/config/analysislevelmicrosoftcodeanalysisdocumentation_3_none_warnaserror.globalconfig will be ignored.
Assets/Packages/Microsoft.CodeAnalysis.Analyzers.3.11.0/buildTransitive/config already contains a globalconfig file: Assets/Packages/Microsoft.CodeAnalysis.Analyzers.3.11.0/buildTransitive/config/analysislevelmicrosoftcodeanalysisperformance_2_9_8_default.globalconfig will be ignored.
Assets/Packages/Microsoft.CodeAnalysis.Analyzers.3.11.0/buildTransitive/config already contains a globalconfig file: Assets/Packages/Microsoft.CodeAnalysis.Analyzers.3.11.0/buildTransitive/config/analysislevelmicrosoftcodeanalysislocalization_3_3_minimum.globalconfig will be ignored.
Assets/Packages/Microsoft.CodeAnalysis.Analyzers.3.11.0/buildTransitive/config already contains a globalconfig file: Assets/Packages/Microsoft.CodeAnalysis.Analyzers.3.11.0/buildTransitive/config/analysislevelmicrosoftcodeanalysislocalization_3_minimum.globalconfig will be ignored.
Assets/Packages/Microsoft.CodeAnalysis.Analyzers.3.11.0/buildTransitive/config already contains a globalconfig file: Assets/Packages/Microsoft.CodeAnalysis.Analyzers.3.11.0/buildTransitive/config/analysislevelmicrosoftcodeanalysisperformance_3_3_4_all_warnaserror.globalconfig will be ignored.
Assets/Packages/Microsoft.CodeAnalysis.Analyzers.3.11.0/buildTransitive/config already contains a globalconfig file: Assets/Packages/Microsoft.CodeAnalysis.Analyzers.3.11.0/buildTransitive/config/analysislevelmicrosoftcodeanalysislocalization_3_3_4_all_warnaserror.globalconfig will be ignored.
Assets/Packages/Microsoft.CodeAnalysis.Analyzers.3.11.0/buildTransitive/config already contains a globalconfig file: Assets/Packages/Microsoft.CodeAnalysis.Analyzers.3.11.0/buildTransitive/config/analysislevelmicrosoftcodeanalysiscompatibility_3_3_3_minimum.globalconfig will be ignored.
Assets/Packages/Microsoft.CodeAnalysis.Analyzers.3.11.0/buildTransitive/config already contains a globalconfig file: Assets/Packages/Microsoft.CodeAnalysis.Analyzers.3.11.0/buildTransitive/config/analysislevelcorrectness_4_3_default.globalconfig will be ignored.
Assets/Packages/Microsoft.CodeAnalysis.Analyzers.3.11.0/buildTransitive/config already contains a globalconfig file: Assets/Packages/Microsoft.CodeAnalysis.Analyzers.3.11.0/buildTransitive/config/analysislevelcorrectness_3_all_warnaserror.globalconfig will be ignored.
Assets/Packages/Microsoft.CodeAnalysis.Analyzers.3.11.0/buildTransitive/config already contains a globalconfig file: Assets/Packages/Microsoft.CodeAnalysis.Analyzers.3.11.0/buildTransitive/config/analysislevellibrary_3_3_4_default_warnaserror.globalconfig will be ignored.
Assets/Packages/Microsoft.CodeAnalysis.Analyzers.3.11.0/buildTransitive/config already contains a globalconfig file: Assets/Packages/Microsoft.CodeAnalysis.Analyzers.3.11.0/buildTransitive/config/analysislevelmicrosoftcodeanalysisdesign_3_3_4_recommended_warnaserror.globalconfig will be ignored.
Assets/Packages/Microsoft.CodeAnalysis.Analyzers.3.11.0/buildTransitive/config already contains a globalconfig file: Assets/Packages/Microsoft.CodeAnalysis.Analyzers.3.11.0/buildTransitive/config/analysislevelmicrosoftcodeanalysislocalization_3_all.globalconfig will be ignored.
Assets/Packages/Microsoft.CodeAnalysis.Analyzers.3.11.0/buildTransitive/config already contains a globalconfig file: Assets/Packages/Microsoft.CodeAnalysis.Analyzers.3.11.0/buildTransitive/config/analysislevelmicrosoftcodeanalysiscorrectness_3_3_3_recommended_warnaserror.globalconfig will be ignored.
Assets/Packages/Microsoft.CodeAnalysis.Analyzers.3.11.0/buildTransitive/config already contains a globalconfig file: Assets/Packages/Microsoft.CodeAnalysis.Analyzers.3.11.0/buildTransitive/config/analysislevellibrary_3_3_3_none.globalconfig will be ignored.
Assets/Packages/Microsoft.CodeAnalysis.Analyzers.3.11.0/buildTransitive/config already contains a globalconfig file: Assets/Packages/Microsoft.CodeAnalysis.Analyzers.3.11.0/buildTransitive/config/analysislevel_3_3_default.globalconfig will be ignored.
Assets/Packages/Microsoft.CodeAnalysis.Analyzers.3.11.0/buildTransitive/config already contains a globalconfig file: Assets/Packages/Microsoft.CodeAnalysis.Analyzers.3.11.0/buildTransitive/config/analysislevellibrary_3_3_3_none_warnaserror.globalconfig will be ignored.
Assets/Packages/Microsoft.CodeAnalysis.Analyzers.3.11.0/buildTransitive/config already contains a globalconfig file: Assets/Packages/Microsoft.CodeAnalysis.Analyzers.3.11.0/buildTransitive/config/analysislevelmicrosoftcodeanalysisdesign_3_default_warnaserror.globalconfig will be ignored.
Assets/Packages/Microsoft.CodeAnalysis.Analyzers.3.11.0/buildTransitive/config already contains a globalconfig file: Assets/Packages/Microsoft.CodeAnalysis.Analyzers.3.11.0/buildTransitive/config/analysislevelmicrosoftcodeanalysiscorrectness_4_3_default_warnaserror.globalconfig will be ignored.
Assets/Packages/Microsoft.CodeAnalysis.Analyzers.3.11.0/buildTransitive/config already contains a globalconfig file: Assets/Packages/Microsoft.CodeAnalysis.Analyzers.3.11.0/buildTransitive/config/analysislevelmicrosoftcodeanalysisdocumentation_3_3_3_none.globalconfig will be ignored.
Assets/Packages/Microsoft.CodeAnalysis.Analyzers.3.11.0/buildTransitive/config already contains a globalconfig file: Assets/Packages/Microsoft.CodeAnalysis.Analyzers.3.11.0/buildTransitive/config/analysislevellibrary_4_3_default_warnaserror.globalconfig will be ignored.
Assets/Packages/Microsoft.CodeAnalysis.Analyzers.3.11.0/buildTransitive/config already contains a globalconfig file: Assets/Packages/Microsoft.CodeAnalysis.Analyzers.3.11.0/buildTransitive/config/analysislevelcorrectness_3_3_recommended.globalconfig will be ignored.
Assets/Packages/Microsoft.CodeAnalysis.Analyzers.3.11.0/buildTransitive/config already contains a globalconfig file: Assets/Packages/Microsoft.CodeAnalysis.Analyzers.3.11.0/buildTransitive/config/analysislevelmicrosoftcodeanalysislocalization_3_3_3_default_warnaserror.globalconfig will be ignored.
Assets/Packages/Microsoft.CodeAnalysis.Analyzers.3.11.0/buildTransitive/config already contains a globalconfig file: Assets/Packages/Microsoft.CodeAnalysis.Analyzers.3.11.0/buildTransitive/config/analysislevel_3_3_3_recommended_warnaserror.globalconfig will be ignored.
Assets/Packages/Microsoft.CodeAnalysis.Analyzers.3.11.0/buildTransitive/config already contains a globalconfig file: Assets/Packages/Microsoft.CodeAnalysis.Analyzers.3.11.0/buildTransitive/config/analysislevelmicrosoftcodeanalysisreleasetracking_2_9_8_minimum_warnaserror.globalconfig will be ignored.
Assets/Packages/Microsoft.CodeAnalysis.Analyzers.3.11.0/buildTransitive/config already contains a globalconfig file: Assets/Packages/Microsoft.CodeAnalysis.Analyzers.3.11.0/buildTransitive/config/analysislevelmicrosoftcodeanalysiscompatibility_4_3_recommended_warnaserror.globalconfig will be ignored.
Assets/Packages/Microsoft.CodeAnalysis.Analyzers.3.11.0/buildTransitive/config already contains a globalconfig file: Assets/Packages/Microsoft.CodeAnalysis.Analyzers.3.11.0/buildTransitive/config/analysislevelmicrosoftcodeanalysiscorrectness_2_9_8_all_warnaserror.globalconfig will be ignored.
Assets/Packages/Microsoft.CodeAnalysis.Analyzers.3.11.0/buildTransitive/config already contains a globalconfig file: Assets/Packages/Microsoft.CodeAnalysis.Analyzers.3.11.0/buildTransitive/config/analysislevelmicrosoftcodeanalysiscorrectness_3_3_4_none_warnaserror.globalconfig will be ignored.
Assets/Packages/Microsoft.CodeAnalysis.Analyzers.3.11.0/buildTransitive/config already contains a globalconfig file: Assets/Packages/Microsoft.CodeAnalysis.Analyzers.3.11.0/buildTransitive/config/analysislevelmicrosoftcodeanalysiscorrectness_3_3_4_minimum_warnaserror.globalconfig will be ignored.
Assets/Packages/Microsoft.CodeAnalysis.Analyzers.3.11.0/buildTransitive/config already contains a globalconfig file: Assets/Packages/Microsoft.CodeAnalysis.Analyzers.3.11.0/buildTransitive/config/analysislevelmicrosoftcodeanalysisreleasetracking_3_recommended.globalconfig will be ignored.
Assets/Packages/Microsoft.CodeAnalysis.Analyzers.3.11.0/buildTransitive/config already contains a globalconfig file: Assets/Packages/Microsoft.CodeAnalysis.Analyzers.3.11.0/buildTransitive/config/analysislevelmicrosoftcodeanalysiscorrectness_2_9_8_default_warnaserror.globalconfig will be ignored.
Assets/Packages/Microsoft.CodeAnalysis.Analyzers.3.11.0/buildTransitive/config already contains a globalconfig file: Assets/Packages/Microsoft.CodeAnalysis.Analyzers.3.11.0/buildTransitive/config/analysislevelmicrosoftcodeanalysisdesign_2_9_8_recommended.globalconfig will be ignored.
Assets/Packages/Microsoft.CodeAnalysis.Analyzers.3.11.0/buildTransitive/config already contains a globalconfig file: Assets/Packages/Microsoft.CodeAnalysis.Analyzers.3.11.0/buildTransitive/config/analysislevellibrary_3_3_recommended_warnaserror.globalconfig will be ignored.
Assets/Packages/Microsoft.CodeAnalysis.Analyzers.3.11.0/buildTransitive/config already contains a globalconfig file: Assets/Packages/Microsoft.CodeAnalysis.Analyzers.3.11.0/buildTransitive/config/analysislevelmicrosoftcodeanalysiscompatibility_3_3_4_all.globalconfig will be ignored.
Assets/Packages/Microsoft.CodeAnalysis.Analyzers.3.11.0/buildTransitive/config already contains a globalconfig file: Assets/Packages/Microsoft.CodeAnalysis.Analyzers.3.11.0/buildTransitive/config/analysislevelmicrosoftcodeanalysiscorrectness_2_9_8_recommended_warnaserror.globalconfig will be ignored.
Assets/Packages/Microsoft.CodeAnalysis.Analyzers.3.11.0/buildTransitive/config already contains a globalconfig file: Assets/Packages/Microsoft.CodeAnalysis.Analyzers.3.11.0/buildTransitive/config/analysislevelcorrectness_3_3_3_none.globalconfig will be ignored.
Assets/Packages/Microsoft.CodeAnalysis.Analyzers.3.11.0/buildTransitive/config already contains a globalconfig file: Assets/Packages/Microsoft.CodeAnalysis.Analyzers.3.11.0/buildTransitive/config/analysislevelcorrectness_4_3_all.globalconfig will be ignored.
Assets/Packages/Microsoft.CodeAnalysis.Analyzers.3.11.0/buildTransitive/config already contains a globalconfig file: Assets/Packages/Microsoft.CodeAnalysis.Analyzers.3.11.0/buildTransitive/config/analysislevelcorrectness_2_9_8_all_warnaserror.globalconfig will be ignored.
Assets/Packages/Microsoft.CodeAnalysis.Analyzers.3.11.0/buildTransitive/config already contains a globalconfig file: Assets/Packages/Microsoft.CodeAnalysis.Analyzers.3.11.0/buildTransitive/config/analysislevelmicrosoftcodeanalysisdocumentation_3_3_4_recommended_warnaserror.globalconfig will be ignored.
Assets/Packages/Microsoft.CodeAnalysis.Analyzers.3.11.0/buildTransitive/config already contains a globalconfig file: Assets/Packages/Microsoft.CodeAnalysis.Analyzers.3.11.0/buildTransitive/config/analysislevelmicrosoftcodeanalysisdesign_3_3_4_recommended.globalconfig will be ignored.
Assets/Packages/Microsoft.CodeAnalysis.Analyzers.3.11.0/buildTransitive/config already contains a globalconfig file: Assets/Packages/Microsoft.CodeAnalysis.Analyzers.3.11.0/buildTransitive/config/analysislevelmicrosoftcodeanalysiscorrectness_4_3_none.globalconfig will be ignored.
Assets/Packages/Microsoft.CodeAnalysis.Analyzers.3.11.0/buildTransitive/config already contains a globalconfig file: Assets/Packages/Microsoft.CodeAnalysis.Analyzers.3.11.0/buildTransitive/config/analysislevelmicrosoftcodeanalysislocalization_3_3_3_recommended.globalconfig will be ignored.
Assets/Packages/Microsoft.CodeAnalysis.Analyzers.3.11.0/buildTransitive/config already contains a globalconfig file: Assets/Packages/Microsoft.CodeAnalysis.Analyzers.3.11.0/buildTransitive/config/analysislevelcorrectness_3_3_4_default_warnaserror.globalconfig will be ignored.
Assets/Packages/Microsoft.CodeAnalysis.Analyzers.3.11.0/buildTransitive/config already contains a globalconfig file: Assets/Packages/Microsoft.CodeAnalysis.Analyzers.3.11.0/buildTransitive/config/analysislevelcorrectness_3_3_4_default.globalconfig will be ignored.
Assets/Packages/Microsoft.CodeAnalysis.Analyzers.3.11.0/buildTransitive/config already contains a globalconfig file: Assets/Packages/Microsoft.CodeAnalysis.Analyzers.3.11.0/buildTransitive/config/analysislevelmicrosoftcodeanalysisdesign_4_3_default_warnaserror.globalconfig will be ignored.
Assets/Packages/Microsoft.CodeAnalysis.Analyzers.3.11.0/buildTransitive/config already contains a globalconfig file: Assets/Packages/Microsoft.CodeAnalysis.Analyzers.3.11.0/buildTransitive/config/analysislevelmicrosoftcodeanalysisdesign_3_3_4_minimum_warnaserror.globalconfig will be ignored.
Assets/Packages/Microsoft.CodeAnalysis.Analyzers.3.11.0/buildTransitive/config already contains a globalconfig file: Assets/Packages/Microsoft.CodeAnalysis.Analyzers.3.11.0/buildTransitive/config/analysislevelmicrosoftcodeanalysiscompatibility_3_minimum_warnaserror.globalconfig will be ignored.
Assets/Packages/Microsoft.CodeAnalysis.Analyzers.3.11.0/buildTransitive/config already contains a globalconfig file: Assets/Packages/Microsoft.CodeAnalysis.Analyzers.3.11.0/buildTransitive/config/analysislevelmicrosoftcodeanalysiscorrectness_4_3_none_warnaserror.globalconfig will be ignored.
Assets/Packages/Microsoft.CodeAnalysis.Analyzers.3.11.0/buildTransitive/config already contains a globalconfig file: Assets/Packages/Microsoft.CodeAnalysis.Analyzers.3.11.0/buildTransitive/config/analysislevel_4_3_minimum.globalconfig will be ignored.
Assets/Packages/Microsoft.CodeAnalysis.Analyzers.3.11.0/buildTransitive/config already contains a globalconfig file: Assets/Packages/Microsoft.CodeAnalysis.Analyzers.3.11.0/buildTransitive/config/analysislevelmicrosoftcodeanalysisreleasetracking_4_3_default_warnaserror.globalconfig will be ignored.
Assets/Packages/Microsoft.CodeAnalysis.Analyzers.3.11.0/buildTransitive/config already contains a globalconfig file: Assets/Packages/Microsoft.CodeAnalysis.Analyzers.3.11.0/buildTransitive/config/analysislevelmicrosoftcodeanalysisdesign_3_3_none.globalconfig will be ignored.
Assets/Packages/Microsoft.CodeAnalysis.Analyzers.3.11.0/buildTransitive/config already contains a globalconfig file: Assets/Packages/Microsoft.CodeAnalysis.Analyzers.3.11.0/buildTransitive/config/analysislevellibrary_3_3_4_default.globalconfig will be ignored.
Assets/Packages/Microsoft.CodeAnalysis.Analyzers.3.11.0/buildTransitive/config already contains a globalconfig file: Assets/Packages/Microsoft.CodeAnalysis.Analyzers.3.11.0/buildTransitive/config/analysislevelcorrectness_3_recommended_warnaserror.globalconfig will be ignored.
Assets/Packages/Microsoft.CodeAnalysis.Analyzers.3.11.0/buildTransitive/config already contains a globalconfig file: Assets/Packages/Microsoft.CodeAnalysis.Analyzers.3.11.0/buildTransitive/config/analysislevelmicrosoftcodeanalysiscorrectness_3_3_4_default.globalconfig will be ignored.
Assets/Packages/Microsoft.CodeAnalysis.Analyzers.3.11.0/buildTransitive/config already contains a globalconfig file: Assets/Packages/Microsoft.CodeAnalysis.Analyzers.3.11.0/buildTransitive/config/analysislevelmicrosoftcodeanalysiscorrectness_3_default_warnaserror.globalconfig will be ignored.
Assets/Packages/Microsoft.CodeAnalysis.Analyzers.3.11.0/buildTransitive/config already contains a globalconfig file: Assets/Packages/Microsoft.CodeAnalysis.Analyzers.3.11.0/buildTransitive/config/analysislevelmicrosoftcodeanalysislocalization_4_3_none.globalconfig will be ignored.
Assets/Packages/Microsoft.CodeAnalysis.Analyzers.3.11.0/buildTransitive/config already contains a globalconfig file: Assets/Packages/Microsoft.CodeAnalysis.Analyzers.3.11.0/buildTransitive/config/analysislevel_2_9_8_none_warnaserror.globalconfig will be ignored.
Assets/Packages/Microsoft.CodeAnalysis.Analyzers.3.11.0/buildTransitive/config already contains a globalconfig file: Assets/Packages/Microsoft.CodeAnalysis.Analyzers.3.11.0/buildTransitive/config/analysislevelcorrectness_2_9_8_default_warnaserror.globalconfig will be ignored.
Assets/Packages/Microsoft.CodeAnalysis.Analyzers.3.11.0/buildTransitive/config already contains a globalconfig file: Assets/Packages/Microsoft.CodeAnalysis.Analyzers.3.11.0/buildTransitive/config/analysislevelmicrosoftcodeanalysisreleasetracking_4_3_none.globalconfig will be ignored.
Assets/Packages/Microsoft.CodeAnalysis.Analyzers.3.11.0/buildTransitive/config already contains a globalconfig file: Assets/Packages/Microsoft.CodeAnalysis.Analyzers.3.11.0/buildTransitive/config/analysislevel_2_9_8_minimum_warnaserror.globalconfig will be ignored.
Assets/Packages/Microsoft.CodeAnalysis.Analyzers.3.11.0/buildTransitive/config already contains a globalconfig file: Assets/Packages/Microsoft.CodeAnalysis.Analyzers.3.11.0/buildTransitive/config/analysislevelmicrosoftcodeanalysisdesign_3_3_all_warnaserror.globalconfig will be ignored.
Assets/Packages/Microsoft.CodeAnalysis.Analyzers.3.11.0/buildTransitive/config already contains a globalconfig file: Assets/Packages/Microsoft.CodeAnalysis.Analyzers.3.11.0/buildTransitive/config/analysislevelmicrosoftcodeanalysiscorrectness_4_3_recommended.globalconfig will be ignored.
Assets/Packages/Microsoft.CodeAnalysis.Analyzers.3.11.0/buildTransitive/config already contains a globalconfig file: Assets/Packages/Microsoft.CodeAnalysis.Analyzers.3.11.0/buildTransitive/config/analysislevelmicrosoftcodeanalysisdocumentation_4_3_default_warnaserror.globalconfig will be ignored.
Assets/Packages/Microsoft.CodeAnalysis.Analyzers.3.11.0/buildTransitive/config already contains a globalconfig file: Assets/Packages/Microsoft.CodeAnalysis.Analyzers.3.11.0/buildTransitive/config/analysislevel_4_3_recommended_warnaserror.globalconfig will be ignored.
Assets/Packages/Microsoft.CodeAnalysis.Analyzers.3.11.0/buildTransitive/config already contains a globalconfig file: Assets/Packages/Microsoft.CodeAnalysis.Analyzers.3.11.0/buildTransitive/config/analysislevelcorrectness_4_3_recommended.globalconfig will be ignored.
Assets/Packages/Microsoft.CodeAnalysis.Analyzers.3.11.0/buildTransitive/config already contains a globalconfig file: Assets/Packages/Microsoft.CodeAnalysis.Analyzers.3.11.0/buildTransitive/config/analysislevelmicrosoftcodeanalysislocalization_3_3_all.globalconfig will be ignored.
Assets/Packages/Microsoft.CodeAnalysis.Analyzers.3.11.0/buildTransitive/config already contains a globalconfig file: Assets/Packages/Microsoft.CodeAnalysis.Analyzers.3.11.0/buildTransitive/config/analysislevelmicrosoftcodeanalysisreleasetracking_2_9_8_recommended_warnaserror.globalconfig will be ignored.
Assets/Packages/Microsoft.CodeAnalysis.Analyzers.3.11.0/buildTransitive/config already contains a globalconfig file: Assets/Packages/Microsoft.CodeAnalysis.Analyzers.3.11.0/buildTransitive/config/analysislevelmicrosoftcodeanalysislocalization_4_3_none_warnaserror.globalconfig will be ignored.
Assets/Packages/Microsoft.CodeAnalysis.Analyzers.3.11.0/buildTransitive/config already contains a globalconfig file: Assets/Packages/Microsoft.CodeAnalysis.Analyzers.3.11.0/buildTransitive/config/analysislevelcorrectness_3_3_4_none.globalconfig will be ignored.
Assets/Packages/Microsoft.CodeAnalysis.Analyzers.3.11.0/buildTransitive/config already contains a globalconfig file: Assets/Packages/Microsoft.CodeAnalysis.Analyzers.3.11.0/buildTransitive/config/analysislevelmicrosoftcodeanalysiscorrectness_3_3_all_warnaserror.globalconfig will be ignored.
Assets/Packages/Microsoft.CodeAnalysis.Analyzers.3.11.0/buildTransitive/config already contains a globalconfig file: Assets/Packages/Microsoft.CodeAnalysis.Analyzers.3.11.0/buildTransitive/config/analysislevellibrary_3_3_3_minimum.globalconfig will be ignored.
Assets/Packages/Microsoft.CodeAnalysis.Analyzers.3.11.0/buildTransitive/config already contains a globalconfig file: Assets/Packages/Microsoft.CodeAnalysis.Analyzers.3.11.0/buildTransitive/config/analysislevellibrary_3_default.globalconfig will be ignored.
Assets/Packages/Microsoft.CodeAnalysis.Analyzers.3.11.0/buildTransitive/config already contains a globalconfig file: Assets/Packages/Microsoft.CodeAnalysis.Analyzers.3.11.0/buildTransitive/config/analysislevelmicrosoftcodeanalysisdesign_3_recommended_warnaserror.globalconfig will be ignored.
Assets/Packages/Microsoft.CodeAnalysis.Analyzers.3.11.0/buildTransitive/config already contains a globalconfig file: Assets/Packages/Microsoft.CodeAnalysis.Analyzers.3.11.0/buildTransitive/config/analysislevel_2_9_8_default_warnaserror.globalconfig will be ignored.
Assets/Packages/Microsoft.CodeAnalysis.Analyzers.3.11.0/buildTransitive/config already contains a globalconfig file: Assets/Packages/Microsoft.CodeAnalysis.Analyzers.3.11.0/buildTransitive/config/analysislevelmicrosoftcodeanalysiscompatibility_3_3_4_recommended.globalconfig will be ignored.
Assets/Packages/Microsoft.CodeAnalysis.Analyzers.3.11.0/buildTransitive/config already contains a globalconfig file: Assets/Packages/Microsoft.CodeAnalysis.Analyzers.3.11.0/buildTransitive/config/analysislevellibrary_3_3_default.globalconfig will be ignored.
Assets/Packages/Microsoft.CodeAnalysis.Analyzers.3.11.0/buildTransitive/config already contains a globalconfig file: Assets/Packages/Microsoft.CodeAnalysis.Analyzers.3.11.0/buildTransitive/config/analysislevellibrary_3_minimum_warnaserror.globalconfig will be ignored.
Assets/Packages/Microsoft.CodeAnalysis.Analyzers.3.11.0/buildTransitive/config already contains a globalconfig file: Assets/Packages/Microsoft.CodeAnalysis.Analyzers.3.11.0/buildTransitive/config/analysislevelmicrosoftcodeanalysislocalization_3_3_4_recommended.globalconfig will be ignored.
Assets/Packages/Microsoft.CodeAnalysis.Analyzers.3.11.0/buildTransitive/config already contains a globalconfig file: Assets/Packages/Microsoft.CodeAnalysis.Analyzers.3.11.0/buildTransitive/config/analysislevelmicrosoftcodeanalysisreleasetracking_3_3_default.globalconfig will be ignored.
Assets/Packages/Microsoft.CodeAnalysis.Analyzers.3.11.0/buildTransitive/config already contains a globalconfig file: Assets/Packages/Microsoft.CodeAnalysis.Analyzers.3.11.0/buildTransitive/config/analysislevelmicrosoftcodeanalysisdesign_3_3_4_none.globalconfig will be ignored.
Assets/Packages/Microsoft.CodeAnalysis.Analyzers.3.11.0/buildTransitive/config already contains a globalconfig file: Assets/Packages/Microsoft.CodeAnalysis.Analyzers.3.11.0/buildTransitive/config/analysislevelmicrosoftcodeanalysisperformance_3_3_recommended.globalconfig will be ignored.
Assets/Packages/Microsoft.CodeAnalysis.Analyzers.3.11.0/buildTransitive/config already contains a globalconfig file: Assets/Packages/Microsoft.CodeAnalysis.Analyzers.3.11.0/buildTransitive/config/analysislevelmicrosoftcodeanalysiscorrectness_3_3_4_minimum.globalconfig will be ignored.
Assets/Packages/Microsoft.CodeAnalysis.Analyzers.3.11.0/buildTransitive/config already contains a globalconfig file: Assets/Packages/Microsoft.CodeAnalysis.Analyzers.3.11.0/buildTransitive/config/analysislevelcorrectness_3_3_4_all.globalconfig will be ignored.
Assets/Packages/Microsoft.CodeAnalysis.Analyzers.3.11.0/buildTransitive/config already contains a globalconfig file: Assets/Packages/Microsoft.CodeAnalysis.Analyzers.3.11.0/buildTransitive/config/analysislevel_3_3_3_default_warnaserror.globalconfig will be ignored.
Assets/Packages/Microsoft.CodeAnalysis.Analyzers.3.11.0/buildTransitive/config already contains a globalconfig file: Assets/Packages/Microsoft.CodeAnalysis.Analyzers.3.11.0/buildTransitive/config/analysislevelmicrosoftcodeanalysisperformance_3_minimum_warnaserror.globalconfig will be ignored.
Assets/Packages/Microsoft.CodeAnalysis.Analyzers.3.11.0/buildTransitive/config already contains a globalconfig file: Assets/Packages/Microsoft.CodeAnalysis.Analyzers.3.11.0/buildTransitive/config/analysislevelmicrosoftcodeanalysisreleasetracking_2_9_8_all.globalconfig will be ignored.
Assets/Packages/Microsoft.CodeAnalysis.Analyzers.3.11.0/buildTransitive/config already contains a globalconfig file: Assets/Packages/Microsoft.CodeAnalysis.Analyzers.3.11.0/buildTransitive/config/analysislevelcorrectness_4_3_none.globalconfig will be ignored.
Assets/Packages/Microsoft.CodeAnalysis.Analyzers.3.11.0/buildTransitive/config already contains a globalconfig file: Assets/Packages/Microsoft.CodeAnalysis.Analyzers.3.11.0/buildTransitive/config/analysislevellibrary_3_recommended.globalconfig will be ignored.
Assets/Packages/Microsoft.CodeAnalysis.Analyzers.3.11.0/buildTransitive/config already contains a globalconfig file: Assets/Packages/Microsoft.CodeAnalysis.Analyzers.3.11.0/buildTransitive/config/analysislevelmicrosoftcodeanalysisreleasetracking_3_3_3_default.globalconfig will be ignored.
Assets/Packages/Microsoft.CodeAnalysis.Analyzers.3.11.0/buildTransitive/config already contains a globalconfig file: Assets/Packages/Microsoft.CodeAnalysis.Analyzers.3.11.0/buildTransitive/config/analysislevelmicrosoftcodeanalysisperformance_3_3_3_minimum_warnaserror.globalconfig will be ignored.
Assets/Packages/Microsoft.CodeAnalysis.Analyzers.3.11.0/buildTransitive/config already contains a globalconfig file: Assets/Packages/Microsoft.CodeAnalysis.Analyzers.3.11.0/buildTransitive/config/analysislevelmicrosoftcodeanalysisperformance_2_9_8_all.globalconfig will be ignored.
Assets/Packages/Microsoft.CodeAnalysis.Analyzers.3.11.0/buildTransitive/config already contains a globalconfig file: Assets/Packages/Microsoft.CodeAnalysis.Analyzers.3.11.0/buildTransitive/config/analysislevelmicrosoftcodeanalysislocalization_4_3_default.globalconfig will be ignored.
Assets/Packages/Microsoft.CodeAnalysis.Analyzers.3.11.0/buildTransitive/config already contains a globalconfig file: Assets/Packages/Microsoft.CodeAnalysis.Analyzers.3.11.0/buildTransitive/config/analysislevel_2_9_8_recommended.globalconfig will be ignored.
Assets/Packages/Microsoft.CodeAnalysis.Analyzers.3.11.0/buildTransitive/config already contains a globalconfig file: Assets/Packages/Microsoft.CodeAnalysis.Analyzers.3.11.0/buildTransitive/config/analysislevelmicrosoftcodeanalysisdesign_4_3_none.globalconfig will be ignored.
Assets/Packages/Microsoft.CodeAnalysis.Analyzers.3.11.0/buildTransitive/config already contains a globalconfig file: Assets/Packages/Microsoft.CodeAnalysis.Analyzers.3.11.0/buildTransitive/config/analysislevelmicrosoftcodeanalysiscorrectness_4_3_all.globalconfig will be ignored.
Assets/Packages/Microsoft.CodeAnalysis.Analyzers.3.11.0/buildTransitive/config already contains a globalconfig file: Assets/Packages/Microsoft.CodeAnalysis.Analyzers.3.11.0/buildTransitive/config/analysislevelmicrosoftcodeanalysiscorrectness_3_3_3_default.globalconfig will be ignored.
Assets/Packages/Microsoft.CodeAnalysis.Analyzers.3.11.0/buildTransitive/config already contains a globalconfig file: Assets/Packages/Microsoft.CodeAnalysis.Analyzers.3.11.0/buildTransitive/config/analysislevelmicrosoftcodeanalysisperformance_4_3_all_warnaserror.globalconfig will be ignored.
Assets/Packages/Microsoft.CodeAnalysis.Analyzers.3.11.0/buildTransitive/config already contains a globalconfig file: Assets/Packages/Microsoft.CodeAnalysis.Analyzers.3.11.0/buildTransitive/config/analysislevel_3_3_4_all_warnaserror.globalconfig will be ignored.
Assets/Packages/Microsoft.CodeAnalysis.Analyzers.3.11.0/buildTransitive/config already contains a globalconfig file: Assets/Packages/Microsoft.CodeAnalysis.Analyzers.3.11.0/buildTransitive/config/analysislevelmicrosoftcodeanalysisdocumentation_4_3_recommended_warnaserror.globalconfig will be ignored.
Assets/Packages/Microsoft.CodeAnalysis.Analyzers.3.11.0/buildTransitive/config already contains a globalconfig file: Assets/Packages/Microsoft.CodeAnalysis.Analyzers.3.11.0/buildTransitive/config/analysislevelmicrosoftcodeanalysiscorrectness_4_3_all_warnaserror.globalconfig will be ignored.
Assets/Packages/Microsoft.CodeAnalysis.Analyzers.3.11.0/buildTransitive/config already contains a globalconfig file: Assets/Packages/Microsoft.CodeAnalysis.Analyzers.3.11.0/buildTransitive/config/analysislevelcorrectness_2_9_8_recommended_warnaserror.globalconfig will be ignored.
Assets/Packages/Microsoft.CodeAnalysis.Analyzers.3.11.0/buildTransitive/config already contains a globalconfig file: Assets/Packages/Microsoft.CodeAnalysis.Analyzers.3.11.0/buildTransitive/config/analysislevelmicrosoftcodeanalysiscompatibility_2_9_8_none.globalconfig will be ignored.
Assets/Packages/Microsoft.CodeAnalysis.Analyzers.3.11.0/buildTransitive/config already contains a globalconfig file: Assets/Packages/Microsoft.CodeAnalysis.Analyzers.3.11.0/buildTransitive/config/analysislevelcorrectness_3_3_all_warnaserror.globalconfig will be ignored.
Assets/Packages/Microsoft.CodeAnalysis.Analyzers.3.11.0/buildTransitive/config already contains a globalconfig file: Assets/Packages/Microsoft.CodeAnalysis.Analyzers.3.11.0/buildTransitive/config/analysislevelmicrosoftcodeanalysisdocumentation_3_3_4_default.globalconfig will be ignored.
Assets/Packages/Microsoft.CodeAnalysis.Analyzers.3.11.0/buildTransitive/config already contains a globalconfig file: Assets/Packages/Microsoft.CodeAnalysis.Analyzers.3.11.0/buildTransitive/config/analysislevelcorrectness_2_9_8_none.globalconfig will be ignored.
Assets/Packages/Microsoft.CodeAnalysis.Analyzers.3.11.0/buildTransitive/config already contains a globalconfig file: Assets/Packages/Microsoft.CodeAnalysis.Analyzers.3.11.0/buildTransitive/config/analysislevelmicrosoftcodeanalysisdocumentation_3_3_all_warnaserror.globalconfig will be ignored.
Assets/Packages/Microsoft.CodeAnalysis.Analyzers.3.11.0/buildTransitive/config already contains a globalconfig file: Assets/Packages/Microsoft.CodeAnalysis.Analyzers.3.11.0/buildTransitive/config/analysislevelmicrosoftcodeanalysiscompatibility_4_3_all.globalconfig will be ignored.
Assets/Packages/Microsoft.CodeAnalysis.Analyzers.3.11.0/buildTransitive/config already contains a globalconfig file: Assets/Packages/Microsoft.CodeAnalysis.Analyzers.3.11.0/buildTransitive/config/analysislevelmicrosoftcodeanalysisdocumentation_3_3_3_all.globalconfig will be ignored.
Assets/Packages/Microsoft.CodeAnalysis.Analyzers.3.11.0/buildTransitive/config already contains a globalconfig file: Assets/Packages/Microsoft.CodeAnalysis.Analyzers.3.11.0/buildTransitive/config/analysislevelmicrosoftcodeanalysisperformance_4_3_none.globalconfig will be ignored.
Assets/Packages/Microsoft.CodeAnalysis.Analyzers.3.11.0/buildTransitive/config already contains a globalconfig file: Assets/Packages/Microsoft.CodeAnalysis.Analyzers.3.11.0/buildTransitive/config/analysislevel_3_recommended.globalconfig will be ignored.
Assets/Packages/Microsoft.CodeAnalysis.Analyzers.3.11.0/buildTransitive/config already contains a globalconfig file: Assets/Packages/Microsoft.CodeAnalysis.Analyzers.3.11.0/buildTransitive/config/analysislevelmicrosoftcodeanalysisdesign_3_3_3_none.globalconfig will be ignored.
Assets/Packages/Microsoft.CodeAnalysis.Analyzers.3.11.0/buildTransitive/config already contains a globalconfig file: Assets/Packages/Microsoft.CodeAnalysis.Analyzers.3.11.0/buildTransitive/config/analysislevelmicrosoftcodeanalysisdocumentation_3_3_4_default_warnaserror.globalconfig will be ignored.
Assets/Packages/Microsoft.CodeAnalysis.Analyzers.3.11.0/buildTransitive/config already contains a globalconfig file: Assets/Packages/Microsoft.CodeAnalysis.Analyzers.3.11.0/buildTransitive/config/analysislevelmicrosoftcodeanalysisperformance_3_all_warnaserror.globalconfig will be ignored.
Assets/Packages/Microsoft.CodeAnalysis.Analyzers.3.11.0/buildTransitive/config already contains a globalconfig file: Assets/Packages/Microsoft.CodeAnalysis.Analyzers.3.11.0/buildTransitive/config/analysislevel_4_3_default_warnaserror.globalconfig will be ignored.
Assets/Packages/Microsoft.CodeAnalysis.Analyzers.3.11.0/buildTransitive/config already contains a globalconfig file: Assets/Packages/Microsoft.CodeAnalysis.Analyzers.3.11.0/buildTransitive/config/analysislevellibrary_3_3_none.globalconfig will be ignored.
Assets/Packages/Microsoft.CodeAnalysis.Analyzers.3.11.0/buildTransitive/config already contains a globalconfig file: Assets/Packages/Microsoft.CodeAnalysis.Analyzers.3.11.0/buildTransitive/config/analysislevelmicrosoftcodeanalysiscompatibility_2_9_8_all.globalconfig will be ignored.
Assets/Packages/Microsoft.CodeAnalysis.Analyzers.3.11.0/buildTransitive/config already contains a globalconfig file: Assets/Packages/Microsoft.CodeAnalysis.Analyzers.3.11.0/buildTransitive/config/analysislevelmicrosoftcodeanalysisdocumentation_3_default_warnaserror.globalconfig will be ignored.
Assets/Packages/Microsoft.CodeAnalysis.Analyzers.3.11.0/buildTransitive/config already contains a globalconfig file: Assets/Packages/Microsoft.CodeAnalysis.Analyzers.3.11.0/buildTransitive/config/analysislevelcorrectness_3_3_minimum_warnaserror.globalconfig will be ignored.
Assets/Packages/Microsoft.CodeAnalysis.Analyzers.3.11.0/buildTransitive/config already contains a globalconfig file: Assets/Packages/Microsoft.CodeAnalysis.Analyzers.3.11.0/buildTransitive/config/analysislevelmicrosoftcodeanalysisdocumentation_3_3_all.globalconfig will be ignored.
Assets/Packages/Microsoft.CodeAnalysis.Analyzers.3.11.0/buildTransitive/config already contains a globalconfig file: Assets/Packages/Microsoft.CodeAnalysis.Analyzers.3.11.0/buildTransitive/config/analysislevelcorrectness_3_3_3_minimum.globalconfig will be ignored.
Assets/Packages/Microsoft.CodeAnalysis.Analyzers.3.11.0/buildTransitive/config already contains a globalconfig file: Assets/Packages/Microsoft.CodeAnalysis.Analyzers.3.11.0/buildTransitive/config/analysislevelmicrosoftcodeanalysislocalization_2_9_8_default_warnaserror.globalconfig will be ignored.
Assets/Packages/Microsoft.CodeAnalysis.Analyzers.3.11.0/buildTransitive/config already contains a globalconfig file: Assets/Packages/Microsoft.CodeAnalysis.Analyzers.3.11.0/buildTransitive/config/analysislevelcorrectness_3_3_3_all_warnaserror.globalconfig will be ignored.
Assets/Packages/Microsoft.CodeAnalysis.Analyzers.3.11.0/buildTransitive/config already contains a globalconfig file: Assets/Packages/Microsoft.CodeAnalysis.Analyzers.3.11.0/buildTransitive/config/analysislevelmicrosoftcodeanalysiscorrectness_3_3_4_none.globalconfig will be ignored.
Assets/Packages/Microsoft.CodeAnalysis.Analyzers.3.11.0/buildTransitive/config already contains a globalconfig file: Assets/Packages/Microsoft.CodeAnalysis.Analyzers.3.11.0/buildTransitive/config/analysislevelmicrosoftcodeanalysiscorrectness_4_3_minimum_warnaserror.globalconfig will be ignored.
Assets/Packages/Microsoft.CodeAnalysis.Analyzers.3.11.0/buildTransitive/config already contains a globalconfig file: Assets/Packages/Microsoft.CodeAnalysis.Analyzers.3.11.0/buildTransitive/config/analysislevelmicrosoftcodeanalysisdesign_3_3_default_warnaserror.globalconfig will be ignored.
Assets/Packages/Microsoft.CodeAnalysis.Analyzers.3.11.0/buildTransitive/config already contains a globalconfig file: Assets/Packages/Microsoft.CodeAnalysis.Analyzers.3.11.0/buildTransitive/config/analysislevelmicrosoftcodeanalysislocalization_3_none_warnaserror.globalconfig will be ignored.
Assets/Packages/Microsoft.CodeAnalysis.Analyzers.3.11.0/buildTransitive/config already contains a globalconfig file: Assets/Packages/Microsoft.CodeAnalysis.Analyzers.3.11.0/buildTransitive/config/analysislevelmicrosoftcodeanalysisdesign_3_3_minimum_warnaserror.globalconfig will be ignored.
Assets/Packages/Microsoft.CodeAnalysis.Analyzers.3.11.0/buildTransitive/config already contains a globalconfig file: Assets/Packages/Microsoft.CodeAnalysis.Analyzers.3.11.0/buildTransitive/config/analysislevelmicrosoftcodeanalysisreleasetracking_2_9_8_none_warnaserror.globalconfig will be ignored.
Assets/Packages/Microsoft.CodeAnalysis.Analyzers.3.11.0/buildTransitive/config already contains a globalconfig file: Assets/Packages/Microsoft.CodeAnalysis.Analyzers.3.11.0/buildTransitive/config/analysislevellibrary_4_3_recommended_warnaserror.globalconfig will be ignored.
Assets/Packages/Microsoft.CodeAnalysis.Analyzers.3.11.0/buildTransitive/config already contains a globalconfig file: Assets/Packages/Microsoft.CodeAnalysis.Analyzers.3.11.0/buildTransitive/config/analysislevelmicrosoftcodeanalysiscorrectness_2_9_8_none_warnaserror.globalconfig will be ignored.
Assets/Packages/Microsoft.CodeAnalysis.Analyzers.3.11.0/buildTransitive/config already contains a globalconfig file: Assets/Packages/Microsoft.CodeAnalysis.Analyzers.3.11.0/buildTransitive/config/analysislevelmicrosoftcodeanalysisdesign_3_3_none_warnaserror.globalconfig will be ignored.
Assets/Packages/Microsoft.CodeAnalysis.Analyzers.3.11.0/buildTransitive/config already contains a globalconfig file: Assets/Packages/Microsoft.CodeAnalysis.Analyzers.3.11.0/buildTransitive/config/analysislevellibrary_3_all.globalconfig will be ignored.
Assets/Packages/Microsoft.CodeAnalysis.Analyzers.3.11.0/buildTransitive/config already contains a globalconfig file: Assets/Packages/Microsoft.CodeAnalysis.Analyzers.3.11.0/buildTransitive/config/analysislevelmicrosoftcodeanalysislocalization_3_3_3_all_warnaserror.globalconfig will be ignored.
Assets/Packages/Microsoft.CodeAnalysis.Analyzers.3.11.0/buildTransitive/config already contains a globalconfig file: Assets/Packages/Microsoft.CodeAnalysis.Analyzers.3.11.0/buildTransitive/config/analysislevelmicrosoftcodeanalysiscompatibility_3_3_recommended.globalconfig will be ignored.
Assets/Packages/Microsoft.CodeAnalysis.Analyzers.3.11.0/buildTransitive/config already contains a globalconfig file: Assets/Packages/Microsoft.CodeAnalysis.Analyzers.3.11.0/buildTransitive/config/analysislevelmicrosoftcodeanalysislocalization_3_3_recommended.globalconfig will be ignored.
Assets/Packages/Microsoft.CodeAnalysis.Analyzers.3.11.0/buildTransitive/config already contains a globalconfig file: Assets/Packages/Microsoft.CodeAnalysis.Analyzers.3.11.0/buildTransitive/config/analysislevelmicrosoftcodeanalysiscompatibility_3_3_4_default_warnaserror.globalconfig will be ignored.
Assets/Packages/Microsoft.CodeAnalysis.Analyzers.3.11.0/buildTransitive/config already contains a globalconfig file: Assets/Packages/Microsoft.CodeAnalysis.Analyzers.3.11.0/buildTransitive/config/analysislevel_3_3_4_recommended_warnaserror.globalconfig will be ignored.
Assets/Packages/Microsoft.CodeAnalysis.Analyzers.3.11.0/buildTransitive/config already contains a globalconfig file: Assets/Packages/Microsoft.CodeAnalysis.Analyzers.3.11.0/buildTransitive/config/analysislevelmicrosoftcodeanalysiscompatibility_3_3_all.globalconfig will be ignored.
Assets/Packages/Microsoft.CodeAnalysis.Analyzers.3.11.0/buildTransitive/config already contains a globalconfig file: Assets/Packages/Microsoft.CodeAnalysis.Analyzers.3.11.0/buildTransitive/config/analysislevelmicrosoftcodeanalysisreleasetracking_4_3_none_warnaserror.globalconfig will be ignored.
Assets/Packages/Microsoft.CodeAnalysis.Analyzers.3.11.0/buildTransitive/config already contains a globalconfig file: Assets/Packages/Microsoft.CodeAnalysis.Analyzers.3.11.0/buildTransitive/config/analysislevelmicrosoftcodeanalysisdocumentation_3_3_3_recommended.globalconfig will be ignored.
Assets/Packages/Microsoft.CodeAnalysis.Analyzers.3.11.0/buildTransitive/config already contains a globalconfig file: Assets/Packages/Microsoft.CodeAnalysis.Analyzers.3.11.0/buildTransitive/config/analysislevelmicrosoftcodeanalysisdocumentation_2_9_8_minimum_warnaserror.globalconfig will be ignored.
Assets/Packages/Microsoft.CodeAnalysis.Analyzers.3.11.0/buildTransitive/config already contains a globalconfig file: Assets/Packages/Microsoft.CodeAnalysis.Analyzers.3.11.0/buildTransitive/config/analysislevelmicrosoftcodeanalysisdocumentation_2_9_8_all_warnaserror.globalconfig will be ignored.
Assets/Packages/Microsoft.CodeAnalysis.Analyzers.3.11.0/buildTransitive/config already contains a globalconfig file: Assets/Packages/Microsoft.CodeAnalysis.Analyzers.3.11.0/buildTransitive/config/analysislevelmicrosoftcodeanalysisdesign_2_9_8_default_warnaserror.globalconfig will be ignored.
Assets/Packages/Microsoft.CodeAnalysis.Analyzers.3.11.0/buildTransitive/config already contains a globalconfig file: Assets/Packages/Microsoft.CodeAnalysis.Analyzers.3.11.0/buildTransitive/config/analysislevelmicrosoftcodeanalysisperformance_3_3_4_none.globalconfig will be ignored.
Assets/Packages/Microsoft.CodeAnalysis.Analyzers.3.11.0/buildTransitive/config already contains a globalconfig file: Assets/Packages/Microsoft.CodeAnalysis.Analyzers.3.11.0/buildTransitive/config/analysislevelmicrosoftcodeanalysisperformance_3_3_4_recommended.globalconfig will be ignored.
Assets/Packages/Microsoft.CodeAnalysis.Analyzers.3.11.0/buildTransitive/config already contains a globalconfig file: Assets/Packages/Microsoft.CodeAnalysis.Analyzers.3.11.0/buildTransitive/config/analysislevelmicrosoftcodeanalysisdesign_3_3_recommended_warnaserror.globalconfig will be ignored.
Assets/Packages/Microsoft.CodeAnalysis.Analyzers.3.11.0/buildTransitive/config already contains a globalconfig file: Assets/Packages/Microsoft.CodeAnalysis.Analyzers.3.11.0/buildTransitive/config/analysislevelmicrosoftcodeanalysisdocumentation_3_3_4_none.globalconfig will be ignored.
Assets/Packages/Microsoft.CodeAnalysis.Analyzers.3.11.0/buildTransitive/config already contains a globalconfig file: Assets/Packages/Microsoft.CodeAnalysis.Analyzers.3.11.0/buildTransitive/config/analysislevelmicrosoftcodeanalysisreleasetracking_3_3_4_minimum.globalconfig will be ignored.
Assets/Packages/Microsoft.CodeAnalysis.Analyzers.3.11.0/buildTransitive/config already contains a globalconfig file: Assets/Packages/Microsoft.CodeAnalysis.Analyzers.3.11.0/buildTransitive/config/analysislevel_3_3_recommended_warnaserror.globalconfig will be ignored.
Assets/Packages/Microsoft.CodeAnalysis.Analyzers.3.11.0/buildTransitive/config already contains a globalconfig file: Assets/Packages/Microsoft.CodeAnalysis.Analyzers.3.11.0/buildTransitive/config/analysislevelcorrectness_3_3_3_minimum_warnaserror.globalconfig will be ignored.
Assets/Packages/Microsoft.CodeAnalysis.Analyzers.3.11.0/buildTransitive/config already contains a globalconfig file: Assets/Packages/Microsoft.CodeAnalysis.Analyzers.3.11.0/buildTransitive/config/analysislevelmicrosoftcodeanalysiscorrectness_4_3_default.globalconfig will be ignored.
Assets/Packages/Microsoft.CodeAnalysis.Analyzers.3.11.0/buildTransitive/config already contains a globalconfig file: Assets/Packages/Microsoft.CodeAnalysis.Analyzers.3.11.0/buildTransitive/config/analysislevelmicrosoftcodeanalysisdocumentation_3_3_3_default_warnaserror.globalconfig will be ignored.
Assets/Packages/Microsoft.CodeAnalysis.Analyzers.3.11.0/buildTransitive/config already contains a globalconfig file: Assets/Packages/Microsoft.CodeAnalysis.Analyzers.3.11.0/buildTransitive/config/analysislevelcorrectness_3_recommended.globalconfig will be ignored.
Assets/Packages/Microsoft.CodeAnalysis.Analyzers.3.11.0/buildTransitive/config already contains a globalconfig file: Assets/Packages/Microsoft.CodeAnalysis.Analyzers.3.11.0/buildTransitive/config/analysislevelmicrosoftcodeanalysisreleasetracking_2_9_8_default.globalconfig will be ignored.
Assets/Packages/Microsoft.CodeAnalysis.Analyzers.3.11.0/buildTransitive/config already contains a globalconfig file: Assets/Packages/Microsoft.CodeAnalysis.Analyzers.3.11.0/buildTransitive/config/analysislevelmicrosoftcodeanalysisperformance_3_3_4_default_warnaserror.globalconfig will be ignored.
Assets/Packages/Microsoft.CodeAnalysis.Analyzers.3.11.0/buildTransitive/config already contains a globalconfig file: Assets/Packages/Microsoft.CodeAnalysis.Analyzers.3.11.0/buildTransitive/config/analysislevelmicrosoftcodeanalysisdesign_3_3_minimum.globalconfig will be ignored.
Assets/Packages/Microsoft.CodeAnalysis.Analyzers.3.11.0/buildTransitive/config already contains a globalconfig file: Assets/Packages/Microsoft.CodeAnalysis.Analyzers.3.11.0/buildTransitive/config/analysislevelcorrectness_3_3_minimum.globalconfig will be ignored.
Assets/Packages/Microsoft.CodeAnalysis.Analyzers.3.11.0/buildTransitive/config already contains a globalconfig file: Assets/Packages/Microsoft.CodeAnalysis.Analyzers.3.11.0/buildTransitive/config/analysislevelmicrosoftcodeanalysisdesign_4_3_minimum_warnaserror.globalconfig will be ignored.
Assets/Packages/Microsoft.CodeAnalysis.Analyzers.3.11.0/buildTransitive/config already contains a globalconfig file: Assets/Packages/Microsoft.CodeAnalysis.Analyzers.3.11.0/buildTransitive/config/analysislevellibrary_3_3_default_warnaserror.globalconfig will be ignored.
Assets/Packages/Microsoft.CodeAnalysis.Analyzers.3.11.0/buildTransitive/config already contains a globalconfig file: Assets/Packages/Microsoft.CodeAnalysis.Analyzers.3.11.0/buildTransitive/config/analysislevelmicrosoftcodeanalysisperformance_4_3_none_warnaserror.globalconfig will be ignored.
Assets/Packages/Microsoft.CodeAnalysis.Analyzers.3.11.0/buildTransitive/config already contains a globalconfig file: Assets/Packages/Microsoft.CodeAnalysis.Analyzers.3.11.0/buildTransitive/config/analysislevelmicrosoftcodeanalysisreleasetracking_2_9_8_default_warnaserror.globalconfig will be ignored.
Assets/Packages/Microsoft.CodeAnalysis.Analyzers.3.11.0/buildTransitive/config already contains a globalconfig file: Assets/Packages/Microsoft.CodeAnalysis.Analyzers.3.11.0/buildTransitive/config/analysislevelmicrosoftcodeanalysisdesign_3_3_3_minimum.globalconfig will be ignored.
Assets/Packages/Microsoft.CodeAnalysis.Analyzers.3.11.0/buildTransitive/config already contains a globalconfig file: Assets/Packages/Microsoft.CodeAnalysis.Analyzers.3.11.0/buildTransitive/config/analysislevelmicrosoftcodeanalysiscompatibility_3_3_3_minimum_warnaserror.globalconfig will be ignored.
Assets/Packages/Microsoft.CodeAnalysis.Analyzers.3.11.0/buildTransitive/config already contains a globalconfig file: Assets/Packages/Microsoft.CodeAnalysis.Analyzers.3.11.0/buildTransitive/config/analysislevelmicrosoftcodeanalysisreleasetracking_4_3_recommended.globalconfig will be ignored.
Assets/Packages/Microsoft.CodeAnalysis.Analyzers.3.11.0/buildTransitive/config already contains a globalconfig file: Assets/Packages/Microsoft.CodeAnalysis.Analyzers.3.11.0/buildTransitive/config/analysislevelmicrosoftcodeanalysisreleasetracking_3_3_3_default_warnaserror.globalconfig will be ignored.
Assets/Packages/Microsoft.CodeAnalysis.Analyzers.3.11.0/buildTransitive/config already contains a globalconfig file: Assets/Packages/Microsoft.CodeAnalysis.Analyzers.3.11.0/buildTransitive/config/analysislevel_2_9_8_all.globalconfig will be ignored.
Assets/Packages/Microsoft.CodeAnalysis.Analyzers.3.11.0/buildTransitive/config already contains a globalconfig file: Assets/Packages/Microsoft.CodeAnalysis.Analyzers.3.11.0/buildTransitive/config/analysislevelmicrosoftcodeanalysiscompatibility_3_3_default.globalconfig will be ignored.
Assets/Packages/Microsoft.CodeAnalysis.Analyzers.3.11.0/buildTransitive/config already contains a globalconfig file: Assets/Packages/Microsoft.CodeAnalysis.Analyzers.3.11.0/buildTransitive/config/analysislevelmicrosoftcodeanalysisdesign_3_none.globalconfig will be ignored.
Assets/Packages/Microsoft.CodeAnalysis.Analyzers.3.11.0/buildTransitive/config already contains a globalconfig file: Assets/Packages/Microsoft.CodeAnalysis.Analyzers.3.11.0/buildTransitive/config/analysislevelmicrosoftcodeanalysisperformance_3_3_minimum_warnaserror.globalconfig will be ignored.
Assets/Packages/Microsoft.CodeAnalysis.Analyzers.3.11.0/buildTransitive/config already contains a globalconfig file: Assets/Packages/Microsoft.CodeAnalysis.Analyzers.3.11.0/buildTransitive/config/analysislevel_4_3_none_warnaserror.globalconfig will be ignored.
Assets/Packages/Microsoft.CodeAnalysis.Analyzers.3.11.0/buildTransitive/config already contains a globalconfig file: Assets/Packages/Microsoft.CodeAnalysis.Analyzers.3.11.0/buildTransitive/config/analysislevelmicrosoftcodeanalysiscompatibility_2_9_8_default_warnaserror.globalconfig will be ignored.
Assets/Packages/Microsoft.CodeAnalysis.Analyzers.3.11.0/buildTransitive/config already contains a globalconfig file: Assets/Packages/Microsoft.CodeAnalysis.Analyzers.3.11.0/buildTransitive/config/analysislevelcorrectness_2_9_8_none_warnaserror.globalconfig will be ignored.
Assets/Packages/Microsoft.CodeAnalysis.Analyzers.3.11.0/buildTransitive/config already contains a globalconfig file: Assets/Packages/Microsoft.CodeAnalysis.Analyzers.3.11.0/buildTransitive/config/analysislevelmicrosoftcodeanalysisreleasetracking_3_default_warnaserror.globalconfig will be ignored.
Assets/Packages/Microsoft.CodeAnalysis.Analyzers.3.11.0/buildTransitive/config already contains a globalconfig file: Assets/Packages/Microsoft.CodeAnalysis.Analyzers.3.11.0/buildTransitive/config/analysislevelmicrosoftcodeanalysisdesign_3_3_3_all.globalconfig will be ignored.
Assets/Packages/Microsoft.CodeAnalysis.Analyzers.3.11.0/buildTransitive/config already contains a globalconfig file: Assets/Packages/Microsoft.CodeAnalysis.Analyzers.3.11.0/buildTransitive/config/analysislevel_3_3_4_minimum_warnaserror.globalconfig will be ignored.
Assets/Packages/Microsoft.CodeAnalysis.Analyzers.3.11.0/buildTransitive/config already contains a globalconfig file: Assets/Packages/Microsoft.CodeAnalysis.Analyzers.3.11.0/buildTransitive/config/analysislevel_3_minimum_warnaserror.globalconfig will be ignored.
Assets/Packages/Microsoft.CodeAnalysis.Analyzers.3.11.0/buildTransitive/config already contains a globalconfig file: Assets/Packages/Microsoft.CodeAnalysis.Analyzers.3.11.0/buildTransitive/config/analysislevelmicrosoftcodeanalysiscompatibility_3_3_all_warnaserror.globalconfig will be ignored.
Assets/Packages/Microsoft.CodeAnalysis.Analyzers.3.11.0/buildTransitive/config already contains a globalconfig file: Assets/Packages/Microsoft.CodeAnalysis.Analyzers.3.11.0/buildTransitive/config/analysislevelmicrosoftcodeanalysisdesign_3_default.globalconfig will be ignored.
Assets/Packages/Microsoft.CodeAnalysis.Analyzers.3.11.0/buildTransitive/config already contains a globalconfig file: Assets/Packages/Microsoft.CodeAnalysis.Analyzers.3.11.0/buildTransitive/config/analysislevelmicrosoftcodeanalysiscompatibility_2_9_8_all_warnaserror.globalconfig will be ignored.
Assets/Packages/Microsoft.CodeAnalysis.Analyzers.3.11.0/buildTransitive/config already contains a globalconfig file: Assets/Packages/Microsoft.CodeAnalysis.Analyzers.3.11.0/buildTransitive/config/analysislevelmicrosoftcodeanalysisdesign_3_3_4_none_warnaserror.globalconfig will be ignored.
Assets/Packages/Microsoft.CodeAnalysis.Analyzers.3.11.0/buildTransitive/config already contains a globalconfig file: Assets/Packages/Microsoft.CodeAnalysis.Analyzers.3.11.0/buildTransitive/config/analysislevelcorrectness_3_3_4_none_warnaserror.globalconfig will be ignored.
Assets/Packages/Microsoft.CodeAnalysis.Analyzers.3.11.0/buildTransitive/config already contains a globalconfig file: Assets/Packages/Microsoft.CodeAnalysis.Analyzers.3.11.0/buildTransitive/config/analysislevelmicrosoftcodeanalysisreleasetracking_3_3_4_default_warnaserror.globalconfig will be ignored.
Assets/Packages/Microsoft.CodeAnalysis.Analyzers.3.11.0/buildTransitive/config already contains a globalconfig file: Assets/Packages/Microsoft.CodeAnalysis.Analyzers.3.11.0/buildTransitive/config/analysislevelmicrosoftcodeanalysisdesign_4_3_recommended.globalconfig will be ignored.
Assets/Packages/Microsoft.CodeAnalysis.Analyzers.3.11.0/buildTransitive/config already contains a globalconfig file: Assets/Packages/Microsoft.CodeAnalysis.Analyzers.3.11.0/buildTransitive/config/analysislevelmicrosoftcodeanalysislocalization_4_3_minimum.globalconfig will be ignored.
Assets/Packages/Microsoft.CodeAnalysis.Analyzers.3.11.0/buildTransitive/config already contains a globalconfig file: Assets/Packages/Microsoft.CodeAnalysis.Analyzers.3.11.0/buildTransitive/config/analysislevelcorrectness_3_3_recommended_warnaserror.globalconfig will be ignored.
Assets/Packages/Microsoft.CodeAnalysis.Analyzers.3.11.0/buildTransitive/config already contains a globalconfig file: Assets/Packages/Microsoft.CodeAnalysis.Analyzers.3.11.0/buildTransitive/config/analysislevelmicrosoftcodeanalysisdocumentation_2_9_8_all.globalconfig will be ignored.
Assets/Packages/Microsoft.CodeAnalysis.Analyzers.3.11.0/buildTransitive/config already contains a globalconfig file: Assets/Packages/Microsoft.CodeAnalysis.Analyzers.3.11.0/buildTransitive/config/analysislevelmicrosoftcodeanalysisdesign_2_9_8_all.globalconfig will be ignored.
Assets/Packages/Microsoft.CodeAnalysis.Analyzers.3.11.0/buildTransitive/config already contains a globalconfig file: Assets/Packages/Microsoft.CodeAnalysis.Analyzers.3.11.0/buildTransitive/config/analysislevellibrary_4_3_minimum_warnaserror.globalconfig will be ignored.
Assets/Packages/Microsoft.CodeAnalysis.Analyzers.3.11.0/buildTransitive/config already contains a globalconfig file: Assets/Packages/Microsoft.CodeAnalysis.Analyzers.3.11.0/buildTransitive/config/analysislevelmicrosoftcodeanalysisdocumentation_3_3_recommended_warnaserror.globalconfig will be ignored.
Assets/Packages/Microsoft.CodeAnalysis.Analyzers.3.11.0/buildTransitive/config already contains a globalconfig file: Assets/Packages/Microsoft.CodeAnalysis.Analyzers.3.11.0/buildTransitive/config/analysislevelmicrosoftcodeanalysisperformance_3_default_warnaserror.globalconfig will be ignored.
Assets/Packages/Microsoft.CodeAnalysis.Analyzers.3.11.0/buildTransitive/config already contains a globalconfig file: Assets/Packages/Microsoft.CodeAnalysis.Analyzers.3.11.0/buildTransitive/config/analysislevel_2_9_8_all_warnaserror.globalconfig will be ignored.
Assets/Packages/Microsoft.CodeAnalysis.Analyzers.3.11.0/buildTransitive/config already contains a globalconfig file: Assets/Packages/Microsoft.CodeAnalysis.Analyzers.3.11.0/buildTransitive/config/analysislevel_3_3_none.globalconfig will be ignored.
Assets/Packages/Microsoft.CodeAnalysis.Analyzers.3.11.0/buildTransitive/config already contains a globalconfig file: Assets/Packages/Microsoft.CodeAnalysis.Analyzers.3.11.0/buildTransitive/config/analysislevelmicrosoftcodeanalysiscompatibility_3_3_3_all.globalconfig will be ignored.
Assets/Packages/Microsoft.CodeAnalysis.Analyzers.3.11.0/buildTransitive/config already contains a globalconfig file: Assets/Packages/Microsoft.CodeAnalysis.Analyzers.3.11.0/buildTransitive/config/analysislevelmicrosoftcodeanalysiscompatibility_2_9_8_none_warnaserror.globalconfig will be ignored.
Assets/Packages/Microsoft.CodeAnalysis.Analyzers.3.11.0/buildTransitive/config already contains a globalconfig file: Assets/Packages/Microsoft.CodeAnalysis.Analyzers.3.11.0/buildTransitive/config/analysislevelmicrosoftcodeanalysislocalization_3_all_warnaserror.globalconfig will be ignored.
Assets/Packages/Microsoft.CodeAnalysis.Analyzers.3.11.0/buildTransitive/config already contains a globalconfig file: Assets/Packages/Microsoft.CodeAnalysis.Analyzers.3.11.0/buildTransitive/config/analysislevelmicrosoftcodeanalysisdocumentation_3_default.globalconfig will be ignored.
Assets/Packages/Microsoft.CodeAnalysis.Analyzers.3.11.0/buildTransitive/config already contains a globalconfig file: Assets/Packages/Microsoft.CodeAnalysis.Analyzers.3.11.0/buildTransitive/config/analysislevelmicrosoftcodeanalysisreleasetracking_3_none.globalconfig will be ignored.
Assets/Packages/Microsoft.CodeAnalysis.Analyzers.3.11.0/buildTransitive/config already contains a globalconfig file: Assets/Packages/Microsoft.CodeAnalysis.Analyzers.3.11.0/buildTransitive/config/analysislevelmicrosoftcodeanalysislocalization_3_3_all_warnaserror.globalconfig will be ignored.
Assets/Packages/Microsoft.CodeAnalysis.Analyzers.3.11.0/buildTransitive/config already contains a globalconfig file: Assets/Packages/Microsoft.CodeAnalysis.Analyzers.3.11.0/buildTransitive/config/analysislevelmicrosoftcodeanalysiscompatibility_3_3_4_default.globalconfig will be ignored.
Assets/Packages/Microsoft.CodeAnalysis.Analyzers.3.11.0/buildTransitive/config already contains a globalconfig file: Assets/Packages/Microsoft.CodeAnalysis.Analyzers.3.11.0/buildTransitive/config/analysislevelmicrosoftcodeanalysiscompatibility_3_none.globalconfig will be ignored.
Assets/Packages/Microsoft.CodeAnalysis.Analyzers.3.11.0/buildTransitive/config already contains a globalconfig file: Assets/Packages/Microsoft.CodeAnalysis.Analyzers.3.11.0/buildTransitive/config/analysislevelmicrosoftcodeanalysiscorrectness_3_3_none_warnaserror.globalconfig will be ignored.
Assets/Packages/Microsoft.CodeAnalysis.Analyzers.3.11.0/buildTransitive/config already contains a globalconfig file: Assets/Packages/Microsoft.CodeAnalysis.Analyzers.3.11.0/buildTransitive/config/analysislevelmicrosoftcodeanalysiscompatibility_3_3_3_all_warnaserror.globalconfig will be ignored.
Assets/Packages/Microsoft.CodeAnalysis.Analyzers.3.11.0/buildTransitive/config already contains a globalconfig file: Assets/Packages/Microsoft.CodeAnalysis.Analyzers.3.11.0/buildTransitive/config/analysislevelmicrosoftcodeanalysisperformance_4_3_default_warnaserror.globalconfig will be ignored.
Assets/Packages/Microsoft.CodeAnalysis.Analyzers.3.11.0/buildTransitive/config already contains a globalconfig file: Assets/Packages/Microsoft.CodeAnalysis.Analyzers.3.11.0/buildTransitive/config/analysislevel_3_default.globalconfig will be ignored.
Assets/Packages/Microsoft.CodeAnalysis.Analyzers.3.11.0/buildTransitive/config already contains a globalconfig file: Assets/Packages/Microsoft.CodeAnalysis.Analyzers.3.11.0/buildTransitive/config/analysislevelmicrosoftcodeanalysisdocumentation_4_3_all_warnaserror.globalconfig will be ignored.
Assets/Packages/Microsoft.CodeAnalysis.Analyzers.3.11.0/buildTransitive/config already contains a globalconfig file: Assets/Packages/Microsoft.CodeAnalysis.Analyzers.3.11.0/buildTransitive/config/analysislevelmicrosoftcodeanalysisdocumentation_3_3_default.globalconfig will be ignored.
Assets/Packages/Microsoft.CodeAnalysis.Analyzers.3.11.0/buildTransitive/config already contains a globalconfig file: Assets/Packages/Microsoft.CodeAnalysis.Analyzers.3.11.0/buildTransitive/config/analysislevelcorrectness_3_default.globalconfig will be ignored.
Assets/Packages/Microsoft.CodeAnalysis.Analyzers.3.11.0/buildTransitive/config already contains a globalconfig file: Assets/Packages/Microsoft.CodeAnalysis.Analyzers.3.11.0/buildTransitive/config/analysislevelcorrectness_3_minimum_warnaserror.globalconfig will be ignored.
Assets/Packages/Microsoft.CodeAnalysis.Analyzers.3.11.0/buildTransitive/config already contains a globalconfig file: Assets/Packages/Microsoft.CodeAnalysis.Analyzers.3.11.0/buildTransitive/config/analysislevelmicrosoftcodeanalysislocalization_2_9_8_minimum_warnaserror.globalconfig will be ignored.
Assets/Packages/Microsoft.CodeAnalysis.Analyzers.3.11.0/buildTransitive/config already contains a globalconfig file: Assets/Packages/Microsoft.CodeAnalysis.Analyzers.3.11.0/buildTransitive/config/analysislevellibrary_3_3_3_recommended_warnaserror.globalconfig will be ignored.
Assets/Packages/Microsoft.CodeAnalysis.Analyzers.3.11.0/buildTransitive/config already contains a globalconfig file: Assets/Packages/Microsoft.CodeAnalysis.Analyzers.3.11.0/buildTransitive/config/analysislevelmicrosoftcodeanalysisreleasetracking_3_3_3_minimum.globalconfig will be ignored.
Assets/Packages/Microsoft.CodeAnalysis.Analyzers.3.11.0/buildTransitive/config already contains a globalconfig file: Assets/Packages/Microsoft.CodeAnalysis.Analyzers.3.11.0/buildTransitive/config/analysislevelmicrosoftcodeanalysiscompatibility_3_3_3_default.globalconfig will be ignored.
Assets/Packages/Microsoft.CodeAnalysis.Analyzers.3.11.0/buildTransitive/config already contains a globalconfig file: Assets/Packages/Microsoft.CodeAnalysis.Analyzers.3.11.0/buildTransitive/config/analysislevelmicrosoftcodeanalysisdesign_4_3_minimum.globalconfig will be ignored.
Assets/Packages/Microsoft.CodeAnalysis.Analyzers.3.11.0/buildTransitive/config already contains a globalconfig file: Assets/Packages/Microsoft.CodeAnalysis.Analyzers.3.11.0/buildTransitive/config/analysislevelmicrosoftcodeanalysisperformance_3_3_minimum.globalconfig will be ignored.
Assets/Packages/Microsoft.CodeAnalysis.Analyzers.3.11.0/buildTransitive/config already contains a globalconfig file: Assets/Packages/Microsoft.CodeAnalysis.Analyzers.3.11.0/buildTransitive/config/analysislevelmicrosoftcodeanalysiscompatibility_4_3_none_warnaserror.globalconfig will be ignored.
Assets/Packages/Microsoft.CodeAnalysis.Analyzers.3.11.0/buildTransitive/config already contains a globalconfig file: Assets/Packages/Microsoft.CodeAnalysis.Analyzers.3.11.0/buildTransitive/config/analysislevelmicrosoftcodeanalysiscompatibility_3_3_3_none_warnaserror.globalconfig will be ignored.
Assets/Packages/Microsoft.CodeAnalysis.Analyzers.3.11.0/buildTransitive/config already contains a globalconfig file: Assets/Packages/Microsoft.CodeAnalysis.Analyzers.3.11.0/buildTransitive/config/analysislevelmicrosoftcodeanalysisreleasetracking_3_3_recommended.globalconfig will be ignored.
Assets/Packages/Microsoft.CodeAnalysis.Analyzers.3.11.0/buildTransitive/config already contains a globalconfig file: Assets/Packages/Microsoft.CodeAnalysis.Analyzers.3.11.0/buildTransitive/config/analysislevellibrary_3_3_4_none.globalconfig will be ignored.
Assets/Packages/Microsoft.CodeAnalysis.Analyzers.3.11.0/buildTransitive/config already contains a globalconfig file: Assets/Packages/Microsoft.CodeAnalysis.Analyzers.3.11.0/buildTransitive/config/analysislevelcorrectness_4_3_none_warnaserror.globalconfig will be ignored.
Assets/Packages/Microsoft.CodeAnalysis.Analyzers.3.11.0/buildTransitive/config already contains a globalconfig file: Assets/Packages/Microsoft.CodeAnalysis.Analyzers.3.11.0/buildTransitive/config/analysislevelmicrosoftcodeanalysisdocumentation_4_3_minimum_warnaserror.globalconfig will be ignored.
Assets/Packages/Microsoft.CodeAnalysis.Analyzers.3.11.0/buildTransitive/config already contains a globalconfig file: Assets/Packages/Microsoft.CodeAnalysis.Analyzers.3.11.0/buildTransitive/config/analysislevellibrary_3_3_4_recommended.globalconfig will be ignored.
Assets/Packages/Microsoft.CodeAnalysis.Analyzers.3.11.0/buildTransitive/config already contains a globalconfig file: Assets/Packages/Microsoft.CodeAnalysis.Analyzers.3.11.0/buildTransitive/config/analysislevelmicrosoftcodeanalysisdesign_3_3_4_minimum.globalconfig will be ignored.
Assets/Packages/Microsoft.CodeAnalysis.Analyzers.3.11.0/buildTransitive/config already contains a globalconfig file: Assets/Packages/Microsoft.CodeAnalysis.Analyzers.3.11.0/buildTransitive/config/analysislevelmicrosoftcodeanalysisreleasetracking_4_3_default.globalconfig will be ignored.
Assets/Packages/Microsoft.CodeAnalysis.Analyzers.3.11.0/buildTransitive/config already contains a globalconfig file: Assets/Packages/Microsoft.CodeAnalysis.Analyzers.3.11.0/buildTransitive/config/analysislevelmicrosoftcodeanalysiscorrectness_3_3_3_none_warnaserror.globalconfig will be ignored.
Assets/Packages/Microsoft.CodeAnalysis.Analyzers.3.11.0/buildTransitive/config already contains a globalconfig file: Assets/Packages/Microsoft.CodeAnalysis.Analyzers.3.11.0/buildTransitive/config/analysislevel_3_3_4_none.globalconfig will be ignored.
Assets/Packages/Microsoft.CodeAnalysis.Analyzers.3.11.0/buildTransitive/config already contains a globalconfig file: Assets/Packages/Microsoft.CodeAnalysis.Analyzers.3.11.0/buildTransitive/config/analysislevelmicrosoftcodeanalysiscorrectness_3_3_minimum.globalconfig will be ignored.
Assets/Packages/Microsoft.CodeAnalysis.Analyzers.3.11.0/buildTransitive/config already contains a globalconfig file: Assets/Packages/Microsoft.CodeAnalysis.Analyzers.3.11.0/buildTransitive/config/analysislevel_3_3_4_minimum.globalconfig will be ignored.
Assets/Packages/Microsoft.CodeAnalysis.Analyzers.3.11.0/buildTransitive/config already contains a globalconfig file: Assets/Packages/Microsoft.CodeAnalysis.Analyzers.3.11.0/buildTransitive/config/analysislevelcorrectness_2_9_8_default.globalconfig will be ignored.
Assets/Packages/Microsoft.CodeAnalysis.Analyzers.3.11.0/buildTransitive/config already contains a globalconfig file: Assets/Packages/Microsoft.CodeAnalysis.Analyzers.3.11.0/buildTransitive/config/analysislevelmicrosoftcodeanalysisreleasetracking_3_3_3_recommended_warnaserror.globalconfig will be ignored.
Assets/Packages/Microsoft.CodeAnalysis.Analyzers.3.11.0/buildTransitive/config already contains a globalconfig file: Assets/Packages/Microsoft.CodeAnalysis.Analyzers.3.11.0/buildTransitive/config/analysislevelmicrosoftcodeanalysiscorrectness_3_3_none.globalconfig will be ignored.
Assets/Packages/Microsoft.CodeAnalysis.Analyzers.3.11.0/buildTransitive/config already contains a globalconfig file: Assets/Packages/Microsoft.CodeAnalysis.Analyzers.3.11.0/buildTransitive/config/analysislevellibrary_3_3_3_default.globalconfig will be ignored.
Assets/Packages/Microsoft.CodeAnalysis.Analyzers.3.11.0/buildTransitive/config already contains a globalconfig file: Assets/Packages/Microsoft.CodeAnalysis.Analyzers.3.11.0/buildTransitive/config/analysislevel_2_9_8_minimum.globalconfig will be ignored.
Assets/Packages/Microsoft.CodeAnalysis.Analyzers.3.11.0/buildTransitive/config already contains a globalconfig file: Assets/Packages/Microsoft.CodeAnalysis.Analyzers.3.11.0/buildTransitive/config/analysislevelmicrosoftcodeanalysisreleasetracking_3_all.globalconfig will be ignored.
Assets/Packages/Microsoft.CodeAnalysis.Analyzers.3.11.0/buildTransitive/config already contains a globalconfig file: Assets/Packages/Microsoft.CodeAnalysis.Analyzers.3.11.0/buildTransitive/config/analysislevelmicrosoftcodeanalysiscorrectness_3_3_3_recommended.globalconfig will be ignored.
Assets/Packages/Microsoft.CodeAnalysis.Analyzers.3.11.0/buildTransitive/config already contains a globalconfig file: Assets/Packages/Microsoft.CodeAnalysis.Analyzers.3.11.0/buildTransitive/config/analysislevelmicrosoftcodeanalysiscorrectness_4_3_recommended_warnaserror.globalconfig will be ignored.
Assets/Packages/Microsoft.CodeAnalysis.Analyzers.3.11.0/buildTransitive/config already contains a globalconfig file: Assets/Packages/Microsoft.CodeAnalysis.Analyzers.3.11.0/buildTransitive/config/analysislevellibrary_2_9_8_recommended_warnaserror.globalconfig will be ignored.
Assets/Packages/Microsoft.CodeAnalysis.Analyzers.3.11.0/buildTransitive/config already contains a globalconfig file: Assets/Packages/Microsoft.CodeAnalysis.Analyzers.3.11.0/buildTransitive/config/analysislevelmicrosoftcodeanalysislocalization_2_9_8_default.globalconfig will be ignored.
Assets/Packages/Microsoft.CodeAnalysis.Analyzers.3.11.0/buildTransitive/config already contains a globalconfig file: Assets/Packages/Microsoft.CodeAnalysis.Analyzers.3.11.0/buildTransitive/config/analysislevelmicrosoftcodeanalysisperformance_2_9_8_minimum.globalconfig will be ignored.
Assets/Packages/Microsoft.CodeAnalysis.Analyzers.3.11.0/buildTransitive/config already contains a globalconfig file: Assets/Packages/Microsoft.CodeAnalysis.Analyzers.3.11.0/buildTransitive/config/analysislevelmicrosoftcodeanalysisdesign_4_3_default.globalconfig will be ignored.
Assets/Packages/Microsoft.CodeAnalysis.Analyzers.3.11.0/buildTransitive/config already contains a globalconfig file: Assets/Packages/Microsoft.CodeAnalysis.Analyzers.3.11.0/buildTransitive/config/analysislevelmicrosoftcodeanalysisperformance_2_9_8_minimum_warnaserror.globalconfig will be ignored.
Assets/Packages/Microsoft.CodeAnalysis.Analyzers.3.11.0/buildTransitive/config already contains a globalconfig file: Assets/Packages/Microsoft.CodeAnalysis.Analyzers.3.11.0/buildTransitive/config/analysislevel_3_minimum.globalconfig will be ignored.
Assets/Packages/Microsoft.CodeAnalysis.Analyzers.3.11.0/buildTransitive/config already contains a globalconfig file: Assets/Packages/Microsoft.CodeAnalysis.Analyzers.3.11.0/buildTransitive/config/analysislevelmicrosoftcodeanalysiscorrectness_3_3_4_default_warnaserror.globalconfig will be ignored.
Assets/Packages/Microsoft.CodeAnalysis.Analyzers.3.11.0/buildTransitive/config already contains a globalconfig file: Assets/Packages/Microsoft.CodeAnalysis.Analyzers.3.11.0/buildTransitive/config/analysislevelmicrosoftcodeanalysisperformance_3_3_3_none.globalconfig will be ignored.
Assets/Packages/Microsoft.CodeAnalysis.Analyzers.3.11.0/buildTransitive/config already contains a globalconfig file: Assets/Packages/Microsoft.CodeAnalysis.Analyzers.3.11.0/buildTransitive/config/analysislevelmicrosoftcodeanalysisdocumentation_3_3_default_warnaserror.globalconfig will be ignored.
Assets/Packages/Microsoft.CodeAnalysis.Analyzers.3.11.0/buildTransitive/config already contains a globalconfig file: Assets/Packages/Microsoft.CodeAnalysis.Analyzers.3.11.0/buildTransitive/config/analysislevel_3_3_minimum_warnaserror.globalconfig will be ignored.
Assets/Packages/Microsoft.CodeAnalysis.Analyzers.3.11.0/buildTransitive/config already contains a globalconfig file: Assets/Packages/Microsoft.CodeAnalysis.Analyzers.3.11.0/buildTransitive/config/analysislevelmicrosoftcodeanalysisperformance_3_all.globalconfig will be ignored.
Assets/Packages/Microsoft.CodeAnalysis.Analyzers.3.11.0/buildTransitive/config already contains a globalconfig file: Assets/Packages/Microsoft.CodeAnalysis.Analyzers.3.11.0/buildTransitive/config/analysislevelmicrosoftcodeanalysislocalization_3_3_default.globalconfig will be ignored.
Assets/Packages/Microsoft.CodeAnalysis.Analyzers.3.11.0/buildTransitive/config already contains a globalconfig file: Assets/Packages/Microsoft.CodeAnalysis.Analyzers.3.11.0/buildTransitive/config/analysislevelmicrosoftcodeanalysislocalization_3_default_warnaserror.globalconfig will be ignored.
Assets/Packages/Microsoft.CodeAnalysis.Analyzers.3.11.0/buildTransitive/config already contains a globalconfig file: Assets/Packages/Microsoft.CodeAnalysis.Analyzers.3.11.0/buildTransitive/config/analysislevel_4_3_recommended.globalconfig will be ignored.
Assets/Packages/Microsoft.CodeAnalysis.Analyzers.3.11.0/buildTransitive/config already contains a globalconfig file: Assets/Packages/Microsoft.CodeAnalysis.Analyzers.3.11.0/buildTransitive/config/analysislevelmicrosoftcodeanalysislocalization_3_default.globalconfig will be ignored.
Assets/Packages/Microsoft.CodeAnalysis.Analyzers.3.11.0/buildTransitive/config already contains a globalconfig file: Assets/Packages/Microsoft.CodeAnalysis.Analyzers.3.11.0/buildTransitive/config/analysislevelmicrosoftcodeanalysisreleasetracking_4_3_recommended_warnaserror.globalconfig will be ignored.
Assets/Packages/Microsoft.CodeAnalysis.Analyzers.3.11.0/buildTransitive/config already contains a globalconfig file: Assets/Packages/Microsoft.CodeAnalysis.Analyzers.3.11.0/buildTransitive/config/analysislevelmicrosoftcodeanalysislocalization_4_3_recommended_warnaserror.globalconfig will be ignored.
Assets/Packages/Microsoft.CodeAnalysis.Analyzers.3.11.0/buildTransitive/config already contains a globalconfig file: Assets/Packages/Microsoft.CodeAnalysis.Analyzers.3.11.0/buildTransitive/config/analysislevelmicrosoftcodeanalysiscompatibility_3_minimum.globalconfig will be ignored.
Assets/Packages/Microsoft.CodeAnalysis.Analyzers.3.11.0/buildTransitive/config already contains a globalconfig file: Assets/Packages/Microsoft.CodeAnalysis.Analyzers.3.11.0/buildTransitive/config/analysislevelmicrosoftcodeanalysisdocumentation_3_3_minimum_warnaserror.globalconfig will be ignored.
Assets/Packages/Microsoft.CodeAnalysis.Analyzers.3.11.0/buildTransitive/config already contains a globalconfig file: Assets/Packages/Microsoft.CodeAnalysis.Analyzers.3.11.0/buildTransitive/config/analysislevelmicrosoftcodeanalysiscorrectness_3_3_3_minimum_warnaserror.globalconfig will be ignored.
Assets/Packages/Microsoft.CodeAnalysis.Analyzers.3.11.0/buildTransitive/config already contains a globalconfig file: Assets/Packages/Microsoft.CodeAnalysis.Analyzers.3.11.0/buildTransitive/config/analysislevelmicrosoftcodeanalysiscompatibility_3_3_default_warnaserror.globalconfig will be ignored.
Assets/Packages/Microsoft.CodeAnalysis.Analyzers.3.11.0/buildTransitive/config already contains a globalconfig file: Assets/Packages/Microsoft.CodeAnalysis.Analyzers.3.11.0/buildTransitive/config/analysislevelmicrosoftcodeanalysiscompatibility_3_none_warnaserror.globalconfig will be ignored.
Assets/Packages/Microsoft.CodeAnalysis.Analyzers.3.11.0/buildTransitive/config already contains a globalconfig file: Assets/Packages/Microsoft.CodeAnalysis.Analyzers.3.11.0/buildTransitive/config/analysislevelmicrosoftcodeanalysisperformance_3_3_4_recommended_warnaserror.globalconfig will be ignored.
Assets/Packages/Microsoft.CodeAnalysis.Analyzers.3.11.0/buildTransitive/config already contains a globalconfig file: Assets/Packages/Microsoft.CodeAnalysis.Analyzers.3.11.0/buildTransitive/config/analysislevelmicrosoftcodeanalysisreleasetracking_2_9_8_none.globalconfig will be ignored.
Assets/Packages/Microsoft.CodeAnalysis.Analyzers.3.11.0/buildTransitive/config already contains a globalconfig file: Assets/Packages/Microsoft.CodeAnalysis.Analyzers.3.11.0/buildTransitive/config/analysislevelmicrosoftcodeanalysislocalization_3_minimum_warnaserror.globalconfig will be ignored.
Assets/Packages/Microsoft.CodeAnalysis.Analyzers.3.11.0/buildTransitive/config already contains a globalconfig file: Assets/Packages/Microsoft.CodeAnalysis.Analyzers.3.11.0/buildTransitive/config/analysislevelcorrectness_3_3_none_warnaserror.globalconfig will be ignored.
Assets/Packages/Microsoft.CodeAnalysis.Analyzers.3.11.0/buildTransitive/config already contains a globalconfig file: Assets/Packages/Microsoft.CodeAnalysis.Analyzers.3.11.0/buildTransitive/config/analysislevelcorrectness_3_3_default.globalconfig will be ignored.
Assets/Packages/Microsoft.CodeAnalysis.Analyzers.3.11.0/buildTransitive/config already contains a globalconfig file: Assets/Packages/Microsoft.CodeAnalysis.Analyzers.3.11.0/buildTransitive/config/analysislevelmicrosoftcodeanalysisreleasetracking_3_3_all_warnaserror.globalconfig will be ignored.
Assets/Packages/Microsoft.CodeAnalysis.Analyzers.3.11.0/buildTransitive/config already contains a globalconfig file: Assets/Packages/Microsoft.CodeAnalysis.Analyzers.3.11.0/buildTransitive/config/analysislevellibrary_3_3_3_recommended.globalconfig will be ignored.
Assets/Packages/Microsoft.CodeAnalysis.Analyzers.3.11.0/buildTransitive/config already contains a globalconfig file: Assets/Packages/Microsoft.CodeAnalysis.Analyzers.3.11.0/buildTransitive/config/analysislevelmicrosoftcodeanalysiscompatibility_3_3_none.globalconfig will be ignored.
Assets/Packages/Microsoft.CodeAnalysis.Analyzers.3.11.0/buildTransitive/config already contains a globalconfig file: Assets/Packages/Microsoft.CodeAnalysis.Analyzers.3.11.0/buildTransitive/config/analysislevel_3_3_3_all.globalconfig will be ignored.
Assets/Packages/Microsoft.CodeAnalysis.Analyzers.3.11.0/buildTransitive/config already contains a globalconfig file: Assets/Packages/Microsoft.CodeAnalysis.Analyzers.3.11.0/buildTransitive/config/analysislevelmicrosoftcodeanalysislocalization_3_3_3_none_warnaserror.globalconfig will be ignored.
Assets/Packages/Microsoft.CodeAnalysis.Analyzers.3.11.0/buildTransitive/config already contains a globalconfig file: Assets/Packages/Microsoft.CodeAnalysis.Analyzers.3.11.0/buildTransitive/config/analysislevelmicrosoftcodeanalysisdesign_3_none_warnaserror.globalconfig will be ignored.
Assets/Packages/Microsoft.CodeAnalysis.Analyzers.3.11.0/buildTransitive/config already contains a globalconfig file: Assets/Packages/Microsoft.CodeAnalysis.Analyzers.3.11.0/buildTransitive/config/analysislevel_3_default_warnaserror.globalconfig will be ignored.
Assets/Packages/Microsoft.CodeAnalysis.Analyzers.3.11.0/buildTransitive/config already contains a globalconfig file: Assets/Packages/Microsoft.CodeAnalysis.Analyzers.3.11.0/buildTransitive/config/analysislevelmicrosoftcodeanalysiscompatibility_2_9_8_minimum.globalconfig will be ignored.
Assets/Packages/Microsoft.CodeAnalysis.Analyzers.3.11.0/buildTransitive/config already contains a globalconfig file: Assets/Packages/Microsoft.CodeAnalysis.Analyzers.3.11.0/buildTransitive/config/analysislevelmicrosoftcodeanalysisdocumentation_4_3_all.globalconfig will be ignored.
Assets/Packages/Microsoft.CodeAnalysis.Analyzers.3.11.0/buildTransitive/config already contains a globalconfig file: Assets/Packages/Microsoft.CodeAnalysis.Analyzers.3.11.0/buildTransitive/config/analysislevellibrary_2_9_8_default_warnaserror.globalconfig will be ignored.
Assets/Packages/Microsoft.CodeAnalysis.Analyzers.3.11.0/buildTransitive/config already contains a globalconfig file: Assets/Packages/Microsoft.CodeAnalysis.Analyzers.3.11.0/buildTransitive/config/analysislevelmicrosoftcodeanalysisperformance_2_9_8_recommended.globalconfig will be ignored.
Assets/Packages/Microsoft.CodeAnalysis.Analyzers.3.11.0/buildTransitive/config already contains a globalconfig file: Assets/Packages/Microsoft.CodeAnalysis.Analyzers.3.11.0/buildTransitive/config/analysislevelmicrosoftcodeanalysiscorrectness_2_9_8_none.globalconfig will be ignored.
Assets/Packages/Microsoft.CodeAnalysis.Analyzers.3.11.0/buildTransitive/config already contains a globalconfig file: Assets/Packages/Microsoft.CodeAnalysis.Analyzers.3.11.0/buildTransitive/config/analysislevelmicrosoftcodeanalysisreleasetracking_3_3_none_warnaserror.globalconfig will be ignored.
Assets/Packages/Microsoft.CodeAnalysis.Analyzers.3.11.0/buildTransitive/config already contains a globalconfig file: Assets/Packages/Microsoft.CodeAnalysis.Analyzers.3.11.0/buildTransitive/config/analysislevelmicrosoftcodeanalysiscorrectness_2_9_8_minimum_warnaserror.globalconfig will be ignored.
Assets/Packages/Microsoft.CodeAnalysis.Analyzers.3.11.0/buildTransitive/config already contains a globalconfig file: Assets/Packages/Microsoft.CodeAnalysis.Analyzers.3.11.0/buildTransitive/config/analysislevelmicrosoftcodeanalysiscorrectness_3_3_3_default_warnaserror.globalconfig will be ignored.
Assets/Packages/Microsoft.CodeAnalysis.Analyzers.3.11.0/buildTransitive/config already contains a globalconfig file: Assets/Packages/Microsoft.CodeAnalysis.Analyzers.3.11.0/buildTransitive/config/analysislevel_3_all_warnaserror.globalconfig will be ignored.
Assets/Packages/Microsoft.CodeAnalysis.Analyzers.3.11.0/buildTransitive/config already contains a globalconfig file: Assets/Packages/Microsoft.CodeAnalysis.Analyzers.3.11.0/buildTransitive/config/analysislevel_3_3_3_all_warnaserror.globalconfig will be ignored.
Assets/Packages/Microsoft.CodeAnalysis.Analyzers.3.11.0/buildTransitive/config already contains a globalconfig file: Assets/Packages/Microsoft.CodeAnalysis.Analyzers.3.11.0/buildTransitive/config/analysislevelmicrosoftcodeanalysislocalization_3_3_4_none_warnaserror.globalconfig will be ignored.
Assets/Packages/Microsoft.CodeAnalysis.Analyzers.3.11.0/buildTransitive/config already contains a globalconfig file: Assets/Packages/Microsoft.CodeAnalysis.Analyzers.3.11.0/buildTransitive/config/analysislevellibrary_3_3_all_warnaserror.globalconfig will be ignored.
Assets/Packages/Microsoft.CodeAnalysis.Analyzers.3.11.0/buildTransitive/config already contains a globalconfig file: Assets/Packages/Microsoft.CodeAnalysis.Analyzers.3.11.0/buildTransitive/config/analysislevelcorrectness_4_3_recommended_warnaserror.globalconfig will be ignored.
Assets/Packages/Microsoft.CodeAnalysis.Analyzers.3.11.0/buildTransitive/config already contains a globalconfig file: Assets/Packages/Microsoft.CodeAnalysis.Analyzers.3.11.0/buildTransitive/config/analysislevelcorrectness_3_all.globalconfig will be ignored.
Assets/Packages/Microsoft.CodeAnalysis.Analyzers.3.11.0/buildTransitive/config already contains a globalconfig file: Assets/Packages/Microsoft.CodeAnalysis.Analyzers.3.11.0/buildTransitive/config/analysislevelmicrosoftcodeanalysislocalization_2_9_8_all_warnaserror.globalconfig will be ignored.
Assets/Packages/Microsoft.CodeAnalysis.Analyzers.3.11.0/buildTransitive/config already contains a globalconfig file: Assets/Packages/Microsoft.CodeAnalysis.Analyzers.3.11.0/buildTransitive/config/analysislevelmicrosoftcodeanalysisreleasetracking_3_3_4_minimum_warnaserror.globalconfig will be ignored.
Assets/Packages/Microsoft.CodeAnalysis.Analyzers.3.11.0/buildTransitive/config already contains a globalconfig file: Assets/Packages/Microsoft.CodeAnalysis.Analyzers.3.11.0/buildTransitive/config/analysislevelmicrosoftcodeanalysislocalization_3_3_4_minimum_warnaserror.globalconfig will be ignored.
Assets/Packages/Microsoft.CodeAnalysis.Analyzers.3.11.0/buildTransitive/config already contains a globalconfig file: Assets/Packages/Microsoft.CodeAnalysis.Analyzers.3.11.0/buildTransitive/config/analysislevelmicrosoftcodeanalysiscorrectness_2_9_8_recommended.globalconfig will be ignored.
Assets/Packages/Microsoft.CodeAnalysis.Analyzers.3.11.0/buildTransitive/config already contains a globalconfig file: Assets/Packages/Microsoft.CodeAnalysis.Analyzers.3.11.0/buildTransitive/config/analysislevelmicrosoftcodeanalysisperformance_3_3_3_recommended_warnaserror.globalconfig will be ignored.
Assets/Packages/Microsoft.CodeAnalysis.Analyzers.3.11.0/buildTransitive/config already contains a globalconfig file: Assets/Packages/Microsoft.CodeAnalysis.Analyzers.3.11.0/buildTransitive/config/analysislevellibrary_3_3_3_all_warnaserror.globalconfig will be ignored.
Assets/Packages/Microsoft.CodeAnalysis.Analyzers.3.11.0/buildTransitive/config already contains a globalconfig file: Assets/Packages/Microsoft.CodeAnalysis.Analyzers.3.11.0/buildTransitive/config/analysislevelmicrosoftcodeanalysiscorrectness_3_minimum.globalconfig will be ignored.
Assets/Packages/Microsoft.CodeAnalysis.Analyzers.3.11.0/buildTransitive/config already contains a globalconfig file: Assets/Packages/Microsoft.CodeAnalysis.Analyzers.3.11.0/buildTransitive/config/analysislevelcorrectness_4_3_minimum.globalconfig will be ignored.
Assets/Packages/Microsoft.CodeAnalysis.Analyzers.3.11.0/buildTransitive/config already contains a globalconfig file: Assets/Packages/Microsoft.CodeAnalysis.Analyzers.3.11.0/buildTransitive/config/analysislevelmicrosoftcodeanalysislocalization_3_recommended.globalconfig will be ignored.
Assets/Packages/Microsoft.CodeAnalysis.Analyzers.3.11.0/buildTransitive/config already contains a globalconfig file: Assets/Packages/Microsoft.CodeAnalysis.Analyzers.3.11.0/buildTransitive/config/analysislevel_3_3_3_none_warnaserror.globalconfig will be ignored.
Assets/Packages/Microsoft.CodeAnalysis.Analyzers.3.11.0/buildTransitive/config already contains a globalconfig file: Assets/Packages/Microsoft.CodeAnalysis.Analyzers.3.11.0/buildTransitive/config/analysislevelcorrectness_3_3_4_recommended_warnaserror.globalconfig will be ignored.
Assets/Packages/Microsoft.CodeAnalysis.Analyzers.3.11.0/buildTransitive/config already contains a globalconfig file: Assets/Packages/Microsoft.CodeAnalysis.Analyzers.3.11.0/buildTransitive/config/analysislevelmicrosoftcodeanalysisperformance_3_3_3_recommended.globalconfig will be ignored.
Assets/Packages/Microsoft.CodeAnalysis.Analyzers.3.11.0/buildTransitive/config already contains a globalconfig file: Assets/Packages/Microsoft.CodeAnalysis.Analyzers.3.11.0/buildTransitive/config/analysislevelmicrosoftcodeanalysisdocumentation_2_9_8_default.globalconfig will be ignored.
Assets/Packages/Microsoft.CodeAnalysis.Analyzers.3.11.0/buildTransitive/config already contains a globalconfig file: Assets/Packages/Microsoft.CodeAnalysis.Analyzers.3.11.0/buildTransitive/config/analysislevel_4_3_all.globalconfig will be ignored.
Assets/Packages/Microsoft.CodeAnalysis.Analyzers.3.11.0/buildTransitive/config already contains a globalconfig file: Assets/Packages/Microsoft.CodeAnalysis.Analyzers.3.11.0/buildTransitive/config/analysislevelmicrosoftcodeanalysisdocumentation_3_none.globalconfig will be ignored.
Assets/Packages/Microsoft.CodeAnalysis.Analyzers.3.11.0/buildTransitive/config already contains a globalconfig file: Assets/Packages/Microsoft.CodeAnalysis.Analyzers.3.11.0/buildTransitive/config/analysislevelmicrosoftcodeanalysisreleasetracking_3_3_4_none_warnaserror.globalconfig will be ignored.
Assets/Packages/Microsoft.CodeAnalysis.Analyzers.3.11.0/buildTransitive/config already contains a globalconfig file: Assets/Packages/Microsoft.CodeAnalysis.Analyzers.3.11.0/buildTransitive/config/analysislevelmicrosoftcodeanalysisdocumentation_3_3_3_all_warnaserror.globalconfig will be ignored.
Assets/Packages/Microsoft.CodeAnalysis.Analyzers.3.11.0/buildTransitive/config already contains a globalconfig file: Assets/Packages/Microsoft.CodeAnalysis.Analyzers.3.11.0/buildTransitive/config/analysislevelmicrosoftcodeanalysisperformance_3_3_none.globalconfig will be ignored.
Assets/Packages/Microsoft.CodeAnalysis.Analyzers.3.11.0/buildTransitive/config already contains a globalconfig file: Assets/Packages/Microsoft.CodeAnalysis.Analyzers.3.11.0/buildTransitive/config/analysislevelmicrosoftcodeanalysisdocumentation_3_3_4_minimum_warnaserror.globalconfig will be ignored.
Assets/Packages/Microsoft.CodeAnalysis.Analyzers.3.11.0/buildTransitive/config already contains a globalconfig file: Assets/Packages/Microsoft.CodeAnalysis.Analyzers.3.11.0/buildTransitive/config/analysislevelmicrosoftcodeanalysiscompatibility_3_3_4_minimum.globalconfig will be ignored.
Assets/Packages/Microsoft.CodeAnalysis.Analyzers.3.11.0/buildTransitive/config already contains a globalconfig file: Assets/Packages/Microsoft.CodeAnalysis.Analyzers.3.11.0/buildTransitive/config/analysislevelmicrosoftcodeanalysisreleasetracking_3_all_warnaserror.globalconfig will be ignored.
Assets/Packages/Microsoft.CodeAnalysis.Analyzers.3.11.0/buildTransitive/config already contains a globalconfig file: Assets/Packages/Microsoft.CodeAnalysis.Analyzers.3.11.0/buildTransitive/config/analysislevellibrary_3_3_4_recommended_warnaserror.globalconfig will be ignored.
Assets/Packages/Microsoft.CodeAnalysis.Analyzers.3.11.0/buildTransitive/config already contains a globalconfig file: Assets/Packages/Microsoft.CodeAnalysis.Analyzers.3.11.0/buildTransitive/config/analysislevellibrary_2_9_8_minimum.globalconfig will be ignored.
Assets/Packages/Microsoft.CodeAnalysis.Analyzers.3.11.0/buildTransitive/config already contains a globalconfig file: Assets/Packages/Microsoft.CodeAnalysis.Analyzers.3.11.0/buildTransitive/config/analysislevelmicrosoftcodeanalysisreleasetracking_4_3_minimum_warnaserror.globalconfig will be ignored.
Assets/Packages/Microsoft.CodeAnalysis.Analyzers.3.11.0/buildTransitive/config already contains a globalconfig file: Assets/Packages/Microsoft.CodeAnalysis.Analyzers.3.11.0/buildTransitive/config/analysislevelmicrosoftcodeanalysisdocumentation_3_3_4_all_warnaserror.globalconfig will be ignored.
Assets/Packages/Microsoft.CodeAnalysis.Analyzers.3.11.0/buildTransitive/config already contains a globalconfig file: Assets/Packages/Microsoft.CodeAnalysis.Analyzers.3.11.0/buildTransitive/config/analysislevellibrary_3_3_4_minimum_warnaserror.globalconfig will be ignored.
Assets/Packages/Microsoft.CodeAnalysis.Analyzers.3.11.0/buildTransitive/config already contains a globalconfig file: Assets/Packages/Microsoft.CodeAnalysis.Analyzers.3.11.0/buildTransitive/config/analysislevelmicrosoftcodeanalysislocalization_2_9_8_minimum.globalconfig will be ignored.
Assets/Packages/Microsoft.CodeAnalysis.Analyzers.3.11.0/buildTransitive/config already contains a globalconfig file: Assets/Packages/Microsoft.CodeAnalysis.Analyzers.3.11.0/buildTransitive/config/analysislevelmicrosoftcodeanalysiscorrectness_3_minimum_warnaserror.globalconfig will be ignored.
Assets/Packages/Microsoft.CodeAnalysis.Analyzers.3.11.0/buildTransitive/config already contains a globalconfig file: Assets/Packages/Microsoft.CodeAnalysis.Analyzers.3.11.0/buildTransitive/config/analysislevelmicrosoftcodeanalysislocalization_3_none.globalconfig will be ignored.
Assets/Packages/Microsoft.CodeAnalysis.Analyzers.3.11.0/buildTransitive/config already contains a globalconfig file: Assets/Packages/Microsoft.CodeAnalysis.Analyzers.3.11.0/buildTransitive/config/analysislevellibrary_3_3_3_minimum_warnaserror.globalconfig will be ignored.
Begin MonoManager ReloadAssembly
Symbol file LoadedFromMemory is not a mono symbol file
Native extension for Android target not found
Native extension for OSXStandalone target not found
Refreshing native plugins compatible for Editor in 0.76 ms, found 3 plugins.
Preloading 0 native plugins for Editor in 0.00 ms.
Package Manager log level set to [2]
[Package Manager] Server::EnsureServerProcessIsRunning -- launch failed, reason: Unity was launched with the -noUpm command-line argument
[Package Manager] Cannot connect to Unity Package Manager local server
Mono: successfully reloaded assembly
- Completed reload, in  2.998 seconds
Domain Reload Profiling:
	ReloadAssembly (3000ms)
		BeginReloadAssembly (203ms)
			ExecutionOrderSort (0ms)
			DisableScriptedObjects (28ms)
			BackupInstance (0ms)
			ReleaseScriptingObjects (0ms)
			CreateAndSetChildDomain (22ms)
		EndReloadAssembly (2610ms)
			LoadAssemblies (208ms)
			RebuildTransferFunctionScriptingTraits (0ms)
			SetupTypeCache (366ms)
			ReleaseScriptCaches (1ms)
			RebuildScriptCaches (39ms)
			SetupLoadedEditorAssemblies (1845ms)
				LogAssemblyErrors (0ms)
				InitializePlatformSupportModulesInManaged (34ms)
				SetLoadedEditorAssemblies (1ms)
				RefreshPlugins (1ms)
				BeforeProcessingInitializeOnLoad (84ms)
				ProcessInitializeOnLoadAttributes (1640ms)
				ProcessInitializeOnLoadMethodAttributes (85ms)
				AfterProcessingInitializeOnLoad (1ms)
				EditorAssembliesLoaded (0ms)
			ExecutionOrderSort2 (0ms)
			AwakeInstancesAfterBackupRestoration (7ms)
Platform modules already initialized, skipping
========================================================================
Worker process is ready to serve import requests
Launching external process: /Applications/Unity/Hub/Editor/2021.3.45f2/Unity.app/Contents/Tools/UnityShaderCompiler
Launched and connected shader compiler UnityShaderCompiler after 0.06 seconds
Refreshing native plugins compatible for Editor in 0.57 ms, found 3 plugins.
Preloading 0 native plugins for Editor in 0.00 ms.
Unloading 3940 Unused Serialized files (Serialized files now loaded: 0)
Unloading 711 unused Assets / (88.9 KB). Loaded Objects now: 3714.
Memory consumption went from 125.8 MB to 125.7 MB.
Total: 2.728167 ms (FindLiveObjects: 0.189541 ms CreateObjectMapping: 0.052667 ms MarkObjects: 2.294000 ms  DeleteObjects: 0.191250 ms)

AssetImportParameters requested are different than current active one (requested -> active):
  custom:video-decoder-ogg-theora: a1e56fd34408186e4bbccfd4996cb3dc -> 
  custom:container-muxer-webm: aa71ff27fc2769a1b78a27578f13a17b -> 
  custom:container-demuxer-webm: 4f35f7cbe854078d1ac9338744f61a02 -> 
  custom:video-encoder-webm-vp8: eb34c28f22e8b96e1ab97ce403110664 -> 
  custom:framework-osx-AVFoundation: e770b220cccbd017edd2c1fefb359320 -> 
  custom:CustomObjectIndexerAttribute: bc11b3a6c3213fcdd17b65e7da85e133 -> 
  custom:audio-encoder-webm-vorbis: bf7c407c2cedff20999df2af8eb42d56 -> 
  custom:SearchIndexIgnoredProperties: e643bd26f0fe6173181afceb89e7c659 -> 
  custom:container-demuxer-ogg: 62fdf1f143b41e24485cea50d1cbac27 -> 
  custom:video-decoder-webm-vp8: 9c59270c3fd7afecdb556c50c9e8de78 -> 
  custom:audio-decoder-ogg-vorbis: bf7c407c2cedff20999df2af8eb42d56 -> 
========================================================================
Received Import Request.
  Time since last request: 959.814857 seconds.
  path: Assets/Test.cs
  artifactKey: Guid(03cfc31cb191b4747b3961035a42985b) Importer(815301076,1909f56bfc062723c751e8b465ee728b)
Number of updated assets reloaded before import = 0
Start importing Assets/Test.cs using Guid(03cfc31cb191b4747b3961035a42985b) Importer(815301076,1909f56bfc062723c751e8b465ee728b)  -> (artifact id: '8d4e20d711b158931e9fd0dc5692b307') in 0.307399 seconds 
Number of asset objects unloaded after import = 0
